,playername,gamesPlayed,groundOuts,airOuts,runs,doubles,triples,homeRuns,strikeOuts,baseOnBalls,intentionalWalks,hits,hitByPitch,avg,atBats,obp,slg,ops,caughtStealing,stolenBases,stolenBasePercentage,groundIntoDoublePlay,numberOfPitches,plateAppearances,totalBases,rbi,leftOnBase,sacBunts,sacFlies,babip,groundOutsToAirouts,catchersInterference,atBatsPerHomeRun,gamesStarted,assists,putOuts,errors,chances,fielding,rangeFactorPerGame,rangeFactorPer9Inn,innings,games,doublePlays,triplePlays,throwingErrors,era,inningsPitched,wins,losses,saves,saveOpportunities,holds,blownSaves,earnedRuns,whip,battersFaced,outs,gamesPitched,completeGames,shutouts,strikes,strikePercentage,hitBatsmen,balks,wildPitches,pickoffs,winPercentage,pitchesPerInning,gamesFinished,strikeoutWalkRatio,strikeoutsPer9Inn,walksPer9Inn,hitsPer9Inn,runsScoredPer9,homeRunsPer9,inheritedRunners,inheritedRunnersScored,passedBall,catcherERA
608324,Alex Bregman,124,106,163,80,34,0,20,64,71,1,119,7,.267,445,.372,.479,.851,1,1,.500,16,2034,530,213,77,203,0,7,.269,0.65,0,22.25,123,202,121,6,329,.982,2.60,2.67,1090.2,124,33,0,3,,,,,,,,,,,,,,,,,,,,,,,,,,,,,,,,,,
656232,Brandon Bielak,4,10,11,4,1,0,1,10,3,0,9,3,.225,40,.326,.325,.651,0,0,.---,0,191,,13,,,0,0,,0.91,0,,0,0,0,0,0,.000,0.00,0.00,10.1,4,0,0,0,3.48,10.1,0,0,0,0,1,0,4,1.16,46,31,4,0,0,117,.610,3,0,1,0,.---,18.48,1,3.33,8.71,2.61,7.84,3.48,0.87,1,0,,
650556,Bryan Abreu,41,35,34,14,7,0,1,68,21,0,36,4,.209,172,.308,.267,.575,1,3,.750,5,817,,46,,,0,1,,1.03,0,,0,6,1,0,7,1.000,0.17,1.34,47.2,41,0,0,0,2.08,47.2,4,0,2,2,3,0,11,1.20,198,143,41,0,0,505,.620,4,0,7,0,1.000,17.14,15,3.24,12.84,3.97,6.80,2.64,0.19,19,8,,
676801,Chas McCormick,1,67,67,36,10,2,12,81,36,0,67,1,.238,281,.326,.416,.742,2,2,.500,5,1233,319,117,37,106,0,1,.291,1.00,0,23.42,1,0,0,0,0,.000,0.00,-.--,0.0,1,0,0,0,,,,,,,,,,,,,,,,,,,,,,,,,,,,,,,,,,
543877,Christian Vazquez,1,11,11,5,0,0,0,6,3,0,14,0,.333,42,.378,.333,.711,3,7,.700,1,174,45,14,5,11,0,0,.389,1.00,0,-.--,0,0,1,0,1,1.000,1.00,9.00,1.0,1,0,0,0,,,,,,,,,,,,,,,,,,,,4,0,,,,,,,,,,,,0,3.73
664299,Cristian Javier,24,50,141,38,17,1,15,150,41,0,75,6,.181,414,.264,.336,.600,2,7,.778,3,2011,,139,,,1,1,,0.35,0,,19,1,2,0,3,1.000,0.13,0.23,115.1,24,0,0,0,2.97,115.1,7,9,0,0,1,0,38,1.01,463,346,24,0,0,1259,.630,6,0,5,0,.438,17.44,0,3.66,11.71,3.20,5.85,2.97,1.17,0,0,,
682073,David Hensley,1,2,1,0,1,0,0,2,0,0,1,0,.167,6,.167,.333,.500,0,0,.---,0,23,6,2,0,2,0,0,.250,2.00,0,-.--,1,0,0,0,0,.000,0.00,-.--,0.0,1,0,0,0,,,,,,,,,,,,,,,,,,,,,,,,,,,,,,,,,,
664285,Framber Valdez,25,236,85,52,19,1,9,150,56,0,127,11,.214,594,.293,.295,.588,0,5,1.000,22,2433,,175,,,2,2,,2.78,0,,25,20,5,1,26,.962,1.00,1.37,164.0,25,0,0,1,2.63,164.0,14,4,0,0,0,0,48,1.12,665,492,25,2,0,1569,.640,11,1,7,0,.778,14.84,0,2.68,8.23,3.07,6.97,2.85,0.49,0,0,,
593576,Hector Neris,57,33,61,22,12,1,2,63,14,0,38,5,.195,195,.266,.297,.563,1,3,.750,4,826,,58,,,0,0,,0.54,0,,0,1,1,0,2,1.000,0.04,0.33,54.1,57,1,0,0,3.48,54.1,4,4,3,6,22,3,21,0.96,214,163,57,0,0,545,.660,5,1,5,0,.500,15.20,22,4.50,10.44,2.32,6.29,3.64,0.33,6,1,,
656695,J.J. Matijevic,9,16,11,7,2,0,2,21,2,0,11,2,.186,59,.238,.322,.560,0,1,1.000,1,233,63,19,4,31,0,0,.250,1.45,0,29.50,6,0,0,0,0,.000,0.00,-.--,0.0,9,0,0,0,,,,,,,,,,,,,,,,,,,,,,,,,,,,,,,,,,
665161,Jeremy Pena,104,111,90,53,16,1,16,107,19,0,99,5,.246,402,.285,.410,.695,2,7,.778,3,1552,432,165,45,157,0,5,.292,1.23,1,25.12,103,286,123,14,423,.967,3.93,4.04,911.1,104,56,0,7,,,,,,,,,,,,,,,,,,,,,,,,,,,,,,,,,,
514888,Jose Altuve,2,108,124,74,30,0,22,72,50,1,120,8,.284,423,.369,.511,.880,1,12,.923,12,1851,482,216,46,108,0,1,.297,0.87,0,19.23,2,0,0,0,0,.000,0.00,-.--,0.0,2,0,0,0,,,,,,,,,,,,,,,,,,,,,,,,,,,,,,,,,,
664353,Jose Urquidy,24,111,188,59,29,0,23,109,31,0,128,6,.241,531,.288,.426,.714,3,6,.667,8,2210,,226,,,0,5,,0.59,0,,24,8,4,0,12,1.000,0.50,0.78,139.0,24,1,0,0,3.69,139.0,12,5,0,0,0,0,57,1.14,573,417,24,0,0,1504,.680,6,0,5,0,.706,15.90,0,3.52,7.06,2.01,8.29,3.82,1.49,0,0,,
663656,Kyle Tucker,3,95,149,57,24,1,22,75,51,2,112,0,.261,429,.338,.476,.814,2,19,.905,7,1828,484,204,82,188,0,2,.269,0.64,2,19.50,3,0,0,0,0,.000,0.00,-.--,0.0,3,0,0,0,,,,,,,,,,,,,,,,,,,,,,,,,,,,,,,,,,
621121,McCullers Jr.,3,17,14,3,3,0,1,13,10,0,13,0,.228,57,.343,.333,.676,1,1,.500,3,262,,19,,,0,0,,1.21,0,,3,0,1,0,1,1.000,0.33,0.56,16.0,3,0,0,0,1.69,16.0,1,1,0,0,0,0,3,1.44,67,48,3,0,0,151,.580,0,0,0,0,.500,16.38,0,1.30,7.31,5.63,7.31,1.69,0.56,0,0,,
671277,Luis Garcia,59,75,49,19,13,2,5,51,4,0,69,1,.288,240,.298,.421,.719,4,2,.333,3,887,249,101,27,103,1,3,.342,1.53,0,48.00,58,128,69,13,210,.938,3.34,3.52,503.1,59,27,0,10,,,,,,,,,,,,,,,,,,,,,,,,,,,,,,,,,,
455117,Martin Maldonado,94,71,71,31,12,0,12,98,20,0,51,6,.178,286,.245,.346,.591,11,31,.738,4,1253,317,99,37,144,3,2,.219,1.00,0,23.83,91,32,822,1,855,.999,9.09,9.73,790.2,94,3,0,1,,,,,,,,,,,,,,,,,,,,26,1,,,,,,,,,,,,8,3.04
643289,Mauricio Dubon,1,10,23,10,1,0,2,4,1,0,11,0,.239,46,.245,.391,.636,0,0,.---,0,149,49,18,8,32,0,2,.214,0.43,0,23.00,0,0,0,0,0,.000,0.00,-.--,0.0,1,0,0,0,,,,,,,,,,,,,,,,,,,,,,,,,,,,,,,,,,
664208,Phil Maton,53,43,51,30,7,1,8,54,19,1,49,7,.254,193,.338,.425,.763,1,1,.500,6,875,,82,,,1,3,,0.84,0,,0,5,1,1,7,.857,0.11,1.06,51.0,53,1,0,1,4.24,51.0,0,2,0,2,11,2,24,1.33,223,153,53,0,0,558,.640,7,0,0,0,.000,17.16,6,2.84,9.53,3.35,8.65,5.29,1.41,22,5,,
606160,Rafael Montero,56,57,41,19,7,1,2,57,21,2,41,2,.210,195,.294,.287,.581,0,7,1.000,8,881,,56,,,1,0,,1.39,0,,0,4,2,1,7,.857,0.11,1.02,53.2,56,0,0,1,2.68,53.2,4,2,9,11,18,2,16,1.16,219,161,56,0,0,559,.630,2,0,1,0,.667,16.42,19,2.71,9.56,3.52,6.88,3.19,0.34,19,4,,
592773,Ryne Stanek,47,30,46,7,6,0,2,48,27,1,30,0,.197,152,.315,.276,.591,2,4,.667,4,710,,42,,,0,2,,0.65,0,,0,1,0,0,1,1.000,0.02,0.21,43.1,47,0,0,0,1.25,43.1,2,1,1,4,13,3,6,1.32,181,130,47,0,0,431,.610,0,0,4,0,.667,16.38,10,1.78,9.97,5.61,6.23,1.45,0.42,21,9,,
661527,Seth Martinez,25,30,40,10,2,0,3,33,13,1,23,1,.184,125,.266,.272,.538,1,1,.500,3,523,,34,,,1,0,,0.75,0,,0,5,1,0,6,1.000,0.24,1.54,35.0,25,1,0,0,2.31,35.0,0,1,0,0,3,0,9,1.03,140,105,25,0,0,345,.660,1,0,0,0,.000,14.94,6,2.54,8.49,3.34,5.91,2.57,0.77,11,0,,
641820,Trey Mancini,12,15,20,9,2,0,6,24,4,0,15,0,.205,73,.244,.479,.723,0,0,.---,1,308,78,35,16,33,0,1,.205,0.75,0,12.17,11,0,0,0,0,.000,0.00,-.--,0.0,12,0,0,0,,,,,,,,,,,,,,,,,,,,,,,,,,,,,,,,,,
669257,Will Smith,19,83,140,55,22,1,19,73,49,3,107,7,.268,399,.355,.471,.826,9,38,.809,8,1904,459,188,75,188,0,4,.283,0.59,0,21.00,18,0,0,0,0,.000,0.00,-.--,0.0,19,0,0,0,,,,,,,,,,,,,,,,,,,,28,1,,,,,,,,,,,,4,2.65
670541,Yordan Alvarez,64,100,84,78,17,2,31,88,64,7,111,5,.294,377,.398,.597,.995,1,1,.500,11,1794,452,225,80,182,0,6,.303,1.19,0,12.16,64,0,0,0,0,.000,0.00,-.--,0.0,64,0,0,0,,,,,,,,,,,,,,,,,,,,,,,,,,,,,,,,,,
493329,Yuli Gurriel,1,116,158,46,34,0,7,60,26,0,106,6,.243,437,.292,.368,.660,0,8,1.000,13,1723,472,161,40,212,0,3,.265,0.73,0,62.43,1,0,0,0,0,.000,0.00,-.--,0.0,1,0,0,0,,,,,,,,,,,,,,,,,,,,,,,,,,,,,,,,,,
676265,,8,15,37,13,6,0,6,23,12,0,18,2,.194,93,.299,.452,.751,0,2,1.000,0,416,,42,,,0,0,,0.41,0,,4,1,0,0,1,1.000,0.13,0.38,24.2,8,0,0,0,4.74,24.2,0,2,0,0,0,0,13,1.22,107,74,8,0,0,263,.630,2,0,1,0,.000,16.86,4,1.92,8.39,4.38,6.57,4.74,2.19,2,0,,
647351,Abraham Toro,21,76,96,31,11,1,8,48,20,1,48,1,.181,265,.239,.321,.560,0,1,1.000,3,1086,289,85,26,108,0,3,.189,0.79,0,33.12,18,0,0,0,0,.000,0.00,-.--,0.0,21,0,0,0,,,,,,,,,,,,,,,,,,,,,,,,,,,,,,,,,,
624428,Adam Frazier,8,137,154,54,19,2,3,59,41,1,110,4,.244,451,.309,.315,.624,4,8,.667,11,1830,505,142,33,178,4,5,.272,0.89,0,150.33,7,0,0,0,0,.000,0.00,-.--,0.0,8,0,0,0,,,,,,,,,,,,,,,,,,,,,,,,,,,,,,,,,,
662253,Andres Munoz,51,35,31,19,4,0,5,82,14,3,36,3,.198,182,.264,.302,.566,1,5,.833,4,857,,55,,,0,2,,1.13,0,,0,3,3,0,6,1.000,0.12,1.04,52.0,51,0,0,0,2.94,52.0,2,5,3,6,18,3,17,0.96,201,156,51,0,0,581,.680,3,0,4,0,.286,16.48,9,5.86,14.19,2.42,6.23,3.29,0.87,19,2,,
663728,Cal Raleigh,94,47,95,33,17,1,19,98,29,0,60,2,.203,296,.275,.459,.734,21,43,.672,5,1292,331,136,45,149,0,4,.224,0.49,1,15.58,81,22,746,5,773,.994,8.17,9.22,750.0,94,3,0,3,,,,,,,,,,,,,,,,,,,,20,0,,,,,,,,,,,,3,3.24
467793,Carlos Santana,24,40,57,19,5,0,8,31,23,1,28,2,.182,154,.293,.370,.663,0,0,.---,6,748,181,57,22,65,0,2,.171,0.70,0,19.25,23,0,0,0,0,.000,0.00,-.--,0.0,24,0,0,0,,,,,,,,,,,,,,,,,,,,,,,,,,,,,,,,,,
623167,Chris Flexen,24,101,176,55,25,3,16,86,47,2,123,2,.255,482,.322,.419,.741,0,4,1.000,6,2000,,202,,,1,3,,0.57,0,,21,8,6,0,14,1.000,0.58,1.02,124.0,24,1,0,0,3.92,124.0,7,9,1,1,0,0,54,1.37,535,372,24,0,0,1232,.620,2,0,6,0,.438,16.13,3,1.83,6.24,3.41,8.93,3.99,1.16,0,0,,
592200,Curt Casali,1,20,29,13,3,0,4,36,15,0,25,1,.231,108,.325,.370,.695,3,13,.813,1,566,126,40,14,55,0,2,.300,0.69,1,27.00,1,0,0,0,0,.000,0.00,-.--,0.0,1,0,0,0,,,,,,,,,,,,,,,,,,,,8,0,,,,,,,,,,,,1,3.26
660636,Diego Castillo,2,3,1,8,0,0,1,1,3,0,6,1,.545,11,.667,.818,1.485,0,0,.---,1,60,257,9,25,88,0,0,.235,3.00,0,23.90,0,0,32,1,33,.970,1.78,2.44,118.1,18,0,0,0,36.00,2.0,0,0,0,0,0,0,8,4.50,15,6,2,0,0,26,.430,1,0,0,0,.---,30.00,2,0.33,4.50,13.50,27.00,36.00,4.50,0,0,,
657024,Erik Swanson,44,26,45,4,6,0,2,52,7,1,29,1,.193,150,.234,.273,.507,1,1,.500,1,691,,41,,,2,0,,0.58,0,,1,2,2,0,4,1.000,0.09,0.86,42.0,44,0,0,0,0.86,42.0,2,0,3,4,10,1,4,0.86,160,126,44,0,0,479,.690,1,0,1,1,1.000,16.45,8,7.43,11.14,1.50,6.21,0.86,0.43,8,1,,
553993,Eugenio Suarez,16,77,108,63,22,2,24,173,66,0,105,8,.229,459,.333,.442,.775,0,0,.---,10,2234,537,203,73,189,0,4,.305,0.71,0,19.12,15,0,0,0,0,.000,0.00,-.--,0.0,16,0,0,0,,,,,,,,,,,,,,,,,,,,,,,,,,,,,,,,,,
669923,George Kirby,19,88,108,40,17,1,12,107,14,0,107,5,.264,406,.294,.399,.693,3,8,.727,5,1634,,162,,,1,3,,0.81,0,,19,7,5,0,12,1.000,0.63,1.06,102.2,19,0,0,0,3.16,102.2,6,3,0,0,0,0,36,1.18,429,308,19,0,0,1122,.690,5,0,3,1,.667,15.92,0,7.64,9.38,1.23,9.38,3.51,1.05,0,0,,
641487,J.P. Crawford,115,126,138,50,21,2,5,59,47,0,109,6,.256,425,.335,.351,.686,2,3,.600,7,1924,485,149,33,163,2,5,.284,0.91,0,85.00,115,263,129,11,403,.973,3.41,3.52,1002.0,115,57,0,6,,,,,,,,,,,,,,,,,,,,,,,,,,,,,,,,,,
571875,Jake Lamb,3,2,8,2,1,0,1,6,2,0,4,0,.200,20,.273,.400,.673,0,0,.---,0,99,22,8,2,8,0,0,.231,0.25,0,20.00,2,0,4,0,4,1.000,1.33,2.40,15.0,3,0,0,0,,,,,,,,,,,,,,,,,,,,,,,,,,,,,,,,,,
608385,Jesse Winker,11,98,129,43,14,0,13,88,71,1,90,1,.224,402,.340,.356,.696,0,0,.---,8,1945,477,143,48,169,0,3,.253,0.76,0,30.92,10,0,0,0,0,.000,0.00,-.--,0.0,11,0,0,0,,,,,,,,,,,,,,,,,,,,,,,,,,,,,,,,,,
677594,Julio Rodriguez,111,95,99,66,21,3,21,127,32,4,116,7,.266,436,.326,.472,.798,6,23,.793,6,1789,476,206,65,157,0,1,.329,0.96,0,20.76,111,3,317,3,323,.991,2.88,2.96,972.2,111,0,0,1,,,,,,,,,,,,,,,,,,,,,,,,,,,,,,,,,,
669302,Logan Gilbert,26,127,175,63,35,2,17,133,41,2,145,4,.253,574,.305,.409,.714,4,6,.600,10,2448,,235,,,3,3,,0.73,0,,26,12,13,1,26,.962,0.96,1.51,149.2,26,1,0,1,3.49,149.2,10,5,0,0,0,0,58,1.24,625,449,26,0,0,1589,.650,4,0,4,0,.667,16.36,0,3.24,8.00,2.47,8.72,3.79,1.02,0,0,,
622379,Luis Castillo,2,4,2,0,0,0,0,1,0,0,2,0,.222,9,.222,.222,.444,0,0,.---,0,37,,2,,,0,0,,2.00,0,,0,0,0,0,0,.000,0.00,0.00,2.0,2,0,0,0,0.00,2.0,0,0,0,0,0,0,0,1.00,9,6,2,0,0,23,.620,0,0,0,0,.---,18.50,1,-.--,4.50,0.00,9.00,0.00,0.00,0,0,,
594835,Marco Gonzales,25,154,173,73,39,0,21,79,43,1,152,5,.277,549,.332,.463,.795,2,8,.800,14,2207,,254,,,3,6,,0.89,0,,25,7,7,0,14,1.000,0.56,0.90,140.2,25,1,0,0,3.97,140.2,9,12,0,0,0,0,62,1.39,606,422,25,0,0,1440,.650,5,0,0,1,.429,15.69,0,1.84,5.05,2.75,9.73,4.67,1.34,0,0,,
666374,Matt Brash,23,35,24,21,3,0,3,43,24,1,39,1,.277,141,.386,.362,.748,2,0,.000,6,696,0,51,0,0,0,0,.---,1.46,0,-.--,5,2,2,0,4,1.000,0.17,0.97,37.1,23,1,0,0,5.06,37.1,3,4,0,0,5,0,21,1.69,166,112,23,0,0,432,.620,1,0,3,0,.429,18.64,1,1.79,10.37,5.79,9.40,5.06,0.72,10,0,,
670036,Matthew Festa,41,24,42,17,6,2,6,51,12,0,30,2,.205,146,.275,.397,.672,0,4,1.000,2,663,,58,,,1,0,,0.57,0,,0,3,3,0,6,1.000,0.15,1.35,40.0,41,1,0,0,3.60,40.0,2,0,2,3,6,1,16,1.05,161,120,41,0,0,440,.660,2,0,1,0,1.000,16.58,11,4.25,11.48,2.70,6.75,3.83,1.35,11,6,,
571745,Mitch Haniger,9,27,34,17,3,0,7,27,9,1,31,0,.261,119,.313,.462,.775,0,0,.---,4,504,128,55,19,44,0,0,.282,0.79,0,17.00,9,0,0,0,0,.000,0.00,-.--,0.0,9,0,0,0,,,,,,,,,,,,,,,,,,,,,,,,,,,,,,,,,,
623149,Paul Sewald,53,37,60,16,4,0,7,59,13,3,22,3,.125,176,.197,.267,.464,2,3,.600,0,794,0,47,0,0,1,1,.---,0.62,0,-.--,0,11,3,0,14,1.000,0.26,2.42,52.2,53,0,0,0,2.56,52.2,3,4,16,19,6,3,15,0.66,194,158,53,0,0,524,.660,3,0,1,0,.429,15.08,30,4.54,10.08,2.22,3.76,2.73,1.20,13,4,,
682171,Penn Murfee,49,39,62,16,6,1,5,58,13,1,34,1,.178,191,.232,.298,.530,0,2,1.000,3,761,0,57,0,0,0,2,.---,0.63,0,-.--,1,2,2,0,4,1.000,0.08,0.67,54.0,49,0,0,0,2.67,54.0,4,0,0,0,5,0,16,0.87,207,162,49,0,0,524,.690,1,0,2,0,1.000,14.09,10,4.46,9.67,2.17,5.67,2.67,0.83,21,4,,
592662,Robbie Ray,26,129,138,63,25,5,24,180,53,0,124,5,.218,570,.289,.405,.694,7,13,.650,11,2487,,231,,,0,1,,0.93,0,,26,15,5,0,20,1.000,0.77,1.16,155.2,26,1,0,0,3.58,155.2,11,8,0,0,0,0,62,1.14,629,467,26,0,0,1595,.640,5,0,5,5,.579,15.98,0,3.40,10.41,3.06,7.17,3.64,1.39,0,0,,
664059,Sam Haggerty,6,27,25,22,7,1,4,34,6,2,36,3,.300,120,.346,.475,.821,1,10,.909,2,459,131,57,15,56,1,1,.386,1.08,0,30.00,0,0,0,0,0,.000,0.00,-.--,0.0,6,0,0,0,,,,,,,,,,,,,,,,,,,,,,,,,,,,,,,,,,
664034,Ty France,6,126,111,48,19,0,16,72,29,3,120,17,.282,425,.349,.440,.789,0,0,.---,11,1729,476,187,65,148,0,4,.305,1.14,1,26.56,6,0,0,0,0,.000,0.00,-.--,0.0,6,0,0,0,,,,,,,,,,,,,,,,,,,,,,,,,,,,,,,,,,
676265,,8,15,37,13,6,0,6,23,12,0,18,2,.194,93,.299,.452,.751,0,2,1.000,0,416,,42,,,0,0,,0.41,0,,4,1,0,0,1,1.000,0.13,0.38,24.2,8,0,0,0,4.74,24.2,0,2,0,0,0,0,13,1.22,107,74,8,0,0,263,.630,2,0,1,0,.000,16.86,4,1.92,8.39,4.38,6.57,4.74,2.19,2,0,,
669935,A.J. Alexy,2,5,3,3,0,0,0,3,4,0,4,0,.267,15,.421,.267,.688,0,0,.---,2,69,,4,,,0,0,,1.67,0,,0,0,0,0,0,.000,0.00,0.00,4.1,2,0,0,0,6.23,4.1,1,0,0,0,0,0,3,1.85,19,13,2,0,0,36,.520,0,0,0,0,1.000,15.92,0,0.75,6.23,8.31,8.31,6.23,0.00,0,0,,
666969,Adolis Garcia,9,97,122,72,25,4,21,150,31,1,127,4,.258,492,.305,.453,.758,3,22,.880,6,2030,531,223,80,206,0,4,.326,0.80,0,23.43,9,0,0,0,0,.000,0.00,-.--,0.0,9,0,0,0,,,,,,,,,,,,,,,,,,,,,,,,,,,,,,,,,,
543543,Brad Miller,22,44,62,20,3,0,7,69,18,0,47,0,.213,221,.271,.321,.592,2,4,.667,3,910,240,71,32,90,0,1,.274,0.71,0,31.57,22,0,0,0,0,.000,0.00,-.--,0.0,22,0,0,0,,,,,,,,,,,,,,,,,,,,,,,,,,,,,,,,,,
656685,Brett Martin,49,60,33,21,12,0,4,33,14,3,43,0,.257,167,.313,.401,.714,0,2,1.000,7,635,0,67,0,0,1,1,.---,1.82,0,-.--,1,7,3,0,10,1.000,0.20,2.05,44.0,49,2,0,0,3.68,44.0,1,7,3,6,6,3,18,1.30,183,132,49,0,0,423,.670,0,0,6,0,.125,14.43,17,2.36,6.75,2.86,8.80,4.30,0.82,29,10,,
656271,Brock Burke,43,54,70,17,13,0,6,73,18,0,50,1,.204,245,.261,.331,.592,1,2,.667,6,1077,,81,,,2,0,,0.77,0,,0,4,1,0,5,1.000,0.12,0.67,67.2,43,0,0,0,1.60,67.2,6,3,0,4,8,4,12,1.00,266,203,43,0,0,695,.650,1,0,2,0,.667,15.92,4,4.06,9.71,2.39,6.65,2.26,0.80,10,2,,
669352,Bubba Thompson,1,15,13,7,1,0,1,23,3,0,19,2,.275,69,.324,.333,.657,0,8,1.000,0,288,75,23,7,30,1,0,.400,1.15,0,69.00,1,0,0,0,0,.000,0.00,0.00,8.0,1,0,0,0,,,,,,,,,,,,,,,,,,,,,,,,,,,,,,,,,,
518586,Charlie Culberson,1,1,2,0,0,0,0,0,0,0,0,0,.000,3,.000,.000,.000,0,0,.---,0,11,115,0,11,40,0,0,.355,0.50,0,106.00,0,0,0,0,0,.000,0.00,-.--,0.0,8,0,0,0,0.00,1.0,0,0,0,0,0,0,0,0.00,3,3,1,0,0,6,.550,0,0,0,0,.---,11.00,1,-.--,0.00,0.00,0.00,0.00,0.00,0,0,,
608369,Corey Seager,7,137,142,74,17,1,28,80,51,7,121,6,.255,475,.331,.472,.803,0,3,1.000,9,1842,537,224,67,160,0,5,.250,0.96,0,16.96,7,0,0,0,0,.000,0.00,-.--,0.0,7,0,0,0,,,,,,,,,,,,,,,,,,,,,,,,,,,,,,,,,,
572971,Dallas Keuchel,8,43,32,33,8,0,6,20,20,2,49,0,.343,143,.421,.524,.945,1,0,.000,4,612,,75,,,0,1,,1.34,0,,8,3,2,0,5,1.000,0.63,1.41,32.0,8,1,0,0,7.88,32.0,2,5,0,0,0,0,28,2.16,164,96,8,0,0,363,.590,0,0,3,0,.286,19.13,0,1.00,5.63,5.63,13.78,9.28,1.69,0,0,,
641540,Dane Dunning,25,166,103,66,33,2,15,117,53,0,134,10,.262,512,.338,.422,.760,3,6,.667,11,2186,,216,,,0,8,,1.61,1,,25,14,5,0,19,1.000,0.76,1.28,134.0,25,1,0,0,4.16,134.0,3,7,0,0,0,0,62,1.40,584,402,25,0,0,1370,.630,10,0,6,0,.300,16.31,0,2.21,7.86,3.56,9.00,4.43,1.01,0,0,,
642701,Dennis Santana,48,51,41,32,9,0,1,36,19,1,39,2,.239,163,.319,.313,.632,0,0,.---,4,719,,51,,,0,4,,1.24,0,,0,6,1,1,8,.875,0.15,1.50,42.2,48,1,0,1,5.70,42.2,3,6,1,3,17,2,27,1.36,188,128,48,0,0,448,.620,2,0,3,1,.333,16.85,8,1.89,7.59,4.01,8.23,6.75,0.21,32,8,,
677649,Ezequiel Duran,1,44,47,24,9,1,5,46,12,0,44,0,.243,181,.290,.387,.677,1,4,.800,3,697,193,70,23,85,0,0,.300,0.94,0,36.20,1,0,0,0,0,.000,0.00,-.--,0.0,1,0,0,0,,,,,,,,,,,,,,,,,,,,,,,,,,,,,,,,,,
657248,Glenn Otto,20,106,107,56,11,1,13,74,54,0,85,11,.232,367,.344,.373,.717,2,13,.867,10,1673,,137,,,1,4,,0.99,0,,20,7,6,1,14,.929,0.65,1.18,99.2,20,0,0,1,4.79,99.2,6,8,0,0,0,0,53,1.39,437,299,20,0,0,1008,.600,11,0,4,0,.429,16.79,0,1.37,6.68,4.88,7.68,5.06,1.17,0,0,,
641680,Jonah Heim,6,81,104,46,20,1,13,73,38,0,80,1,.238,336,.316,.420,.736,10,47,.825,9,1482,377,141,43,146,0,2,.266,0.78,0,25.85,3,0,0,0,0,.000,0.00,-.--,0.0,6,0,0,0,,,,,,,,,,,,,,,,,,,,37,0,,,,,,,,,,,,2,3.69
642546,Jonathan Hernandez,15,26,7,6,3,0,0,13,5,0,13,1,.220,59,.292,.271,.563,2,0,.000,1,250,,16,,,0,0,,3.71,0,,0,0,1,1,2,.500,0.07,0.56,16.0,15,0,0,0,1.69,16.0,1,0,4,4,1,0,3,1.13,65,48,15,0,0,150,.600,1,1,2,0,1.000,15.63,12,2.60,7.31,2.81,7.31,3.38,0.00,0,0,,
600917,Jose Leclerc,27,23,45,13,8,0,5,38,13,0,24,2,.186,129,.269,.364,.633,0,1,1.000,2,561,,47,,,0,1,,0.51,0,,0,1,1,0,2,1.000,0.07,0.50,36.0,27,0,0,0,3.25,36.0,0,1,2,2,3,0,13,1.03,145,108,27,0,0,343,.610,2,0,2,0,.000,15.58,10,2.92,9.50,3.25,6.00,3.25,1.25,16,8,,
685503,Kohei Arihara,3,21,9,9,4,0,2,12,5,0,20,3,.323,62,.400,.484,.884,0,0,.---,3,250,,30,,,0,0,,2.33,0,,3,1,1,0,2,1.000,0.67,1.20,15.0,3,0,0,0,5.40,15.0,1,2,0,0,0,0,9,1.67,70,45,3,0,0,156,.620,3,0,0,0,.333,16.67,0,2.40,7.20,3.00,12.00,5.40,1.20,0,0,,
594777,Kole Calhoun,10,71,88,36,14,1,12,110,22,0,70,5,.208,337,.265,.362,.627,2,2,.500,6,1444,366,122,45,148,0,2,.267,0.81,0,28.08,7,0,0,0,0,.000,0.00,-.--,0.0,10,0,0,0,,,,,,,,,,,,,,,,,,,,,,,,,,,,,,,,,,
665750,Leody Taveras,2,41,55,29,13,2,3,59,15,0,64,1,.296,216,.340,.417,.757,4,8,.667,2,847,235,90,29,88,0,3,.389,0.75,0,72.00,1,0,0,0,0,.000,0.00,-.--,0.0,2,0,0,0,,,,,,,,,,,,,,,,,,,,,,,,,,,,,,,,,,
543760,Marcus Semien,17,113,197,76,20,4,20,92,44,0,123,3,.238,516,.297,.409,.706,4,19,.826,6,2200,572,211,64,185,0,9,.249,0.57,0,25.80,13,43,24,2,69,.971,3.94,4.71,128.0,17,7,0,0,,,,,,,,,,,,,,,,,,,,,,,,,,,,,,,,,,
664029,Mark Mathias,6,5,6,2,0,0,1,4,0,0,2,0,.125,16,.118,.313,.431,0,1,1.000,0,63,17,5,4,6,0,1,.083,0.83,0,16.00,5,10,10,0,20,1.000,3.33,4.62,39.0,6,1,0,0,,,,,,,,,,,,,,,,,,,,,,,,,,,,,,,,,,
527048,Martin Perez,25,177,133,53,29,0,11,139,50,0,133,5,.231,577,.297,.338,.635,1,10,.909,13,2325,,195,,,3,2,,1.33,0,,25,15,4,2,21,.905,0.76,1.11,154.0,25,0,0,2,2.69,154.0,10,4,0,0,0,0,46,1.19,637,462,25,1,1,1472,.630,5,2,6,1,.714,15.10,0,2.78,8.12,2.92,7.77,3.10,0.64,0,0,,
519043,Matt Moore,48,54,55,17,5,3,2,66,32,2,40,1,.189,212,.294,.269,.563,2,7,.778,5,1024,,57,,,0,3,,0.98,0,,0,2,1,0,3,1.000,0.06,0.45,60.0,48,0,0,0,1.95,60.0,4,2,3,4,7,1,13,1.20,248,180,48,0,0,660,.640,1,0,6,1,.667,17.07,13,2.06,9.90,4.80,6.00,2.55,0.30,17,7,,
650619,Meibrys Viloria,3,12,10,10,1,0,2,26,11,0,10,0,.175,57,.304,.298,.602,7,7,.500,0,321,69,17,5,19,0,1,.267,1.20,1,28.50,1,0,0,0,0,.000,0.00,-.--,0.0,3,0,0,0,,,,,,,,,,,,,,,,,,,,7,0,,,,,,,,,,,,1,4.70
663993,Nathaniel Lowe,3,120,94,60,20,3,22,116,33,2,140,2,.298,470,.347,.494,.841,2,2,.500,9,1963,505,232,65,184,0,0,.355,1.28,0,21.36,3,0,0,0,0,.000,0.00,-.--,0.0,3,0,0,0,,,,,,,,,,,,,,,,,,,,,,,,,,,,,,,,,,
621368,Taylor Hearn,24,72,95,52,24,1,10,84,40,0,90,3,.265,339,.346,.431,.777,2,3,.600,3,1521,,146,,,0,2,,0.76,0,,13,3,2,1,6,.833,0.21,0.53,85.1,24,0,0,1,5.17,85.1,5,7,1,1,1,0,49,1.52,384,256,24,0,0,961,.630,3,0,3,1,.417,17.82,2,2.10,8.86,4.22,9.49,5.48,1.05,3,0,,
676265,,8,15,37,13,6,0,6,23,12,0,18,2,.194,93,.299,.452,.751,0,2,1.000,0,416,,42,,,0,0,,0.41,0,,4,1,0,0,1,1.000,0.13,0.38,24.2,8,0,0,0,4.74,24.2,0,2,0,0,0,0,13,1.22,107,74,8,0,0,263,.630,2,0,1,0,.000,16.86,4,1.92,8.39,4.38,6.57,4.74,2.19,2,0,,
571901,Aaron Loup,51,52,44,34,11,0,4,48,18,2,43,6,.230,187,.318,.353,.671,1,5,.833,2,802,,66,,,0,0,,1.18,0,,0,7,0,0,7,1.000,0.14,1.37,46.2,51,0,0,0,4.05,46.2,0,4,0,3,13,3,21,1.31,211,140,51,0,0,522,.650,6,0,0,0,.000,17.19,5,2.67,9.26,3.47,8.29,6.56,0.77,25,6,,
623205,Andrew Velazquez,114,75,65,35,8,0,8,109,13,0,58,3,.195,298,.233,.302,.535,1,13,.929,3,1206,323,90,26,129,6,3,.272,1.15,0,37.25,92,248,97,8,353,.977,3.03,3.71,836.0,114,40,0,6,,,,,,,,,,,,,,,,,,,,,,,,,,,,,,,,,,
681806,Andrew Wantz,31,24,49,13,3,0,5,33,14,0,27,2,.205,132,.289,.341,.630,1,2,.667,4,615,,45,,,0,1,,0.49,0,,1,3,2,0,5,1.000,0.16,1.22,37.0,31,0,0,0,2.92,37.0,2,0,0,0,3,0,12,1.11,149,111,31,0,0,383,.620,2,1,1,0,1.000,16.62,6,2.36,8.03,3.41,6.57,3.16,1.22,13,2,,
664058,David Fletcher,26,43,58,17,7,1,2,11,7,0,41,2,.272,151,.313,.371,.684,0,1,1.000,4,519,162,56,15,42,2,0,.283,0.74,0,75.50,16,50,12,0,62,1.000,2.38,3.85,145.1,26,9,0,0,,,,,,,,,,,,,,,,,,,,,,,,,,,,,,,,,,
642545,Jaime Barria,27,72,84,26,10,3,9,47,18,0,52,2,.207,251,.265,.378,.643,0,2,1.000,9,980,,95,,,3,1,,0.86,0,,1,9,2,0,11,1.000,0.41,1.43,69.2,27,0,0,0,2.58,69.2,2,3,0,2,2,2,20,1.00,275,209,27,0,0,652,.670,2,0,3,1,.400,14.07,19,2.61,6.07,2.33,6.72,3.36,1.16,15,7,,
623474,Jimmy Herget,35,45,58,17,13,0,4,50,10,1,38,2,.201,189,.248,.333,.581,0,3,1.000,2,772,,63,,,1,1,,0.78,0,,1,4,4,0,8,1.000,0.23,1.38,52.1,35,0,0,0,2.75,52.1,2,1,4,5,2,1,16,0.92,203,157,35,0,0,510,.660,2,0,0,0,.667,14.75,8,5.00,8.60,1.72,6.54,2.92,0.69,21,8,,
666176,Jo Adell,15,37,38,16,9,1,6,78,10,0,45,3,.228,197,.275,.376,.651,2,4,.667,4,870,212,74,20,94,0,1,.342,0.97,1,32.83,12,1,40,1,42,.976,2.73,3.27,113.0,15,1,0,0,,,,,,,,,,,,,,,,,,,,,,,,,,,,,,,,,,
665896,Jose Marte,6,1,9,3,0,1,0,9,7,0,2,0,.095,21,.321,.190,.511,0,2,1.000,0,134,,4,,,0,0,,0.11,0,,0,0,0,0,0,.000,0.00,0.00,6.1,6,0,0,0,4.26,6.1,0,0,0,0,0,0,3,1.42,28,19,6,0,0,78,.580,0,0,0,0,.---,21.16,1,1.29,12.79,9.95,2.84,4.26,0.00,3,0,,
650671,Jose Quijada,28,13,35,11,8,0,1,31,14,4,17,1,.179,95,.288,.295,.583,1,1,.500,0,448,,28,,,0,1,,0.37,0,,0,3,0,1,4,.750,0.11,1.04,26.1,28,0,0,1,3.42,26.1,0,3,3,4,5,1,10,1.18,111,79,28,0,0,290,.650,1,0,1,0,.000,17.01,7,2.21,10.59,4.78,5.81,3.76,0.34,20,4,,
660761,Jose Suarez,17,64,92,37,15,0,11,77,30,2,74,3,.242,306,.316,.399,.715,1,1,.500,2,1326,,122,,,1,0,,0.70,0,,15,2,2,0,4,1.000,0.24,0.46,79.0,17,0,0,0,4.10,79.0,5,6,0,0,0,0,36,1.32,340,237,17,0,0,861,.650,3,0,0,0,.455,16.78,0,2.57,8.77,3.42,8.43,4.22,1.25,1,0,,
435559,Kurt Suzuki,2,28,55,10,4,0,4,29,15,0,24,1,.179,134,.263,.299,.562,6,34,.850,3,574,152,40,14,53,0,2,.194,0.51,1,33.50,0,0,0,0,0,.000,0.00,-.--,0.0,2,0,0,0,,,,,,,,,,,,,,,,,,,,14,0,,,,,,,,,,,,2,4.15
650859,Luis Rengifo,4,97,105,32,19,3,11,59,13,0,95,3,.268,355,.299,.431,.730,1,5,.833,5,1339,372,153,39,156,1,0,.295,0.92,0,32.27,0,0,0,0,0,.000,0.00,0.00,5.1,4,0,0,0,,,,,,,,,,,,,,,,,,,,,,,,,,,,,,,,,,
642423,Magneuris Sierra,1,26,19,6,1,3,0,18,4,0,14,0,.184,76,.225,.276,.501,1,5,.833,0,300,81,21,4,24,1,0,.241,1.37,0,-.--,0,0,1,0,1,1.000,1.00,9.00,1.0,1,0,0,0,,,,,,,,,,,,,,,,,,,,,,,,,,,,,,,,,,
622110,Matt Duffy,19,37,34,7,4,0,0,30,9,0,35,0,.257,136,.303,.287,.590,0,0,.---,2,539,145,39,5,46,0,0,.330,1.09,0,-.--,17,20,16,1,37,.973,1.89,2.09,155.2,19,4,0,1,,,,,,,,,,,,,,,,,,,,,,,,,,,,,,,,,,
642136,Matt Thaiss,1,4,0,1,0,0,0,5,0,0,3,0,.250,12,.250,.250,.500,1,1,.500,1,48,12,3,0,8,0,0,.429,4.00,0,-.--,0,1,0,0,1,1.000,1.00,9.00,1.0,1,0,0,0,,,,,,,,,,,,,,,,,,,,1,0,,,,,,,,,,,,0,1.29
545358,Max Stassi,1,79,57,26,10,1,8,94,33,0,54,1,.191,283,.277,.318,.595,10,40,.800,12,1221,318,90,26,128,0,1,.253,1.39,0,35.38,1,0,0,0,0,.000,0.00,-.--,0.0,1,0,0,0,,,,,,,,,,,,,,,,,,,,29,0,,,,,,,,,,,,8,3.86
645801,Mike Ford,1,1,2,2,0,0,1,0,1,0,1,0,.250,4,.400,1.000,1.400,0,0,.---,0,15,8,4,0,1,0,0,.000,0.50,0,-.--,0,0,0,0,0,.000,0.00,0.00,1.0,1,0,0,0,18.00,1.0,0,0,0,0,0,0,2,2.00,5,3,1,0,0,8,.530,0,0,0,0,.---,15.00,1,0.00,0.00,9.00,9.00,18.00,9.00,0,0,,
594577,Mike Mayers,20,26,52,24,6,0,11,36,14,0,39,2,.258,151,.325,.517,.842,0,2,1.000,3,671,,78,,,0,2,,0.50,0,,2,3,0,0,3,1.000,0.15,0.71,38.1,20,0,0,0,5.17,38.1,1,1,0,1,1,1,22,1.38,169,115,20,0,0,417,.620,2,0,2,0,.500,17.50,6,2.57,8.45,3.29,9.16,5.63,2.58,12,2,,
545361,Mike Trout,5,39,90,61,18,2,28,108,41,6,88,6,.271,325,.363,.597,.960,0,1,1.000,4,1559,372,194,58,117,0,0,.317,0.43,0,11.61,5,0,0,0,0,.000,0.00,-.--,0.0,5,0,0,0,,,,,,,,,,,,,,,,,,,,,,,,,,,,,,,,,,
663776,Patrick Sandoval,21,116,99,46,13,3,6,120,50,0,109,5,.249,438,.331,.333,.664,2,3,.600,11,1926,,146,,,3,3,,1.17,1,,21,7,6,0,13,1.000,0.62,1.02,115.0,21,0,0,0,3.05,115.0,4,9,0,0,0,0,39,1.38,500,345,21,1,1,1229,.640,5,0,4,1,.308,16.75,0,2.40,9.39,3.91,8.53,3.60,0.47,0,0,,
672282,Reid Detmers,20,87,112,41,17,1,13,99,39,0,81,6,.217,374,.298,.372,.670,4,11,.733,9,1736,,139,,,1,4,,0.78,0,,20,12,2,1,15,.933,0.70,1.22,103.2,20,0,0,1,3.47,103.2,5,4,0,0,0,0,40,1.16,424,311,20,1,1,1108,.640,6,0,1,2,.556,16.75,0,2.54,8.59,3.39,7.03,3.56,1.13,0,0,,
572193,Ryan Tepera,47,47,54,22,7,0,5,35,18,2,32,2,.193,166,.278,.325,.603,1,6,.857,4,725,,54,,,1,1,,0.87,0,,0,3,1,0,4,1.000,0.09,0.78,46.1,47,0,0,0,3.88,46.1,2,2,2,7,16,5,20,1.08,188,139,47,0,0,426,.590,2,0,4,0,.500,15.65,5,1.94,6.80,3.50,6.22,4.27,0.97,17,8,,
660271,Shohei Ohtani,22,94,111,40,19,2,14,176,33,0,103,1,.214,482,.264,.349,.613,1,4,.800,5,2055,536,168,79,153,0,2,.311,0.85,0,16.03,22,0,0,0,0,.000,0.00,-.--,0.0,122,0,0,0,2.67,128.0,11,8,0,0,0,0,38,1.06,518,384,22,0,0,1351,.660,1,0,13,0,.579,16.05,0,5.33,12.38,2.32,7.24,2.81,0.98,0,0,,
621493,Taylor Ward,2,74,110,54,14,2,17,100,49,0,98,4,.259,379,.347,.441,.788,3,3,.500,3,1789,435,167,47,129,0,3,.306,0.67,0,22.29,1,0,0,0,0,.000,0.00,-.--,0.0,2,0,0,0,,,,,,,,,,,,,,,,,,,,,,,,,,,,,,,,,,
657053,Touki Toussaint,7,26,15,13,1,0,2,24,19,0,14,3,.177,79,.356,.266,.622,1,2,.667,5,406,,21,,,0,0,,1.73,0,,2,0,0,0,0,.000,0.00,0.00,23.2,7,0,0,0,4.94,23.2,1,1,0,0,0,0,13,1.39,101,71,7,0,0,224,.550,3,0,2,0,.500,17.15,2,1.26,9.13,7.23,5.32,4.94,0.76,2,2,,
656353,Tucker Davidson,4,16,19,11,2,1,0,10,13,0,15,1,.254,59,.392,.322,.714,0,2,1.000,1,280,,19,,,0,1,,0.84,0,,3,3,0,0,3,1.000,0.75,1.80,15.1,4,0,0,0,6.46,15.1,1,2,0,0,0,0,11,1.83,74,46,4,0,0,165,.590,1,0,0,0,.333,18.26,1,0.77,5.87,7.63,8.80,6.46,0.00,2,1,,
676265,,8,15,37,13,6,0,6,23,12,0,18,2,.194,93,.299,.452,.751,0,2,1.000,0,416,,42,,,0,0,,0.41,0,,4,1,0,0,1,1.000,0.13,0.38,24.2,8,0,0,0,4.74,24.2,0,2,0,0,0,0,13,1.22,107,74,8,0,0,263,.630,2,0,1,0,.000,16.86,4,1.92,8.39,4.38,6.57,4.74,2.19,2,0,,
640462,A.J. Puk,50,46,49,19,8,1,4,60,16,1,38,8,.198,192,.287,.313,.600,0,3,1.000,5,843,,60,,,1,0,,0.94,1,,0,6,0,1,7,.857,0.12,1.02,53.1,50,1,0,0,2.53,53.1,3,1,4,7,17,3,15,1.01,218,160,50,0,0,549,.650,8,1,6,0,.750,15.81,7,3.75,10.13,2.70,6.41,3.21,0.67,20,6,,
670124,Adam Oller,17,56,100,46,25,0,13,40,34,0,70,2,.265,264,.351,.508,.859,2,2,.500,7,1163,,134,,,0,2,,0.56,1,,12,5,3,2,10,.800,0.47,1.06,68.1,17,0,0,2,5.66,68.1,2,6,0,0,1,0,43,1.52,303,205,17,0,0,713,.610,2,0,3,2,.250,17.02,3,1.18,5.27,4.48,9.22,6.06,1.71,0,0,,
661309,Adrian Martinez,6,25,36,19,1,0,6,25,9,0,30,2,.263,114,.323,.430,.753,1,1,.500,0,494,,49,,,0,2,,0.69,0,,6,0,0,0,0,.000,0.00,0.00,29.0,6,0,0,0,5.28,29.0,3,3,0,0,0,0,17,1.34,127,87,6,0,0,320,.650,2,1,4,0,.500,17.03,0,2.78,7.76,2.79,9.31,5.90,1.86,0,0,,
643493,Austin Pruitt,28,43,46,24,10,0,8,29,8,0,38,1,.247,154,.285,.468,.753,1,2,.667,1,607,,72,,,0,2,,0.93,0,,0,3,3,0,6,1.000,0.21,1.38,39.2,28,0,0,0,4.76,39.2,0,1,1,2,1,1,21,1.16,165,119,28,0,0,401,.660,1,0,0,0,.000,15.30,12,3.63,6.58,1.82,8.62,5.45,1.82,10,4,,
670276,Cal Stevenson,2,14,10,5,3,0,0,20,7,0,9,0,.180,50,.276,.240,.516,1,1,.500,1,252,60,12,1,23,2,1,.290,1.40,0,-.--,0,0,1,0,1,1.000,0.50,2.25,4.0,2,0,0,0,,,,,,,,,,,,,,,,,,,,,,,,,,,,,,,,,,
640461,Chad Pinder,12,0,2,3,1,0,0,0,2,0,2,1,.500,4,.714,.750,1.464,0,0,.---,0,26,321,3,38,107,0,0,.310,0.00,0,30.50,11,0,0,0,0,.000,0.00,-.--,0.0,12,0,0,0,27.00,1.0,0,0,0,0,0,0,3,4.00,7,3,1,0,0,12,.460,1,0,0,0,.---,26.00,1,0.00,0.00,18.00,18.00,27.00,0.00,0,0,,
608344,Cole Irvin,24,139,187,60,26,3,18,104,27,1,130,4,.233,557,.273,.388,.661,2,0,.000,10,2117,,216,,,1,2,,0.74,0,,24,6,5,1,12,.917,0.46,0.67,147.2,24,1,0,0,3.35,147.2,7,11,0,0,0,0,55,1.06,591,443,24,0,0,1435,.680,4,0,2,1,.389,14.34,0,3.85,6.34,1.65,7.92,3.66,1.10,0,0,,
665506,Cristian Pache,69,73,43,15,5,1,2,56,11,0,32,0,.158,202,.202,.223,.425,2,1,.333,4,748,215,45,13,86,2,0,.208,1.70,0,101.00,60,1,166,1,168,.994,2.42,2.81,534.2,69,0,0,0,,,,,,,,,,,,,,,,,,,,,,,,,,,,,,,,,,
660650,Dermis Garcia,2,3,3,4,2,0,1,13,3,0,9,0,.321,28,.387,.500,.887,0,0,.---,0,139,31,14,6,15,0,0,.571,1.00,0,28.00,2,0,0,0,0,.000,0.00,-.--,0.0,2,0,0,0,,,,,,,,,,,,,,,,,,,,,,,,,,,,,,,,,,
642758,Domingo Acevedo,59,57,67,21,10,1,8,49,13,2,41,3,.193,212,.249,.363,.612,0,4,1.000,5,865,,77,,,1,1,,0.85,0,,0,2,3,2,7,.714,0.08,0.76,59.0,59,0,0,2,3.20,59.0,3,2,0,3,19,3,21,0.92,230,177,59,0,0,578,.670,3,1,0,0,.600,14.66,5,3.77,7.47,1.98,6.25,3.20,1.22,29,10,,
676664,JP Sears,7,22,26,5,3,0,1,15,5,0,14,1,.184,76,.241,.263,.504,1,2,.667,1,311,,20,,,0,1,,0.85,0,,2,1,0,0,1,1.000,0.14,0.41,22.0,7,0,0,0,2.05,22.0,3,0,0,0,0,0,5,0.86,83,66,7,0,0,208,.670,1,0,0,0,1.000,14.14,1,3.00,6.14,2.05,5.73,2.05,0.41,2,0,,
621076,James Kaprielian,21,90,139,58,20,6,15,73,51,0,96,5,.244,393,.336,.440,.776,2,5,.714,7,1748,0,173,0,0,1,4,.---,0.65,0,-.--,21,4,8,1,13,.923,0.57,1.05,103.1,21,0,0,1,4.88,103.1,3,8,0,0,0,0,56,1.42,454,310,21,0,0,1098,.630,5,0,2,0,.273,16.92,0,1.43,6.36,4.44,8.36,5.05,1.31,0,0,,
606303,Joel Payamps,4,5,5,0,1,0,0,3,0,0,4,0,.235,17,.235,.294,.529,0,0,.---,0,74,0,5,0,0,0,0,.---,1.00,0,-.--,0,0,0,0,0,.000,0.00,0.00,4.1,4,0,0,0,0.00,4.1,1,0,0,0,1,0,0,0.92,17,13,4,0,0,49,.660,0,0,1,0,1.000,17.08,1,-.--,6.23,0.00,8.31,0.00,0.00,2,0,,
681146,Jonah Bride,1,31,43,11,4,0,1,23,13,0,28,4,.228,123,.319,.285,.604,0,1,1.000,3,596,142,35,6,48,1,1,.270,0.72,0,123.00,1,0,0,0,0,.000,0.00,-.--,0.0,1,0,0,0,,,,,,,,,,,,,,,,,,,,,,,,,,,,,,,,,,
669912,Kirby Snead,35,33,38,23,11,0,5,27,20,2,42,1,.307,137,.394,.496,.890,2,6,.750,3,607,,68,,,1,2,,0.87,0,,0,6,1,1,8,.875,0.20,1.85,34.0,35,1,0,0,6.09,34.0,1,0,0,1,5,1,23,1.82,161,102,35,0,0,376,.620,1,0,2,2,1.000,17.85,11,1.35,7.15,5.29,11.12,6.09,1.32,15,3,,
669397,Nick Allen,29,70,51,21,9,0,3,41,14,0,43,1,.212,203,.266,.300,.566,2,1,.333,4,806,220,61,12,77,2,0,.252,1.37,0,67.67,27,87,42,4,133,.970,4.45,4.88,238.0,29,17,0,2,,,,,,,,,,,,,,,,,,,,,,,,,,,,,,,,,,
594580,Sam Moll,48,43,34,14,6,0,5,42,20,6,31,1,.208,149,.304,.349,.653,1,1,.500,3,675,,52,,,0,1,,1.26,0,,0,3,2,2,7,.714,0.10,1.13,40.0,48,0,0,2,2.70,40.0,2,1,0,2,14,2,12,1.28,171,120,48,0,0,421,.620,1,0,2,0,.667,16.88,7,2.10,9.45,4.50,6.98,3.15,1.13,39,14,,
669221,Sean Murphy,21,107,116,55,30,1,17,98,43,2,110,10,.258,427,.337,.452,.789,18,37,.673,12,1839,485,193,58,157,0,4,.294,0.92,2,25.12,21,0,0,0,0,.000,0.00,-.--,0.0,21,0,0,0,,,,,,,,,,,,,,,,,,,,31,2,,,,,,,,,,,,1,4.44
664913,Seth Brown,2,85,112,40,21,2,17,110,35,2,86,3,.219,392,.288,.413,.701,1,8,.889,7,1668,431,162,50,168,0,1,.259,0.76,0,23.06,2,0,0,0,0,.000,0.00,-.--,0.0,2,0,0,0,,,,,,,,,,,,,,,,,,,,,,,,,,,,,,,,,,
669127,Shea Langeliers,8,8,7,7,4,1,2,22,1,0,11,0,.234,47,.245,.489,.734,1,6,.857,0,183,49,23,7,21,0,1,.375,1.14,0,23.50,8,0,0,0,0,.000,0.00,-.--,0.0,8,0,0,0,,,,,,,,,,,,,,,,,,,,3,0,,,,,,,,,,,,0,3.79
641914,Sheldon Neuse,2,3,5,0,0,0,0,0,0,0,0,0,.000,8,.000,.000,.000,0,0,.---,0,23,274,0,24,88,0,0,.291,0.60,0,63.25,0,0,0,0,0,.000,0.00,-.--,0.0,8,0,0,0,0.00,2.2,0,0,0,0,0,0,0,0.00,8,8,2,0,0,14,.610,0,0,0,0,.---,8.63,2,-.--,0.00,0.00,0.00,0.00,0.00,2,0,,
519390,Stephen Vogt,19,24,52,14,2,0,6,33,14,0,22,2,.172,128,.259,.328,.587,2,11,.846,3,544,147,42,17,50,0,3,.174,0.46,0,21.33,13,0,0,0,0,.000,0.00,-.--,0.0,19,0,0,0,,,,,,,,,,,,,,,,,,,,8,0,,,,,,,,,,,,0,4.12
643393,Tony Kemp,2,113,140,41,21,0,4,60,38,0,89,6,.226,394,.302,.310,.612,1,8,.889,5,1673,446,122,31,120,5,3,.255,0.81,0,98.50,2,0,0,0,0,.000,0.00,-.--,0.0,2,0,0,0,,,,,,,,,,,,,,,,,,,,,,,,,,,,,,,,,,
605353,Vimael Machin,1,42,45,13,5,0,1,26,14,0,30,1,.213,141,.285,.270,.555,1,1,.500,4,605,158,38,6,53,0,2,.250,0.93,0,141.00,0,0,0,0,0,.000,0.00,-.--,0.0,1,0,0,0,,,,,,,,,,,,,,,,,,,,,,,,,,,,,,,,,,
667427,Zach Jackson,54,25,47,18,7,0,1,67,33,3,28,2,.171,164,.315,.232,.547,1,3,.750,3,887,,38,,,2,1,,0.53,0,,0,1,2,0,3,1.000,0.06,0.56,48.0,54,0,0,0,3.00,48.0,2,3,3,6,26,3,16,1.27,202,144,54,0,0,506,.570,2,0,9,0,.400,18.48,10,2.03,12.56,6.19,5.25,3.38,0.19,16,3,,
656657,Zach Logue,11,40,70,35,13,3,11,38,17,0,54,2,.271,199,.333,.533,.866,1,2,.667,2,868,,106,,,2,1,,0.57,0,,10,3,3,0,6,1.000,0.55,1.08,50.2,11,0,0,0,6.04,50.2,3,8,0,0,0,0,34,1.40,221,152,11,0,0,542,.620,2,0,0,0,.273,17.13,0,2.24,6.75,3.02,9.59,6.22,1.95,0,0,,
676265,,8,15,37,13,6,0,6,23,12,0,18,2,.194,93,.299,.452,.751,0,2,1.000,0,416,,42,,,0,0,,0.41,0,,4,1,0,0,1,1.000,0.13,0.38,24.2,8,0,0,0,4.74,24.2,0,2,0,0,0,0,13,1.22,107,74,8,0,0,263,.630,2,0,1,0,.000,16.86,4,1.92,8.39,4.38,6.57,4.74,2.19,2,0,,
543305,Aaron Hicks,75,72,94,42,5,2,6,83,54,3,68,4,.216,315,.337,.302,.639,3,9,.750,9,1644,375,95,32,155,1,1,.273,0.77,0,52.50,60,1,116,0,117,1.000,1.56,1.93,545.2,75,0,0,0,,,,,,,,,,,,,,,,,,,,,,,,,,,,,,,,,,
592450,Aaron Judge,19,97,96,104,20,0,51,140,76,11,139,5,.297,468,.398,.667,1.065,2,14,.875,14,2325,556,312,113,182,0,4,.313,1.01,3,9.18,19,0,0,0,0,.000,0.00,-.--,0.0,19,0,0,0,,,,,,,,,,,,,,,,,,,,,,,,,,,,,,,,,,
643217,Andrew Benintendi,1,24,38,14,8,1,2,23,13,0,27,1,.248,109,.328,.394,.722,1,4,.800,1,449,126,43,12,44,1,2,.291,0.63,0,54.50,1,0,0,0,0,.000,0.00,-.--,0.0,1,0,0,0,,,,,,,,,,,,,,,,,,,,,,,,,,,,,,,,,,
607455,Anthony Banda,1,1,0,0,0,0,0,1,2,0,0,0,.000,2,.500,.000,.500,0,0,.---,0,23,,0,,,0,0,,1.00,0,,0,0,0,0,0,.000,0.00,0.00,0.2,1,0,0,0,0.00,0.2,0,0,0,0,0,0,0,3.00,4,2,1,0,0,14,.610,0,0,0,0,.---,34.50,0,0.50,13.50,27.00,0.00,0.00,0.00,0,0,,
519203,Anthony Rizzo,9,85,145,71,19,1,30,93,55,6,93,18,.225,414,.339,.493,.832,3,6,.667,10,1906,489,204,71,189,0,2,.215,0.59,0,13.80,9,0,0,0,0,.000,0.00,-.--,0.0,9,0,0,0,,,,,,,,,,,,,,,,,,,,,,,,,,,,,,,,,,
657376,Clarke Schmidt,18,31,39,14,8,0,2,36,19,3,31,1,.231,134,.329,.336,.665,2,0,.000,2,632,0,45,0,0,2,1,.---,0.79,0,-.--,2,2,3,0,5,1.000,0.28,1.22,37.1,18,1,0,0,2.89,37.1,5,3,2,2,0,0,12,1.34,157,112,18,0,0,396,.630,1,0,0,0,.625,16.93,4,1.89,8.68,4.58,7.47,3.37,0.48,8,2,,
605280,Clay Holmes,50,83,11,14,4,0,1,52,16,2,34,8,.189,180,.284,.228,.512,0,1,1.000,4,776,,41,,,0,0,,7.55,1,,0,8,5,0,13,1.000,0.26,2.34,50.0,50,0,0,0,2.34,50.0,5,3,17,22,7,5,13,1.00,205,150,50,0,0,498,.640,8,0,1,0,.625,15.52,24,3.25,9.36,2.88,6.12,2.52,0.18,18,3,,
518934,DJ LeMahieu,7,157,96,74,18,0,12,68,63,0,118,4,.271,436,.366,.394,.760,3,4,.571,10,2036,506,172,46,140,1,2,.296,1.64,0,36.33,7,0,0,0,0,.000,0.00,-.--,0.0,7,0,0,0,,,,,,,,,,,,,,,,,,,,,,,,,,,,,,,,,,
593334,Domingo German,8,40,52,16,12,0,5,31,9,0,38,4,.236,161,.293,.404,.697,0,0,.---,5,638,,65,,,0,0,,0.77,0,,8,0,1,1,2,.500,0.13,0.21,42.1,8,0,0,1,3.19,42.1,2,2,0,0,0,0,15,1.11,174,127,8,0,0,428,.670,4,1,0,0,.500,15.07,0,3.44,6.59,1.91,8.08,3.40,1.06,0,0,,
593423,Frankie Montas,5,33,21,20,8,0,5,20,7,0,32,4,.311,103,.371,.534,.905,0,0,.---,3,417,,55,,,1,2,,1.57,1,,5,1,6,1,8,.875,1.40,2.52,25.2,5,0,0,0,7.01,25.2,0,2,0,0,0,0,20,1.52,118,77,5,0,0,269,.650,4,0,2,0,.000,16.25,0,2.86,7.01,2.45,11.22,7.01,1.75,0,0,,
543037,Gerrit Cole,26,132,130,59,25,1,22,200,39,0,121,2,.208,582,.260,.368,.628,3,7,.700,8,2569,,214,,,0,1,,1.02,1,,26,16,9,0,25,1.000,0.96,1.43,157.2,26,0,0,0,3.31,157.2,10,6,0,0,0,0,58,1.01,625,473,26,0,0,1704,.660,2,1,2,0,.625,16.29,0,5.13,11.42,2.23,6.91,3.37,1.26,0,0,,
519317,Giancarlo Stanton,42,78,69,40,6,0,24,97,37,2,69,0,.223,310,.303,.474,.777,0,0,.---,7,1418,351,147,64,147,0,3,.234,1.13,1,12.92,42,0,0,0,0,.000,0.00,-.--,0.0,42,0,0,0,,,,,,,,,,,,,,,,,,,,,,,,,,,,,,,,,,
650402,Gleyber Torres,9,88,136,56,21,1,18,102,28,1,103,3,.242,426,.292,.423,.715,4,6,.600,10,1778,460,180,50,220,1,2,.276,0.65,0,23.67,9,0,0,0,0,.000,0.00,-.--,0.0,9,0,0,0,,,,,,,,,,,,,,,,,,,,,,,,,,,,,,,,,,
643396,Isiah Kiner-Falefa,116,135,98,54,18,0,1,62,25,2,103,5,.263,391,.312,.317,.629,4,15,.789,13,1578,428,124,38,149,2,5,.306,1.38,0,391.00,110,278,121,11,410,.973,3.44,3.62,991.2,116,39,0,6,,,,,,,,,,,,,,,,,,,,,,,,,,,,,,,,,,
592791,Jameson Taillon,26,149,149,63,34,3,22,117,24,0,134,4,.247,543,.282,.442,.724,2,4,.667,7,2237,,240,,,2,4,,1.00,1,,26,17,7,1,25,.960,0.92,1.54,140.2,26,2,0,1,3.97,140.2,12,4,0,0,0,0,62,1.12,578,422,26,0,0,1461,.650,4,0,3,0,.750,15.90,0,4.88,7.49,1.54,8.57,4.03,1.41,0,0,,
642528,Jonathan Loaisiga,37,39,26,20,1,0,3,29,15,1,30,0,.242,124,.324,.323,.647,0,1,1.000,4,522,0,40,0,0,0,0,.---,1.50,0,-.--,0,7,2,0,9,1.000,0.24,2.53,32.1,37,0,0,0,5.29,32.1,1,3,1,2,8,1,19,1.39,139,97,37,0,0,342,.660,0,0,0,0,.250,16.14,5,1.93,8.07,4.18,8.35,5.57,0.84,17,5,,
624431,Jose Trevino,92,71,80,37,10,1,10,48,13,0,72,2,.267,270,.304,.422,.726,12,21,.636,3,1023,286,114,37,110,0,1,.291,0.89,4,27.00,73,28,676,5,709,.993,7.65,9.40,674.2,92,1,0,1,,,,,,,,,,,,,,,,,,,,21,3,,,,,,,,,,,,2,3.09
518626,Josh Donaldson,23,86,96,45,25,0,12,120,44,1,85,6,.222,383,.309,.381,.690,2,2,.500,9,1741,437,146,50,167,0,4,.286,0.90,0,31.92,23,0,0,0,0,.000,0.00,-.--,0.0,23,0,0,0,,,,,,,,,,,,,,,,,,,,,,,,,,,,,,,,,,
543309,Kyle Higashioka,1,36,67,20,5,0,7,42,10,0,33,1,.191,173,.235,.341,.576,12,15,.556,2,710,189,59,21,78,2,3,.205,0.54,4,24.71,0,0,0,0,0,.000,0.00,-.--,0.0,1,0,0,0,,,,,,,,,,,,,,,,,,,,12,0,,,,,,,,,,,,5,3.59
642152,Lou Trivino,13,15,10,3,1,0,0,8,6,0,8,1,.195,41,.313,.220,.533,0,0,.---,0,180,,9,,,0,0,,1.50,0,,0,2,2,0,4,1.000,0.31,3.27,11.0,13,0,0,0,0.82,11.0,1,2,0,0,0,0,1,1.27,48,33,13,0,0,109,.610,1,0,0,0,.333,16.36,6,1.33,6.55,4.91,6.55,2.45,0.00,15,3,,
476595,Lucas Luetge,41,36,53,16,8,0,4,49,14,1,45,2,.247,182,.307,.357,.664,0,0,.---,2,775,,65,,,0,1,,0.68,0,,0,3,1,2,6,.667,0.10,0.77,47.0,41,2,0,1,2.68,47.0,3,4,1,1,6,0,14,1.26,199,141,41,0,0,477,.620,2,0,0,0,.429,16.49,16,3.50,9.38,2.68,8.62,3.06,0.77,25,11,,
665828,Oswaldo Cabrera,7,7,19,3,3,1,0,12,3,0,12,0,.240,50,.283,.340,.623,2,0,.000,0,216,53,17,2,13,0,0,.316,0.37,0,-.--,7,1,15,0,16,1.000,2.29,2.32,62.2,7,0,0,0,,,,,,,,,,,,,,,,,,,,,,,,,,,,,,,,,,
676760,Ron Marinaccio,29,26,33,8,3,1,2,40,15,0,13,5,.117,111,.250,.216,.466,1,3,.750,2,576,,24,,,0,1,,0.79,1,,0,2,3,0,5,1.000,0.17,1.32,34.0,29,0,0,0,1.85,34.0,1,0,0,0,4,0,7,0.82,133,102,29,0,0,359,.620,5,0,5,0,1.000,16.94,7,2.67,10.59,3.97,3.44,2.12,0.53,19,5,,
641796,Tim Locastro,2,10,12,10,0,0,2,6,2,0,6,1,.176,34,.243,.353,.596,1,7,.875,0,135,37,12,4,18,0,0,.154,0.83,0,17.00,0,0,0,0,0,.000,0.00,-.--,0.0,2,0,0,0,,,,,,,,,,,,,,,,,,,,,,,,,,,,,,,,,,
593974,Wandy Peralta,49,61,43,16,5,0,2,40,17,1,37,1,.208,178,.279,.270,.549,0,0,.---,6,733,,48,,,2,1,,1.42,0,,0,13,2,0,15,1.000,0.31,2.76,49.2,49,1,0,0,2.72,49.2,2,3,3,8,8,5,15,1.09,199,149,49,0,0,455,.620,1,1,1,1,.400,14.76,17,2.35,7.25,3.08,6.70,2.90,0.36,22,4,,
676265,,8,15,37,13,6,0,6,23,12,0,18,2,.194,93,.299,.452,.751,0,2,1.000,0,416,,42,,,0,0,,0.41,0,,4,1,0,0,1,1.000,0.13,0.38,24.2,8,0,0,0,4.74,24.2,0,2,0,0,0,0,13,1.22,107,74,8,0,0,263,.630,2,0,1,0,.000,16.86,4,1.92,8.39,4.38,6.57,4.74,2.19,2,0,,
664040,Brandon Lowe,11,53,61,31,10,2,8,57,25,0,52,3,.234,222,.319,.405,.724,0,1,1.000,1,947,251,90,25,88,0,1,.278,0.87,0,27.75,10,0,0,0,0,.000,0.00,-.--,0.0,11,0,0,0,,,,,,,,,,,,,,,,,,,,,,,,,,,,,,,,,,
548384,Brooks Raley,49,34,46,13,5,1,1,55,11,0,31,6,.189,164,.264,.250,.514,0,0,.---,1,713,,41,,,1,1,,0.74,0,,0,4,0,0,4,1.000,0.08,0.82,44.2,49,0,0,0,2.22,44.2,1,1,6,8,21,2,11,0.94,183,134,49,0,0,469,.660,6,0,3,0,.500,15.96,10,5.00,11.08,2.22,6.25,2.62,0.20,17,5,,
542194,Christian Bethancourt,1,0,5,0,0,0,0,1,0,0,4,0,.400,10,.400,.400,.800,7,8,.533,0,28,80,4,7,35,0,0,.222,0.00,1,19.75,0,0,1,0,1,1.000,1.00,3.00,3.0,1,0,0,0,0.00,2.0,0,0,0,0,0,0,0,2.00,10,6,2,0,0,22,.790,0,0,5,1,.---,14.00,2,-.--,4.50,0.00,18.00,0.00,0.00,0,0,1,3.66
621363,Colin Poche,49,31,63,19,4,1,9,44,17,0,33,1,.196,168,.270,.393,.663,1,2,.667,0,751,,66,,,0,3,,0.49,0,,0,1,0,0,1,1.000,0.02,0.20,46.0,49,0,0,0,2.93,46.0,4,1,7,12,16,5,15,1.09,189,138,49,0,0,493,.660,1,0,2,1,.800,16.33,11,2.59,8.61,3.33,6.46,3.72,1.76,12,3,,
446372,Corey Kluber,25,115,162,66,30,2,18,118,18,0,139,9,.264,526,.297,.432,.729,3,4,.571,6,1992,,227,,,2,6,,0.71,0,,25,9,7,1,17,.941,0.64,1.07,134.2,25,1,0,1,4.21,134.2,9,7,0,0,0,0,63,1.17,561,404,25,0,0,1379,.690,9,0,2,0,.563,14.79,0,6.56,7.89,1.20,9.29,4.41,1.20,0,0,,
444482,David Peralta,4,15,25,6,6,1,0,17,7,1,22,0,.278,79,.337,.380,.717,0,0,.---,2,295,86,30,8,36,0,0,.355,0.60,0,-.--,4,0,0,0,0,.000,0.00,-.--,0.0,4,0,0,0,,,,,,,,,,,,,,,,,,,,,,,,,,,,,,,,,,
656876,Drew Rasmussen,22,123,101,39,17,2,9,99,27,0,91,3,.221,411,.273,.338,.611,4,7,.636,7,1760,,139,,,1,2,,1.22,1,,22,7,7,0,14,1.000,0.64,1.15,110.2,22,0,0,0,2.77,110.2,9,4,0,0,0,0,34,1.07,445,332,22,0,0,1158,.660,3,0,10,0,.692,15.90,0,3.67,8.05,2.20,7.40,3.17,0.73,0,0,,
642336,Francisco Mejia,2,53,65,29,17,0,6,57,5,0,59,1,.253,233,.271,.403,.674,9,31,.775,5,872,240,94,27,103,0,1,.310,0.82,0,38.83,2,0,0,0,0,.000,0.00,-.--,0.0,2,0,0,0,,,,,,,,,,,,,,,,,,,,18,1,,,,,,,,,,,,5,3.14
664076,Garrett Cleavinger,2,4,2,2,2,0,0,4,0,0,3,0,.231,13,.231,.385,.616,0,0,.---,0,49,,5,,,0,0,,2.00,0,,0,0,0,0,0,.000,0.00,0.00,3.1,2,0,0,0,5.40,3.1,0,0,0,0,0,0,2,0.90,13,10,2,0,0,37,.760,0,0,0,0,.---,14.70,1,-.--,10.80,0.00,8.10,5.40,0.00,0,0,,
623912,Harold Ramirez,41,88,69,39,18,0,5,47,16,1,97,5,.327,297,.366,.438,.804,5,3,.375,5,1159,322,130,47,130,0,4,.369,1.28,0,59.40,41,0,0,0,0,.000,0.00,-.--,0.0,41,0,0,0,,,,,,,,,,,,,,,,,,,,,,,,,,,,,,,,,,
670623,Isaac Paredes,34,75,79,43,13,0,18,48,29,0,58,2,.225,258,.306,.484,.790,1,0,.000,10,1199,291,125,40,119,0,2,.206,0.95,0,14.33,25,56,24,1,81,.988,2.35,2.98,242.1,34,7,0,0,,,,,,,,,,,,,,,,,,,,,,,,,,,,,,,,,,
608638,JT Chargois,6,8,2,1,2,0,0,5,2,0,4,0,.211,19,.286,.316,.602,0,0,.---,2,82,,6,,,0,0,,4.00,0,,1,1,1,0,2,1.000,0.33,3.60,5.2,6,0,0,0,0.00,5.2,2,0,0,0,0,0,0,1.06,21,17,6,0,0,56,.680,0,0,0,0,1.000,14.47,1,2.50,7.94,3.18,6.35,1.59,0.00,1,0,,
656222,Jalen Beeks,35,52,40,19,13,1,6,62,19,0,46,2,.232,198,.305,.399,.704,0,0,.---,5,881,,79,,,1,1,,1.30,0,,7,6,1,0,7,1.000,0.20,1.19,53.1,35,0,0,0,2.70,53.1,2,3,1,4,4,3,16,1.22,221,160,35,0,0,564,.640,2,0,3,0,.400,16.52,7,3.26,10.46,3.21,7.76,3.21,1.01,8,2,,
592094,Jason Adam,56,40,47,8,3,1,3,64,11,1,22,6,.128,172,.205,.209,.414,0,8,1.000,6,765,,36,,,0,1,,0.85,1,,0,0,1,0,1,1.000,0.02,0.17,52.1,56,0,0,0,1.20,52.1,1,2,7,8,19,1,7,0.63,191,157,56,0,0,517,.680,6,0,1,0,.333,14.62,13,5.82,11.01,1.89,3.78,1.38,0.52,27,1,,
605488,Jeffrey Springs,26,86,99,34,13,3,12,110,23,0,89,0,.233,382,.275,.377,.652,3,3,.500,7,1624,,144,,,0,2,,0.87,1,,18,9,4,0,13,1.000,0.50,1.16,101.0,26,1,0,0,2.76,101.0,6,4,0,0,0,0,31,1.11,408,303,26,0,0,1084,.670,0,1,1,2,.600,16.08,0,4.78,9.80,2.05,7.93,3.03,1.07,10,2,,
596847,Ji-Man Choi,8,70,56,29,17,0,9,105,48,3,70,1,.235,298,.340,.383,.723,0,0,.---,3,1523,350,114,48,126,0,3,.326,1.25,0,33.11,7,0,0,0,0,.000,0.00,-.--,0.0,8,0,0,0,,,,,,,,,,,,,,,,,,,,,,,,,,,,,,,,,,
642350,Jose Siri,1,13,14,22,7,0,2,33,4,0,21,1,.259,81,.302,.420,.722,0,4,1.000,0,354,86,34,8,44,0,0,.413,0.93,0,40.50,0,0,0,0,0,.000,0.00,-.--,0.0,1,0,0,0,,,,,,,,,,,,,,,,,,,,,,,,,,,,,,,,,,
622534,Manuel Margot,13,48,63,28,13,2,3,41,20,1,65,1,.301,216,.361,.421,.782,1,6,.857,3,913,238,91,33,89,0,1,.358,0.76,0,72.00,13,0,0,0,0,.000,0.00,-.--,0.0,13,0,0,0,,,,,,,,,,,,,,,,,,,,,,,,,,,,,,,,,,
664126,Pete Fairbanks,15,10,11,3,1,0,1,21,1,0,10,0,.196,51,.208,.275,.483,0,3,1.000,1,197,,14,,,0,1,,0.91,0,,0,1,4,0,5,1.000,0.33,3.21,14.2,15,0,0,0,1.84,14.2,0,0,4,4,5,0,3,0.75,53,44,15,0,0,136,.690,0,0,0,0,.---,13.43,5,21.00,12.89,0.61,6.14,1.84,0.61,3,1,,
668227,Randy Arozarena,20,129,89,58,31,2,18,126,39,2,125,10,.267,468,.336,.457,.793,10,26,.722,16,2033,518,214,70,228,0,1,.329,1.45,0,26.00,20,0,0,0,0,.000,0.00,-.--,0.0,20,0,0,0,,,,,,,,,,,,,,,,,,,,,,,,,,,,,,,,,,
642232,Ryan Yarbrough,16,68,77,41,19,0,9,54,18,0,76,10,.279,272,.344,.449,.793,3,5,.625,6,1144,,122,,,1,2,,0.88,0,,9,6,2,2,10,.800,0.50,1.06,68.1,16,1,0,0,4.87,68.1,1,8,0,0,0,0,37,1.38,303,205,16,0,0,754,.660,10,0,3,1,.111,16.74,1,3.00,7.11,2.37,10.01,5.40,1.19,0,0,,
663556,Shane McClanahan,24,141,106,41,13,0,15,182,30,1,97,3,.185,525,.233,.295,.528,1,4,.800,13,2171,0,155,0,0,0,1,.---,1.33,1,-.--,24,9,0,1,10,.900,0.38,0.55,147.1,24,0,0,1,2.20,147.1,11,5,0,0,0,0,36,0.86,560,442,24,0,0,1463,.670,3,0,6,2,.688,14.74,0,6.07,11.12,1.83,5.93,2.50,0.92,0,0,,
542888,Shawn Armstrong,7,8,8,10,5,0,1,5,3,0,10,0,.333,30,.382,.600,.982,0,1,1.000,0,123,,18,,,0,1,,1.00,0,,0,0,0,0,0,.000,0.00,0.00,6.2,7,0,0,0,10.80,6.2,0,0,0,0,0,0,8,1.95,34,20,7,0,0,74,.600,0,0,1,0,.---,18.45,1,1.67,6.75,4.05,13.50,13.50,1.35,3,1,,
670764,Taylor Walls,1,77,105,41,15,2,6,101,42,0,59,2,.174,339,.268,.283,.551,3,7,.700,5,1553,386,96,27,148,1,2,.226,0.73,0,56.50,0,0,0,0,0,.000,0.00,-.--,0.0,1,0,0,0,,,,,,,,,,,,,,,,,,,,,,,,,,,,,,,,,,
650490,Yandy Diaz,11,127,116,62,30,0,8,49,66,0,115,5,.283,406,.389,.416,.805,3,2,.400,6,1841,478,169,48,152,0,1,.306,1.09,0,50.75,11,0,0,0,0,.000,0.00,-.--,0.0,11,0,0,0,,,,,,,,,,,,,,,,,,,,,,,,,,,,,,,,,,
644374,Yu Chang,8,2,3,3,1,0,1,0,0,0,6,0,.600,10,.545,1.000,1.545,0,0,.---,1,26,93,10,10,37,0,1,.311,0.67,0,42.50,7,17,10,0,27,1.000,3.38,4.19,58.0,8,1,0,0,13.50,2.0,0,0,0,0,0,0,3,3.00,11,6,2,0,0,19,.730,0,0,0,0,.---,13.00,2,-.--,0.00,0.00,27.00,13.50,4.50,0,0,,
676265,,8,15,37,13,6,0,6,23,12,0,18,2,.194,93,.299,.452,.751,0,2,1.000,0,416,,42,,,0,0,,0.41,0,,4,1,0,0,1,1.000,0.13,0.38,24.2,8,0,0,0,4.74,24.2,0,2,0,0,0,0,13,1.22,107,74,8,0,0,263,.630,2,0,1,0,.000,16.86,4,1.92,8.39,4.38,6.57,4.74,2.19,2,0,,
643256,Adam Cimber,60,54,58,24,9,2,5,48,11,1,53,4,.255,208,.302,.389,.691,0,6,1.000,4,809,,81,,,3,2,,0.93,0,,0,6,2,0,8,1.000,0.13,1.31,55.2,60,1,0,0,3.40,55.2,10,5,4,8,12,4,21,1.15,228,167,60,0,0,560,.690,4,0,1,0,.667,14.53,12,4.36,7.76,1.78,8.57,3.88,0.81,29,9,,
672386,Alejandro Kirk,39,115,107,51,17,0,12,46,50,2,111,4,.296,375,.381,.437,.818,10,28,.737,9,1772,433,164,48,133,0,4,.308,1.07,1,31.25,38,0,0,0,0,.000,0.00,-.--,0.0,39,0,0,0,,,,,,,,,,,,,,,,,,,,11,2,,,,,,,,,,,,1,3.57
666201,Alek Manoah,25,134,175,51,23,1,14,147,39,0,121,14,.212,571,.277,.329,.606,4,7,.636,10,2350,,188,,,1,5,,0.77,1,,25,13,3,1,17,.941,0.64,0.93,155.2,25,1,0,0,2.60,155.2,12,7,0,0,0,0,45,1.03,631,467,25,0,0,1549,.660,14,0,4,0,.632,15.10,0,3.77,8.50,2.25,7.00,2.95,0.81,0,0,,
542914,Anthony Bass,45,39,47,10,7,1,1,45,10,0,32,0,.198,162,.243,.272,.515,2,2,.500,2,620,0,44,0,0,0,1,.---,0.83,0,-.--,0,5,5,2,12,.833,0.22,2.05,44.2,45,1,0,1,1.41,44.2,2,3,0,3,16,3,7,0.94,173,134,45,0,0,414,.670,0,0,1,1,.400,13.88,7,4.50,9.07,2.01,6.45,2.01,0.20,16,3,,
666182,Bo Bichette,1,131,116,67,32,0,17,135,33,0,135,1,.262,515,.307,.423,.730,7,9,.563,15,2009,551,218,66,213,0,2,.323,1.13,0,30.29,1,0,0,0,0,.000,0.00,-.--,0.0,1,0,0,0,,,,,,,,,,,,,,,,,,,,,,,,,,,,,,,,,,
624415,Cavan Biggio,3,39,52,31,17,1,3,60,30,0,41,3,.216,190,.330,.363,.693,0,2,1.000,2,960,225,69,18,96,1,1,.297,0.75,0,63.33,0,0,0,0,0,.000,0.00,-.--,0.0,3,0,0,0,,,,,,,,,,,,,,,,,,,,,,,,,,,,,,,,,,
643376,Danny Jansen,1,30,53,21,2,0,11,28,13,0,30,3,.219,137,.293,.474,.767,8,21,.724,0,606,157,65,30,59,0,4,.186,0.57,1,12.46,1,0,0,0,0,.000,0.00,-.--,0.0,1,0,0,0,,,,,,,,,,,,,,,,,,,,5,2,,,,,,,,,,,,1,3.72
475479,David Phelps,54,36,59,18,5,2,1,54,27,0,42,1,.221,190,.321,.284,.605,2,2,.500,3,933,,54,,,1,0,,0.61,0,,0,4,1,0,5,1.000,0.09,0.88,51.2,54,0,0,0,2.79,51.2,0,2,1,2,8,1,16,1.34,219,155,54,0,0,553,.590,1,0,3,0,.000,18.06,8,2.00,9.41,4.70,7.32,3.14,0.17,22,4,,
543807,George Springer,30,108,100,66,17,3,19,78,42,1,104,6,.269,386,.347,.477,.824,1,11,.917,4,1662,440,184,57,134,0,4,.290,1.08,2,20.32,30,0,0,0,0,.000,0.00,-.--,0.0,30,0,0,0,,,,,,,,,,,,,,,,,,,,,,,,,,,,,,,,,,
598265,Bradley Jr.,1,1,1,1,0,0,0,1,3,0,1,0,.250,4,.571,.250,.821,0,0,.---,0,30,30,1,4,9,0,0,.182,1.00,0,-.--,0,2,4,0,6,1.000,3.00,4.50,12.0,2,0,0,0,9.00,1.0,0,0,0,0,0,0,1,4.00,7,3,1,0,0,13,.430,0,0,0,0,.---,30.00,1,0.33,9.00,27.00,9.00,9.00,0.00,0,0,,
605447,Jordan Romano,49,42,52,15,5,0,4,54,17,3,34,3,.187,182,.267,.280,.547,0,2,1.000,4,761,,51,,,0,0,,0.81,1,,0,5,2,0,7,1.000,0.14,1.26,50.1,49,0,0,0,2.15,50.1,5,3,28,32,1,4,12,1.01,203,151,49,0,0,518,.680,3,0,0,0,.625,15.12,43,3.18,9.66,3.04,6.08,2.68,0.72,9,1,,
621244,Jose Berrios,26,123,154,84,27,1,27,127,34,0,159,9,.283,561,.333,.480,.813,4,4,.500,9,2182,,269,,,0,2,,0.80,0,,26,13,4,1,18,.944,0.65,1.09,140.1,26,1,0,1,5.32,140.1,9,5,0,0,0,0,83,1.38,606,421,26,0,0,1483,.680,9,0,2,2,.643,15.55,0,3.74,8.14,2.18,10.20,5.39,1.73,0,0,,
592332,Kevin Gausman,25,104,138,56,30,4,9,164,23,0,152,1,.275,553,.303,.392,.695,4,15,.789,8,2250,,217,,,1,4,,0.75,0,,25,10,1,1,12,.917,0.44,0.71,140.1,25,0,0,1,3.14,140.1,10,9,0,0,0,0,49,1.25,582,421,25,0,0,1571,.700,1,1,2,0,.526,16.03,0,7.13,10.52,1.48,9.75,3.59,0.58,0,0,,
666971,Gurriel Jr.,13,113,119,50,30,1,5,78,29,1,127,5,.292,435,.342,.400,.742,4,3,.429,11,1767,472,174,51,163,0,2,.345,0.95,1,87.00,13,0,0,0,0,.000,0.00,-.--,0.0,13,0,0,0,,,,,,,,,,,,,,,,,,,,,,,,,,,,,,,,,,
656305,Matt Chapman,121,70,125,69,21,1,24,133,47,1,101,7,.237,426,.321,.460,.781,1,2,.667,6,2032,483,196,64,207,0,3,.283,0.56,0,17.75,119,223,121,5,349,.986,2.84,2.90,1067.0,121,35,0,4,,,,,,,,,,,,,,,,,,,,,,,,,,,,,,,,,,
669952,Mitch White,4,23,19,12,6,1,1,15,7,0,24,0,.296,81,.352,.432,.784,0,4,1.000,0,331,,35,,,0,0,,1.21,0,,4,4,1,0,5,1.000,1.25,2.50,18.1,4,0,0,0,5.89,18.1,0,2,0,0,0,0,12,1.69,88,55,4,0,0,218,.660,0,0,0,0,.000,18.05,0,2.14,7.36,3.44,11.78,5.89,0.49,0,0,,
606132,Raimel Tapia,1,105,71,33,17,1,5,61,10,0,83,0,.263,316,.284,.370,.654,1,5,.833,11,1175,332,117,38,132,3,1,.311,1.48,2,63.20,1,0,0,0,0,.000,0.00,-.--,0.0,1,0,0,0,,,,,,,,,,,,,,,,,,,,,,,,,,,,,,,,,,
548389,Ross Stripling,26,115,96,37,20,0,8,86,16,0,90,1,.234,385,.265,.348,.613,3,7,.700,5,1550,,134,,,0,2,,1.20,0,,18,6,4,0,10,1.000,0.38,0.89,101.0,26,0,0,0,2.94,101.0,6,4,1,1,0,0,33,1.05,404,303,26,0,0,1047,.680,1,0,0,0,.600,15.35,2,5.38,7.66,1.43,8.02,3.30,0.71,3,0,,
669289,Santiago Espinal,11,115,121,44,23,0,7,65,31,1,107,1,.265,404,.317,.374,.691,4,5,.556,10,1720,440,151,44,183,1,3,.299,0.95,0,57.71,4,15,6,0,21,1.000,1.91,3.78,50.0,11,2,0,0,,,,,,,,,,,,,,,,,,,,,,,,,,,,,,,,,,
606192,Teoscar Hernandez,7,85,79,52,24,1,19,120,27,0,100,2,.260,384,.312,.477,.789,3,6,.667,12,1610,413,183,62,177,0,0,.331,1.08,0,20.21,7,0,0,0,0,.000,0.00,-.--,0.0,7,0,0,0,,,,,,,,,,,,,,,,,,,,,,,,,,,,,,,,,,
641835,Tim Mayza,45,50,22,13,5,1,5,27,9,1,34,1,.262,130,.310,.431,.741,0,2,1.000,6,521,,56,,,1,2,,2.27,0,,0,2,3,0,5,1.000,0.11,1.29,35.2,45,0,0,0,3.03,35.2,5,0,0,3,11,3,12,1.21,143,107,45,0,0,331,.640,1,1,2,0,1.000,14.61,4,3.00,6.81,2.27,8.58,3.28,1.26,24,7,,
670950,Trevor Richards,50,38,45,29,6,1,9,64,27,1,45,1,.241,187,.333,.428,.761,3,4,.571,3,901,,80,,,1,4,,0.84,0,,0,2,3,0,5,1.000,0.10,0.90,50.1,50,1,0,0,4.65,50.1,3,1,0,1,7,1,26,1.43,220,151,50,0,0,530,.590,1,0,2,0,.750,17.90,10,2.37,11.44,4.83,8.05,5.19,1.61,23,7,,
665489,Vladimir Guerrero,25,161,110,73,28,0,27,89,48,5,141,5,.283,498,.350,.502,.852,3,4,.571,21,2070,554,250,80,200,0,3,.296,1.46,0,18.44,25,0,0,0,0,.000,0.00,-.--,0.0,25,0,0,0,,,,,,,,,,,,,,,,,,,,,,,,,,,,,,,,,,
593160,Whit Merrifield,1,1,2,2,0,0,1,0,0,0,2,1,.400,5,.500,1.000,1.500,0,0,.---,0,13,56,5,2,30,0,0,.250,0.50,0,51.00,0,0,0,0,0,.000,0.00,0.00,1.0,1,0,0,0,18.00,1.0,0,0,0,0,0,0,2,2.00,6,3,1,0,0,11,.850,1,0,0,0,.---,13.00,1,-.--,0.00,0.00,18.00,18.00,9.00,0,0,,
554340,Yimi Garcia,47,41,55,15,9,0,4,43,14,2,32,2,.190,168,.257,.315,.572,0,4,1.000,1,788,,53,,,0,3,,0.75,0,,0,5,0,0,5,1.000,0.11,0.98,46.2,47,0,0,0,2.51,46.2,3,4,1,5,19,4,13,0.99,187,140,47,0,0,499,.630,2,1,0,0,.429,16.89,7,3.07,8.29,2.70,6.17,2.89,0.77,10,2,,
579328,Yusei Kikuchi,24,84,69,61,20,0,21,101,54,0,80,8,.242,330,.359,.494,.853,3,0,.000,7,1622,,163,,,1,3,,1.22,0,,20,10,2,1,13,.923,0.50,1.24,87.1,24,1,0,1,5.36,87.1,4,7,0,0,0,0,52,1.53,396,262,24,0,0,990,.610,8,0,3,1,.364,18.57,1,1.87,10.41,5.56,8.24,6.29,2.16,3,0,,
676265,,8,15,37,13,6,0,6,23,12,0,18,2,.194,93,.299,.452,.751,0,2,1.000,0,416,,42,,,0,0,,0.41,0,,4,1,0,0,1,1.000,0.13,0.38,24.2,8,0,0,0,4.74,24.2,0,2,0,0,0,0,13,1.22,107,74,8,0,0,263,.630,2,0,1,0,.000,16.86,4,1.92,8.39,4.38,6.57,4.74,2.19,2,0,,
668939,Adley Rutschman,17,71,85,52,26,1,8,57,45,0,70,4,.250,280,.358,.436,.794,7,19,.731,2,1410,332,122,25,110,0,3,.284,0.84,2,35.00,17,0,0,0,0,.000,0.00,-.--,0.0,17,0,0,0,,,,,,,,,,,,,,,,,,,,12,0,,,,,,,,,,,,0,3.53
623993,Anthony Santander,24,94,153,60,21,0,23,93,43,1,116,12,.257,452,.335,.456,.791,2,0,.000,9,2037,511,206,73,213,0,4,.274,0.61,0,19.65,24,0,0,0,0,.000,0.00,-.--,0.0,24,0,0,0,,,,,,,,,,,,,,,,,,,,,,,,,,,,,,,,,,
669720,Austin Hays,3,107,124,58,29,1,15,96,26,0,111,10,.255,436,.310,.429,.739,4,2,.333,9,1668,474,187,54,185,0,2,.294,0.86,0,29.07,3,0,0,0,0,.000,0.00,-.--,0.0,3,0,0,0,,,,,,,,,,,,,,,,,,,,,,,,,,,,,,,,,,
608723,Austin Voth,19,16,20,22,4,0,4,18,6,0,34,0,.386,88,.426,.568,.994,0,1,1.000,2,391,,50,,,0,0,,0.80,0,,0,2,1,0,3,1.000,0.16,1.50,18.2,19,0,0,0,10.13,18.2,0,0,0,0,1,0,21,2.14,94,56,19,0,0,251,.640,0,0,2,0,.---,20.95,1,3.00,8.68,2.89,16.39,10.61,1.93,10,0,,
641329,Bryan Baker,52,40,57,27,7,2,2,59,22,0,52,3,.251,207,.330,.333,.663,0,1,1.000,3,954,,69,,,0,1,,0.70,0,,2,4,2,0,6,1.000,0.12,1.02,53.1,52,0,0,0,4.22,53.1,4,3,0,2,6,2,25,1.39,233,160,52,0,0,588,.620,3,0,2,1,.571,17.89,8,2.68,9.96,3.71,8.78,4.56,0.34,28,9,,
656775,Cedric Mullins,4,116,151,68,29,2,11,97,40,1,129,7,.265,487,.327,.400,.727,8,29,.784,3,1953,541,195,49,165,1,5,.307,0.77,1,44.27,4,0,0,0,0,.000,0.00,-.--,0.0,4,0,0,0,,,,,,,,,,,,,,,,,,,,,,,,,,,,,,,,,,
672335,Cionel Perez,52,48,35,9,6,0,2,42,18,1,37,1,.231,160,.309,.306,.615,1,1,.500,7,708,0,49,0,0,0,2,.---,1.37,0,-.--,0,3,3,0,6,1.000,0.12,1.23,44.0,52,0,0,0,1.64,44.0,7,1,1,1,19,0,8,1.25,181,132,52,0,0,441,.620,1,0,3,0,.875,16.09,7,2.33,8.59,3.68,7.57,1.84,0.41,32,10,,
665152,Dean Kremer,15,75,94,31,17,0,7,62,18,0,84,4,.269,312,.315,.391,.706,2,3,.600,12,1300,,122,,,1,2,,0.80,0,,15,4,3,0,7,1.000,0.47,0.76,83.1,15,0,0,0,3.24,83.1,6,4,0,0,0,0,30,1.22,337,250,15,0,0,857,.660,4,0,4,0,.600,15.60,0,3.44,6.70,1.94,9.07,3.35,0.76,0,0,,
622253,Dillon Tate,55,81,41,21,13,0,4,51,10,2,48,6,.219,219,.270,.333,.603,1,4,.800,6,868,,73,,,0,2,,1.98,0,,0,3,4,1,8,.875,0.13,1.05,60.0,55,0,0,0,2.70,60.0,2,3,3,4,14,1,18,0.97,237,180,55,0,0,596,.690,6,0,2,0,.400,14.47,8,5.10,7.65,1.50,7.20,3.15,0.60,18,2,,
642585,Felix Bautista,57,46,43,12,4,0,7,76,16,0,31,1,.160,194,.225,.289,.514,2,3,.600,5,853,0,56,0,0,0,2,.---,1.07,0,-.--,0,4,4,0,8,1.000,0.14,1.26,57.0,57,0,0,0,1.58,57.0,4,3,10,11,12,1,10,0.82,213,171,57,0,0,557,.650,1,0,1,0,.571,14.96,24,4.75,12.00,2.53,4.89,1.89,1.11,33,6,,
607216,Joey Krehbiel,46,53,51,19,12,0,7,36,14,0,40,3,.226,177,.289,.412,.701,2,1,.333,3,817,0,73,0,0,0,3,.---,1.04,0,-.--,0,8,4,1,13,.923,0.26,2.30,47.2,46,1,0,1,3.02,47.2,4,4,1,1,10,0,16,1.13,197,143,46,0,0,506,.620,3,0,0,0,.500,17.14,7,2.57,6.80,2.64,7.55,3.59,1.32,29,8,,
543475,Jordan Lyles,26,134,167,78,41,1,20,121,45,0,168,6,.287,586,.342,.462,.804,1,7,.875,13,2496,,271,,,0,4,,0.80,0,,26,12,8,0,20,1.000,0.77,1.24,145.2,26,2,0,0,4.45,145.2,9,9,0,0,0,0,72,1.46,641,437,26,0,0,1572,.630,6,0,5,0,.500,17.14,0,2.69,7.48,2.78,10.38,4.82,1.24,0,0,,
622761,Jorge Mateo,119,80,108,52,20,6,12,122,22,0,91,5,.229,398,.277,.399,.676,8,28,.778,5,1604,430,159,43,185,2,1,.298,0.74,2,33.17,114,313,145,15,473,.968,3.85,4.11,1004.2,119,70,0,7,,,,,,,,,,,,,,,,,,,,,,,,,,,,,,,,,,
669211,Keegan Akin,36,76,64,26,11,0,9,61,16,0,54,0,.213,253,.259,.364,.623,1,0,.000,6,1009,,92,,,1,1,,1.19,1,,0,11,1,0,12,1.000,0.33,1.59,68.0,36,2,0,0,2.78,68.0,2,1,2,2,3,0,21,1.03,272,204,36,0,0,708,.700,0,0,1,0,.667,14.84,8,3.81,8.07,2.12,7.15,3.44,1.19,20,7,,
680694,Kyle Bradish,16,74,70,51,13,0,15,79,29,0,94,6,.299,314,.368,.484,.852,0,0,.---,12,1376,,152,,,1,2,,1.06,0,,16,6,3,0,9,1.000,0.56,1.01,80.0,16,0,0,0,5.63,80.0,2,5,0,0,0,0,50,1.54,352,240,16,0,0,848,.620,6,0,5,0,.286,17.20,0,2.72,8.89,3.26,10.58,5.74,1.69,0,0,,
669065,Kyle Stowers,3,4,7,3,1,0,1,13,2,0,7,1,.226,31,.294,.355,.649,0,0,.---,1,126,34,11,4,9,0,0,.353,0.57,0,31.00,3,0,6,0,6,1.000,2.00,2.00,27.0,3,0,0,0,,,,,,,,,,,,,,,,,,,,,,,,,,,,,,,,,,
663989,Nick Vespi,21,21,18,10,6,1,3,24,8,1,23,1,.271,85,.337,.471,.808,0,3,1.000,4,379,,40,,,0,1,,1.17,0,,0,3,0,0,3,1.000,0.14,1.23,22.1,21,1,0,0,4.03,22.1,5,0,1,2,1,1,10,1.39,95,67,21,0,0,248,.650,1,0,0,0,1.000,16.97,3,3.00,9.67,3.22,9.27,4.03,1.21,14,3,,
602104,Ramon Urias,1,90,90,43,15,0,14,81,20,1,83,3,.246,338,.290,.414,.704,0,1,1.000,5,1336,367,140,47,152,2,4,.279,1.00,0,24.14,1,0,0,0,0,.000,0.00,-.--,0.0,1,0,0,0,,,,,,,,,,,,,,,,,,,,,,,,,,,,,,,,,,
670329,Rico Garcia,5,6,12,4,1,0,2,2,3,0,8,0,.286,28,.355,.536,.891,0,1,1.000,0,119,,15,,,0,0,,0.50,0,,0,0,0,0,0,.000,0.00,0.00,6.2,5,0,0,0,5.40,6.2,0,0,0,0,0,0,4,1.65,31,20,5,0,0,77,.650,0,0,0,0,.---,17.85,3,0.67,2.70,4.05,10.80,5.40,2.70,2,0,,
455139,Robinson Chirinos,56,38,42,8,8,0,3,57,17,0,30,4,.182,165,.273,.285,.558,8,17,.680,3,729,188,47,19,66,1,1,.255,0.90,1,55.00,53,18,398,2,418,.995,7.43,8.43,444.1,56,1,0,1,,,,,,,,,,,,,,,,,,,,18,0,,,,,,,,,,,,3,4.40
596059,Rougned Odor,1,69,130,40,17,3,11,94,28,1,71,6,.197,360,.264,.353,.617,1,4,.800,9,1515,398,127,43,156,0,4,.232,0.53,0,32.73,0,0,0,0,0,.000,0.00,-.--,0.0,1,0,0,0,,,,,,,,,,,,,,,,,,,,,,,,,,,,,,,,,,
663630,Ryan McKenna,4,25,27,21,9,0,2,49,9,1,33,2,.252,131,.308,.366,.674,0,2,1.000,3,509,145,48,11,54,2,1,.383,0.93,0,65.50,0,0,0,0,0,.000,0.00,-.--,0.0,4,0,0,0,,,,,,,,,,,,,,,,,,,,,,,,,,,,,,,,,,
663624,Ryan Mountcastle,18,96,121,51,24,0,18,122,30,1,107,2,.243,440,.291,.420,.711,1,4,.800,12,1852,478,185,66,197,0,6,.291,0.79,0,24.44,18,0,0,0,0,.000,0.00,-.--,0.0,18,0,0,0,,,,,,,,,,,,,,,,,,,,,,,,,,,,,,,,,,
657093,Spenser Watkins,19,95,109,46,22,1,10,56,24,0,93,4,.265,351,.318,.419,.737,2,2,.500,1,1384,,147,,,0,2,,0.87,0,,18,6,4,2,12,.833,0.53,1.02,88.2,19,0,0,2,4.26,88.2,4,5,0,0,0,0,42,1.32,381,266,19,0,0,898,.650,4,1,3,0,.444,15.61,0,2.33,5.68,2.44,9.44,4.67,1.02,0,0,,
679631,Terrin Vavra,7,12,13,8,1,1,0,11,7,0,11,0,.244,45,.333,.311,.644,1,0,.000,1,201,54,14,7,15,0,2,.306,0.92,0,-.--,6,0,0,0,0,.000,0.00,-.--,0.0,7,0,0,0,,,,,,,,,,,,,,,,,,,,,,,,,,,,,,,,,,
663527,Tyler Nevin,3,38,42,17,4,0,2,46,19,0,30,4,.196,153,.296,.261,.557,0,0,.---,4,770,179,40,16,62,0,3,.259,0.90,0,76.50,3,0,0,0,0,.000,0.00,-.--,0.0,3,0,0,0,,,,,,,,,,,,,,,,,,,,,,,,,,,,,,,,,,
676265,,8,15,37,13,6,0,6,23,12,0,18,2,.194,93,.299,.452,.751,0,2,1.000,0,416,,42,,,0,0,,0.41,0,,4,1,0,0,1,1.000,0.13,0.38,24.2,8,0,0,0,4.74,24.2,0,2,0,0,0,0,13,1.22,107,74,8,0,0,263,.630,2,0,1,0,.000,16.86,4,1.92,8.39,4.38,6.57,4.74,2.19,2,0,,
657077,Alex Verdugo,2,149,136,55,34,1,7,60,31,2,135,3,.284,476,.329,.403,.732,2,1,.333,12,1942,514,192,61,218,0,4,.310,1.10,0,68.00,1,0,0,0,0,.000,0.00,-.--,0.0,2,0,0,0,,,,,,,,,,,,,,,,,,,,,,,,,,,,,,,,,,
666915,Bobby Dalbec,1,59,72,38,9,2,11,109,29,0,64,3,.213,300,.286,.367,.653,0,3,1.000,5,1409,336,110,36,154,0,4,.288,0.82,0,27.27,1,6,0,0,6,1.000,6.00,5.40,10.0,1,1,0,0,,,,,,,,,,,,,,,,,,,,,,,,,,,,,,,,,,
678394,Brayan Bello,7,32,16,21,10,2,0,24,15,1,39,2,.355,110,.438,.482,.920,0,2,1.000,7,458,,53,,,0,1,,2.00,0,,5,2,2,0,4,1.000,0.57,1.38,26.0,7,2,0,0,7.27,26.0,0,4,0,0,0,0,21,2.08,128,78,7,0,0,282,.620,2,0,0,0,.000,17.62,0,1.60,8.31,5.19,13.50,7.27,0.00,0,0,,
624414,Christian Arroyo,4,63,55,27,12,1,5,37,11,1,61,3,.285,214,.328,.421,.749,1,5,.833,6,801,230,90,22,94,1,1,.324,1.15,0,42.80,3,0,0,0,0,.000,0.00,-.--,0.0,4,0,0,0,,,,,,,,,,,,,,,,,,,,,,,,,,,,,,,,,,
571771,Enrique Hernandez,60,58,95,32,17,0,6,53,21,0,56,2,.217,258,.277,.353,.630,1,0,.000,8,1011,285,91,34,107,0,4,.246,0.61,0,43.00,59,1,150,0,151,1.000,2.52,2.63,516.0,60,1,0,0,,,,,,,,,,,,,,,,,,,,,,,,,,,,,,,,,,
614173,Franchy Cordero,3,45,53,36,17,1,8,87,26,1,53,1,.226,234,.304,.410,.714,1,4,.800,1,1052,265,96,29,98,2,2,.319,0.85,0,29.25,3,0,0,0,0,.000,0.00,-.--,0.0,3,0,0,0,,,,,,,,,,,,,,,,,,,,,,,,,,,,,,,,,,
676477,Garrett Whitlock,26,64,74,25,12,1,7,72,13,0,55,1,.208,264,.247,.341,.588,1,6,.857,5,1050,,90,,,0,1,,0.86,0,,9,6,6,0,12,1.000,0.46,1.52,71.1,26,0,0,0,2.90,71.1,3,2,6,7,2,1,23,0.95,279,214,26,0,0,715,.680,1,0,2,0,.600,14.72,10,5.54,9.08,1.64,6.94,3.15,0.88,1,0,,
502110,J.D. Martinez,112,90,111,60,36,0,10,120,42,1,117,5,.270,433,.338,.423,.761,0,0,.---,15,1961,485,183,49,209,0,5,.347,0.81,0,43.30,112,0,0,0,0,.000,0.00,-.--,0.0,112,0,0,0,,,,,,,,,,,,,,,,,,,,,,,,,,,,,,,,,,
544727,Jeurys Familia,38,31,30,26,7,1,6,33,15,1,48,1,.338,142,.405,.528,.933,2,0,.000,5,620,0,75,0,0,0,0,.---,1.03,0,-.--,0,1,3,2,6,.667,0.11,1.06,34.0,38,0,0,1,6.09,34.0,1,1,0,2,6,2,23,1.85,158,102,38,0,0,379,.610,1,0,1,0,.500,18.24,5,2.20,8.74,3.97,12.71,6.88,1.59,13,5,,
670167,John Schreiber,51,56,37,16,11,2,2,61,12,0,35,4,.187,187,.250,.299,.549,2,0,.000,4,807,,56,,,1,1,,1.51,0,,0,5,6,0,11,1.000,0.22,1.90,52.2,51,1,0,0,2.22,52.2,3,3,5,8,18,3,13,0.89,205,158,51,0,0,517,.640,4,0,4,1,.500,15.32,10,5.08,10.42,2.05,5.98,2.73,0.34,37,11,,
672391,Kaleb Ort,13,11,21,17,4,0,1,15,9,1,24,2,.343,70,.427,.443,.870,1,2,.667,2,329,,31,,,0,1,,0.52,0,,0,1,1,0,2,1.000,0.15,1.06,17.0,13,1,0,0,7.94,17.0,0,1,0,0,0,0,15,1.94,82,51,13,0,0,213,.650,2,0,0,0,.000,19.35,4,1.67,7.94,4.76,12.71,9.00,0.53,4,1,,
608700,Kevin Plawecki,1,0,3,0,0,0,0,0,0,0,1,0,.250,4,.250,.250,.500,0,0,.---,0,18,158,1,11,63,0,0,.246,0.00,0,142.00,0,13,359,0,372,1.000,7.02,8.83,379.2,53,1,0,0,0.00,1.0,0,0,0,0,0,0,0,1.00,4,3,1,0,0,12,.670,0,0,0,0,.---,18.00,1,-.--,0.00,0.00,9.00,0.00,0.00,0,0,1,4.34
676710,Kutter Crawford,21,51,94,49,21,0,12,77,29,1,81,2,.269,301,.335,.458,.793,4,5,.556,4,1296,,138,,,0,2,,0.54,0,,12,4,7,3,14,.786,0.52,1.29,77.1,21,2,0,3,5.47,77.1,3,6,0,0,0,0,47,1.42,334,232,21,0,0,827,.640,2,1,4,0,.333,16.76,3,2.66,8.96,3.38,9.43,5.70,1.40,4,2,,
598264,Matt Barnes,32,25,33,22,5,0,2,27,17,1,27,2,.245,110,.354,.345,.699,0,5,1.000,1,510,,38,,,1,1,,0.76,0,,0,2,2,0,4,1.000,0.13,1.29,28.1,32,0,0,0,6.04,28.1,0,4,3,5,2,2,19,1.55,131,85,32,0,0,312,.610,2,0,4,0,.000,18.00,8,1.59,8.58,5.40,8.58,6.99,0.64,3,0,,
621381,Matt Strahm,38,23,34,17,6,0,3,38,10,0,29,2,.236,123,.301,.358,.659,0,0,.---,0,537,,44,,,0,1,,0.68,0,,0,4,0,1,5,.800,0.11,1.16,31.2,38,0,0,1,3.69,31.2,3,3,3,6,9,3,13,1.23,136,95,38,0,0,364,.680,2,0,1,0,.500,16.96,8,3.80,10.80,2.84,8.24,4.83,0.85,24,6,,
608379,Michael Wacha,16,87,103,27,15,0,9,69,25,0,67,3,.207,324,.268,.336,.604,0,3,1.000,7,1353,,109,,,0,2,,0.84,0,,16,9,6,0,15,1.000,0.94,1.52,89.0,16,0,0,0,2.53,89.0,9,1,0,0,0,0,25,1.03,354,267,16,1,1,875,.650,3,0,2,0,.900,15.20,0,2.76,6.98,2.53,6.78,2.73,0.91,0,0,,
601713,Nick Pivetta,26,120,164,72,30,1,20,143,54,0,140,5,.248,564,.318,.411,.729,4,15,.789,6,2443,,232,,,0,3,,0.73,0,,26,7,11,0,18,1.000,0.69,1.10,147.1,26,1,0,0,4.40,147.1,9,10,0,0,0,0,72,1.32,626,442,26,1,0,1586,.650,5,1,6,0,.474,16.58,0,2.65,8.74,3.30,8.55,4.40,1.22,0,0,,
646240,Rafael Devers,3,117,115,69,33,1,25,88,34,9,130,6,.290,448,.347,.536,.883,1,2,.667,9,1736,490,240,66,169,0,2,.312,1.02,0,17.92,3,0,0,0,0,.000,0.00,-.--,0.0,3,0,0,0,,,,,,,,,,,,,,,,,,,,,,,,,,,,,,,,,,
624512,Reese McGuire,1,1,2,0,0,0,0,0,0,0,0,0,.000,3,.000,.000,.000,0,0,.---,0,7,166,0,10,55,0,0,.283,0.50,0,-.--,0,0,0,0,0,.000,0.00,-.--,0.0,1,0,0,0,0.00,1.0,0,0,0,0,0,0,0,0.00,3,3,1,0,0,6,.860,0,0,0,0,.---,7.00,1,-.--,0.00,0.00,0.00,0.00,0.00,0,0,2,3.43
448179,Rich Hill,19,88,98,47,22,6,11,74,25,0,87,3,.251,346,.307,.445,.752,2,4,.667,7,1412,,154,,,0,1,,0.90,0,,19,7,3,1,11,.909,0.53,1.01,89.2,19,1,0,1,4.32,89.2,6,5,0,0,0,0,43,1.25,375,269,19,0,0,958,.680,3,1,0,0,.545,15.75,0,2.96,7.43,2.51,8.73,4.72,1.10,0,0,,
608701,Rob Refsnyder,6,23,24,19,9,0,4,33,12,0,34,3,.304,112,.380,.491,.871,1,0,.000,1,545,129,55,14,38,0,2,.390,0.96,0,28.00,4,0,0,0,0,.000,0.00,-.--,0.0,6,0,0,0,,,,,,,,,,,,,,,,,,,,,,,,,,,,,,,,,,
518489,Ryan Brasier,55,43,52,40,20,0,8,51,11,1,63,1,.309,204,.339,.525,.864,0,6,1.000,5,827,,107,,,0,5,,0.83,0,,0,5,0,1,6,.833,0.09,0.90,50.1,55,1,0,1,6.62,50.1,0,3,1,4,9,3,37,1.47,221,151,55,0,0,578,.700,1,0,1,1,.000,16.43,9,4.64,9.12,1.97,11.26,7.15,1.43,20,12,,
502054,Tommy Pham,8,80,83,57,11,1,11,100,42,0,81,1,.238,340,.320,.374,.694,2,7,.778,13,1566,387,127,39,139,0,4,.300,0.96,0,30.91,8,0,0,0,0,.000,0.00,-.--,0.0,8,0,0,0,,,,,,,,,,,,,,,,,,,,,,,,,,,,,,,,,,
596115,Trevor Story,84,53,89,51,17,0,15,107,29,4,72,3,.227,317,.295,.423,.718,0,11,1.000,8,1406,353,134,58,166,0,4,.286,0.60,0,21.13,82,201,141,5,347,.986,4.07,4.22,730.2,84,48,0,3,,,,,,,,,,,,,,,,,,,,,,,,,,,,,,,,,,
593428,Xander Bogaerts,3,107,115,69,33,0,11,101,45,2,140,8,.306,457,.374,.451,.825,1,7,.875,10,2031,516,206,55,200,0,6,.368,0.93,0,41.54,1,0,0,0,0,.000,0.00,-.--,0.0,3,0,0,0,,,,,,,,,,,,,,,,,,,,,,,,,,,,,,,,,,
676265,,8,15,37,13,6,0,6,23,12,0,18,2,.194,93,.299,.452,.751,0,2,1.000,0,416,,42,,,0,0,,0.41,0,,4,1,0,0,1,1.000,0.13,0.38,24.2,8,0,0,0,4.74,24.2,0,2,0,0,0,0,13,1.22,107,74,8,0,0,263,.630,2,0,1,0,.000,16.86,4,1.92,8.39,4.38,6.57,4.74,2.19,2,0,,
650644,Aaron Civale,16,70,74,49,22,0,10,75,20,1,78,7,.265,294,.324,.442,.766,1,7,.875,4,1284,,130,,,0,3,,0.95,0,,16,4,6,2,12,.833,0.63,1.20,75.0,16,0,0,0,5.40,75.0,2,6,0,0,0,0,45,1.31,324,225,16,0,0,815,.630,7,0,1,1,.250,17.12,0,3.75,9.00,2.40,9.36,5.88,1.20,0,0,,
642708,Amed Rosario,3,155,118,70,22,7,8,87,23,0,140,3,.282,497,.316,.402,.718,3,12,.800,15,1911,526,200,52,199,0,3,.326,1.31,0,62.12,3,0,0,0,0,.000,0.00,-.--,0.0,3,0,0,0,,,,,,,,,,,,,,,,,,,,,,,,,,,,,,,,,,
665926,Andres Gimenez,18,86,98,49,22,2,15,86,23,1,115,16,.304,378,.367,.492,.859,2,15,.882,5,1546,424,186,60,145,4,3,.357,0.88,0,25.20,14,46,14,0,60,1.000,3.33,4.15,130.0,18,6,0,0,,,,,,,,,,,,,,,,,,,,,,,,,,,,,,,,,,
595978,Austin Hedges,81,59,78,22,3,0,6,58,20,0,42,5,.184,228,.263,.276,.539,11,40,.784,6,969,262,63,23,107,7,2,.217,0.76,0,38.00,75,32,637,4,673,.994,8.26,9.25,651.2,81,4,0,4,,,,,,,,,,,,,,,,,,,,19,1,,,,,,,,,,,,0,3.54
543766,Bryan Shaw,49,55,40,27,8,0,7,40,22,0,43,4,.242,178,.338,.404,.742,0,0,.---,4,756,0,72,0,0,0,0,.---,1.38,0,-.--,2,2,4,0,6,1.000,0.12,1.20,45.2,49,0,0,0,5.12,45.2,6,2,1,1,4,0,26,1.42,204,137,49,0,0,465,.620,4,0,2,0,.750,16.55,8,1.82,7.88,4.34,8.47,5.32,1.38,16,5,,
615698,Cal Quantrill,25,156,174,64,24,1,17,98,41,0,135,8,.244,553,.302,.383,.685,4,14,.778,11,2333,,212,,,3,7,,0.90,0,,25,14,5,2,21,.905,0.76,1.15,149.0,25,0,0,2,3.50,149.0,11,5,0,0,0,0,58,1.18,612,447,25,0,0,1497,.640,8,0,2,2,.688,15.66,0,2.39,5.92,2.48,8.15,3.87,1.03,0,0,,
669212,Eli Morgan,38,30,61,27,11,1,9,60,10,0,37,2,.199,186,.245,.414,.659,1,4,.800,1,814,,77,,,0,2,,0.49,0,,1,4,3,0,7,1.000,0.18,1.26,50.2,38,0,0,0,4.09,50.2,4,3,0,4,10,4,23,0.93,200,152,38,0,0,554,.680,2,0,0,1,.571,16.07,6,6.00,10.66,1.78,6.57,4.80,1.60,20,5,,
661403,Emmanuel Clase,58,80,27,11,6,0,2,57,6,1,29,0,.151,192,.177,.214,.391,0,2,1.000,7,671,,41,,,1,0,,2.96,0,,0,5,6,0,11,1.000,0.19,1.83,54.2,58,1,0,0,1.15,54.2,2,3,30,32,0,2,7,0.64,199,164,58,0,0,507,.760,0,0,4,0,.400,12.27,53,9.50,9.38,0.99,4.77,1.81,0.33,4,1,,
660853,Los Santos,38,39,38,13,11,1,3,45,13,1,33,2,.219,151,.282,.364,.646,0,3,1.000,2,672,0,55,0,0,0,4,.---,1.03,0,-.--,0,4,3,1,8,.875,0.18,1.50,42.0,38,0,0,1,2.79,42.0,3,0,1,2,2,1,13,1.10,170,126,38,0,0,450,.670,2,1,3,0,1.000,16.00,9,3.46,9.64,2.79,7.07,2.79,0.64,33,9,,
675916,James Karinchak,21,5,23,3,0,1,0,41,12,0,10,1,.128,78,.250,.154,.404,0,6,1.000,0,396,,12,,,0,1,,0.22,0,,0,0,0,0,0,.000,0.00,0.00,23.0,21,0,0,0,1.17,23.0,1,0,0,0,4,0,3,0.96,92,69,21,0,0,236,.600,1,0,2,0,1.000,17.22,3,3.42,16.04,4.70,3.91,1.17,0.00,4,2,,
608070,Jose Ramirez,22,97,193,72,38,4,26,54,50,9,133,4,.282,471,.352,.546,.898,6,14,.700,4,2157,531,257,106,188,0,6,.270,0.50,0,18.12,22,0,0,0,0,.000,0.00,-.--,0.0,22,0,0,0,,,,,,,,,,,,,,,,,,,,,,,,,,,,,,,,,,
647304,Josh Naylor,21,111,87,35,18,0,16,56,25,2,89,3,.263,338,.315,.459,.774,0,5,1.000,10,1320,371,155,61,143,0,5,.269,1.28,0,21.12,21,0,0,0,0,.000,0.00,-.--,0.0,21,0,0,0,,,,,,,,,,,,,,,,,,,,,,,,,,,,,,,,,,
571912,Luke Maile,56,24,41,17,10,0,2,40,18,0,32,1,.237,135,.327,.356,.683,10,21,.677,2,634,156,48,14,59,0,2,.316,0.59,0,67.50,42,16,359,0,375,1.000,6.70,8.77,385.2,56,2,0,0,,,,,,,,,,,,,,,,,,,,18,1,,,,,,,,,,,,1,3.66
664702,Myles Straw,120,138,138,57,18,2,0,70,44,0,85,1,.199,427,.274,.251,.525,1,15,.938,4,1886,476,107,23,189,1,3,.236,1.00,0,-.--,114,12,293,1,306,.997,2.54,2.69,1021.1,120,2,0,1,,,,,,,,,,,,,,,,,,,,,,,,,,,,,,,,,,
680704,Nick Sandlin,35,40,26,9,4,0,2,31,20,3,20,1,.171,117,.297,.256,.553,0,5,1.000,4,568,,30,,,0,0,,1.54,0,,0,3,1,1,5,.800,0.11,1.09,33.2,35,1,0,1,2.14,33.2,5,2,0,1,5,1,8,1.19,138,101,35,0,0,354,.620,1,0,1,0,.714,16.87,10,1.55,8.29,5.35,5.35,2.41,0.53,20,6,,
660757,Oscar Gonzalez,4,62,43,19,20,0,5,50,8,1,63,1,.290,217,.317,.452,.769,1,1,.500,3,865,227,98,23,88,0,1,.356,1.44,0,43.40,4,0,0,0,0,.000,0.00,-.--,0.0,4,0,0,0,,,,,,,,,,,,,,,,,,,,,,,,,,,,,,,,,,
680911,Owen Miller,18,102,101,47,24,1,5,80,26,1,87,7,.241,361,.298,.355,.653,0,1,1.000,7,1559,403,128,44,155,0,9,.288,1.01,0,72.20,11,0,0,0,0,.000,0.00,-.--,0.0,18,0,0,0,,,,,,,,,,,,,,,,,,,,,,,,,,,,,,,,,,
680700,Richie Palacios,7,28,26,6,5,0,0,18,7,0,22,1,.237,93,.294,.290,.584,0,1,1.000,0,433,102,27,10,47,0,1,.289,1.08,0,-.--,7,0,0,0,0,.000,0.00,-.--,0.0,7,0,0,0,,,,,,,,,,,,,,,,,,,,,,,,,,,,,,,,,,
656529,Sam Hentges,43,57,27,15,7,0,3,50,15,1,37,1,.219,169,.285,.314,.599,1,5,.833,3,716,,53,,,1,1,,2.11,0,,0,10,2,1,13,.923,0.28,2.40,45.2,43,1,0,1,2.96,45.2,3,2,0,0,2,0,15,1.14,187,137,43,0,0,472,.660,1,0,3,0,.600,15.68,14,3.33,9.85,2.96,7.29,2.96,0.59,13,4,,
669456,Shane Bieber,24,151,137,56,22,2,11,153,32,0,133,2,.234,568,.276,.338,.614,3,7,.700,13,2209,,192,,,3,3,,1.10,0,,24,13,12,1,26,.962,1.04,1.48,152.0,24,1,0,1,3.02,152.0,8,7,0,0,0,0,51,1.09,608,456,24,1,0,1486,.670,2,1,4,0,.533,14.53,0,4.78,9.06,1.89,7.88,3.32,0.65,0,0,,
680757,Steven Kwan,20,115,141,67,21,5,3,46,48,1,126,5,.298,423,.373,.392,.765,4,12,.750,7,2006,481,166,37,167,1,4,.325,0.82,0,141.00,19,1,33,2,36,.944,1.70,2.00,153.0,20,1,0,2,,,,,,,,,,,,,,,,,,,,,,,,,,,,,,,,,,
663986,Trevor Stephan,50,42,41,16,10,0,2,65,13,2,46,2,.242,190,.296,.326,.622,0,8,1.000,3,789,,62,,,3,1,,1.02,0,,0,1,5,2,8,.750,0.12,1.08,50.1,50,0,0,2,2.32,50.1,4,3,2,4,12,2,13,1.17,209,151,50,0,0,525,.670,2,0,2,0,.571,15.68,5,5.00,11.62,2.32,8.23,2.86,0.36,14,4,,
663474,Triston McKenzie,24,100,182,53,21,2,21,142,37,0,104,5,.198,526,.257,.365,.622,4,5,.556,9,2162,,192,,,1,1,,0.55,0,,23,8,10,0,18,1.000,0.75,1.10,147.2,24,1,0,0,3.17,147.2,9,10,0,0,0,0,52,0.95,570,443,24,0,0,1431,.660,5,0,8,0,.474,14.64,1,3.84,8.65,2.26,6.34,3.23,1.28,0,0,,
671289,Tyler Freeman,2,13,8,3,2,0,0,4,3,0,6,3,.194,31,.324,.258,.582,0,1,1.000,1,149,37,8,0,19,0,0,.222,1.63,0,-.--,2,5,3,0,8,1.000,4.00,4.00,18.0,2,2,0,0,,,,,,,,,,,,,,,,,,,,,,,,,,,,,,,,,,
666181,Will Benson,1,8,8,7,0,0,0,12,2,0,5,1,.152,33,.222,.152,.374,0,0,.---,1,146,36,5,1,23,0,0,.238,1.00,0,-.--,1,0,0,0,0,.000,0.00,-.--,0.0,1,0,0,0,,,,,,,,,,,,,,,,,,,,,,,,,,,,,,,,,,
668676,Zach Plesac,23,130,146,70,26,0,19,99,37,0,129,5,.256,503,.313,.421,.734,2,1,.333,8,2078,,212,,,0,1,,0.89,0,,23,12,10,2,24,.917,0.96,1.56,127.0,23,1,0,2,4.39,127.0,3,11,0,0,0,0,62,1.31,546,381,23,0,0,1362,.660,5,0,4,1,.214,16.36,0,2.68,7.02,2.62,9.14,4.96,1.35,0,0,,
676265,,8,15,37,13,6,0,6,23,12,0,18,2,.194,93,.299,.452,.751,0,2,1.000,0,416,,42,,,0,0,,0.41,0,,4,1,0,0,1,1.000,0.13,0.38,24.2,8,0,0,0,4.74,24.2,0,2,0,0,0,0,13,1.22,107,74,8,0,0,263,.630,2,0,1,0,.000,16.86,4,1.92,8.39,4.38,6.57,4.74,2.19,2,0,,
592717,Aaron Sanchez,3,14,9,6,5,0,0,14,4,0,16,3,.302,53,.383,.396,.779,1,0,.000,0,237,,21,,,0,0,,1.56,0,,3,1,1,0,2,1.000,0.67,1.50,12.2,3,0,0,0,4.26,12.2,0,1,0,0,0,0,6,1.58,60,38,3,0,0,151,.640,3,0,0,0,.000,18.71,0,3.50,9.95,2.84,11.37,4.26,0.00,0,0,,
643348,Caleb Hamilton,2,2,0,1,0,0,0,5,0,0,0,0,.000,6,.000,.000,.000,0,1,1.000,0,30,7,0,0,5,1,0,.000,2.00,0,-.--,0,0,4,0,4,1.000,2.00,9.00,4.0,2,1,0,0,,,,,,,,,,,,,,,,,,,,1,0,,,,,,,,,,,,0,3.00
573204,Caleb Thielbar,53,22,55,22,5,1,4,62,17,1,39,0,.220,177,.287,.328,.615,1,3,.750,1,790,,58,,,0,1,,0.40,0,,0,3,3,1,7,.857,0.11,1.15,47.1,53,0,0,1,3.80,47.1,3,2,1,1,15,0,20,1.18,195,142,53,0,0,543,.690,0,2,0,1,.600,16.69,9,3.65,11.79,3.23,7.42,4.18,0.76,37,7,,
621043,Carlos Correa,1,99,101,54,16,1,15,90,49,2,108,2,.274,394,.354,.434,.788,0,0,.---,14,1833,449,171,45,159,0,4,.317,0.98,0,26.27,1,0,0,0,0,.000,0.00,-.--,0.0,1,0,0,0,,,,,,,,,,,,,,,,,,,,,,,,,,,,,,,,,,
502042,Chris Archer,23,103,96,52,25,0,10,81,45,0,81,3,.227,357,.315,.381,.696,1,2,.667,8,1671,,136,,,0,4,,1.07,1,,23,5,2,0,7,1.000,0.30,0.66,95.2,23,1,0,0,4.52,95.2,2,7,0,0,0,0,48,1.32,410,287,23,0,0,1011,.610,3,0,3,0,.222,17.47,0,1.80,7.62,4.23,7.62,4.89,0.94,0,0,,
605164,Dylan Bundy,23,98,156,59,24,2,16,80,24,0,117,3,.263,445,.301,.434,.735,1,8,.889,4,1733,,193,,,0,6,,0.63,0,,23,5,3,0,8,1.000,0.35,0.64,113.1,23,0,0,0,4.53,113.1,7,6,0,0,0,0,57,1.24,478,340,23,0,0,1203,.690,3,0,2,0,.538,15.29,0,3.33,6.35,1.91,9.29,4.69,1.27,0,0,,
641941,Emilio Pagan,50,39,45,33,11,1,11,67,21,1,53,0,.262,202,.330,.490,.820,1,1,.500,2,936,,99,,,1,1,,0.87,0,,0,3,2,1,6,.833,0.10,0.88,51.0,50,1,0,1,4.94,51.0,4,6,9,16,7,7,28,1.45,225,153,50,0,0,613,.650,0,0,3,0,.400,18.35,25,3.19,11.82,3.71,9.35,5.82,1.94,12,5,,
596142,Gary Sanchez,26,74,81,35,20,0,13,100,28,0,70,4,.217,323,.286,.399,.685,12,24,.667,8,1421,357,129,45,135,0,2,.269,0.91,1,24.85,26,0,0,0,0,.000,0.00,-.--,0.0,26,0,0,0,,,,,,,,,,,,,,,,,,,,20,0,,,,,,,,,,,,4,4.49
665482,Gilberto Celestino,8,70,41,24,9,1,2,55,18,0,55,2,.251,219,.314,.329,.643,1,0,.000,11,965,241,72,17,106,2,0,.327,1.71,0,109.50,5,1,11,0,12,1.000,1.50,2.45,44.0,8,0,0,0,,,,,,,,,,,,,,,,,,,,,,,,,,,,,,,,,,
570482,Gio Urshela,1,97,114,44,22,3,11,71,28,1,101,0,.268,377,.314,.430,.744,0,0,.---,17,1482,411,162,53,183,0,6,.299,0.85,0,34.27,1,0,0,0,0,.000,0.00,-.--,0.0,1,0,0,0,,,,,,,,,,,,,,,,,,,,,,,,,,,,,,,,,,
643377,Griffin Jax,51,59,46,25,7,2,6,69,17,1,46,2,.211,218,.273,.344,.617,0,3,1.000,6,946,,75,,,1,1,,1.28,0,,0,2,2,1,5,.800,0.08,0.60,60.0,51,0,0,0,3.45,60.0,5,3,1,5,16,4,23,1.05,239,180,51,0,0,639,.680,2,0,2,0,.625,15.77,10,4.06,10.35,2.55,6.90,3.75,0.90,13,4,,
595909,Jake Cave,3,10,18,5,2,1,3,14,3,0,11,0,.212,52,.250,.462,.712,0,1,1.000,1,237,56,24,10,29,0,1,.222,0.56,0,17.33,3,0,4,0,4,1.000,1.33,1.44,25.0,3,0,0,0,,,,,,,,,,,,,,,,,,,,,,,,,,,,,,,,,,
661395,Jhoan Duran,48,60,30,13,4,1,6,73,13,2,41,4,.203,202,.264,.322,.586,1,2,.667,7,846,0,65,0,0,1,1,.---,2.00,0,-.--,0,4,1,1,6,.833,0.10,0.80,56.2,48,1,0,1,1.91,56.2,2,3,6,6,17,0,12,0.95,221,170,48,0,0,586,.690,4,0,5,0,.400,14.93,13,5.62,11.59,2.06,6.51,2.06,0.95,5,2,,
657746,Joe Ryan,21,64,156,48,26,2,17,113,34,0,92,8,.217,424,.288,.408,.696,2,8,.800,5,1840,,173,,,1,0,,0.41,0,,21,10,2,1,13,.923,0.57,0.96,113.1,21,0,0,1,3.65,113.1,10,6,0,0,0,0,46,1.11,467,340,21,0,0,1230,.670,8,0,2,2,.625,16.24,0,3.32,8.97,2.70,7.31,3.81,1.35,0,0,,
605347,Jorge Lopez,11,11,8,3,1,1,0,9,4,0,10,1,.263,38,.349,.342,.691,0,0,.---,2,163,0,13,0,0,0,0,.---,1.38,0,-.--,0,1,0,0,1,1.000,0.09,0.82,11.0,11,0,0,0,2.45,11.0,0,0,4,6,0,2,3,1.27,43,33,11,0,0,106,.650,1,0,0,0,.---,14.82,7,2.25,7.36,3.27,8.18,2.45,0.00,0,0,,
593871,Jorge Polanco,5,70,126,54,16,0,16,95,64,1,88,2,.235,375,.346,.405,.751,3,3,.500,4,1900,445,152,56,175,0,4,.269,0.56,0,23.44,4,0,0,0,0,.000,0.00,-.--,0.0,5,0,0,0,,,,,,,,,,,,,,,,,,,,,,,,,,,,,,,,,,
669304,Jose Miranda,15,73,87,36,17,0,13,72,17,0,87,7,.274,318,.324,.450,.774,1,1,.500,8,1306,343,143,56,157,0,1,.316,0.84,0,24.46,15,0,0,0,0,.000,0.00,-.--,0.0,15,0,0,0,,,,,,,,,,,,,,,,,,,,,,,,,,,,,,,,,,
663558,Jovani Moran,20,21,18,6,4,0,0,31,15,0,13,0,.157,83,.286,.205,.491,0,1,1.000,1,421,,17,,,0,0,,1.17,0,,0,2,0,0,2,1.000,0.10,0.78,23.1,20,0,0,0,1.93,23.1,0,1,1,1,0,0,5,1.20,98,70,20,0,0,248,.590,0,0,2,0,.000,18.04,11,2.07,11.96,5.79,5.01,2.31,0.00,6,3,,
664247,Kyle Garlick,7,24,27,21,3,0,9,30,8,0,30,3,.273,110,.336,.545,.881,0,0,.---,2,458,122,60,18,56,0,1,.292,0.89,0,12.22,6,0,0,0,0,.000,0.00,-.--,0.0,7,0,0,0,,,,,,,,,,,,,,,,,,,,,,,,,,,,,,,,,,
650333,Luis Arraez,22,135,127,72,23,1,7,37,46,2,139,2,.319,436,.385,.424,.809,4,4,.500,4,1956,486,185,42,126,0,2,.335,1.06,0,62.29,19,0,0,0,0,.000,0.00,-.--,0.0,22,0,0,0,,,,,,,,,,,,,,,,,,,,,,,,,,,,,,,,,,
596146,Max Kepler,2,114,110,50,17,1,9,61,49,1,83,5,.228,364,.325,.354,.679,2,3,.600,7,1583,422,129,43,185,0,4,.248,1.04,0,40.44,2,0,0,0,0,.000,0.00,-.--,0.0,2,0,0,0,,,,,,,,,,,,,,,,,,,,,,,,,,,,,,,,,,
605242,Michael Fulmer,13,13,8,5,2,0,2,15,3,0,12,0,.255,47,.294,.426,.720,1,1,.500,1,195,,20,,,0,1,,1.63,0,,0,2,1,0,3,1.000,0.23,2.08,13.0,13,1,0,0,3.46,13.0,2,1,0,0,3,0,5,1.15,51,39,13,0,0,125,.640,0,0,2,0,.667,15.00,2,5.00,10.38,2.08,8.31,3.46,1.38,3,1,,
624503,Nick Gordon,3,3,6,3,1,0,1,0,2,0,5,0,.357,14,.438,.643,1.081,0,0,.---,0,55,315,9,30,106,0,0,.354,0.50,0,48.33,0,0,0,0,0,.000,0.00,-.--,0.0,1,0,0,0,9.00,3.0,0,0,0,0,0,0,3,2.33,16,9,3,0,0,27,.490,0,0,0,0,.---,18.33,3,0.00,0.00,6.00,15.00,9.00,3.00,0,0,,
506702,Sandy Leon,15,1,5,0,0,0,0,0,0,0,0,0,.000,6,.000,.000,.000,2,9,.818,0,17,44,0,4,17,0,0,.217,0.20,0,-.--,14,2,128,1,131,.992,8.67,9.83,119.0,15,0,0,1,0.00,2.0,0,0,0,0,0,0,0,0.00,6,6,1,0,0,11,.650,0,0,4,0,.---,8.50,1,-.--,0.00,0.00,0.00,0.00,0.00,0,0,2,2.80
543243,Sonny Gray,20,95,98,36,14,2,9,99,32,0,80,5,.218,367,.287,.341,.628,1,7,.875,7,1599,,125,,,1,4,,0.97,0,,20,11,5,0,16,1.000,0.80,1.44,100.2,20,1,0,0,3.04,100.2,7,4,0,0,0,0,34,1.11,409,302,20,0,0,1010,.630,5,0,2,1,.636,15.88,0,3.09,8.85,2.86,7.15,3.22,0.80,0,0,,
656730,Trevor Megill,30,29,35,19,5,0,3,41,13,0,35,1,.252,139,.318,.353,.671,3,5,.625,3,586,,49,,,0,1,,0.83,0,,0,0,0,2,2,.000,0.00,0.00,36.2,30,0,0,2,3.68,36.2,3,1,0,1,3,1,15,1.31,154,110,30,0,0,384,.660,1,0,2,0,.750,15.98,6,3.15,10.06,3.19,8.59,4.66,0.74,15,4,,
676265,,8,15,37,13,6,0,6,23,12,0,18,2,.194,93,.299,.452,.751,0,2,1.000,0,416,,42,,,0,0,,0.41,0,,4,1,0,0,1,1.000,0.13,0.38,24.2,8,0,0,0,4.74,24.2,0,2,0,0,0,0,13,1.22,107,74,8,0,0,263,.630,2,0,1,0,.000,16.86,4,1.92,8.39,4.38,6.57,4.74,2.19,2,0,,
572041,AJ Pollock,14,107,104,44,21,1,8,79,25,0,89,2,.237,376,.286,.362,.648,1,1,.500,11,1425,406,136,42,187,0,3,.277,1.03,0,47.00,11,0,20,0,20,1.000,1.43,1.98,91.0,14,0,0,0,,,,,,,,,,,,,,,,,,,,,,,,,,,,,,,,,,
641553,Adam Engel,2,41,56,29,12,1,2,64,11,1,48,3,.230,209,.278,.325,.603,2,11,.846,2,868,223,68,14,94,0,0,.322,0.73,0,104.50,0,0,0,0,0,.000,0.00,-.--,0.0,2,0,0,0,,,,,,,,,,,,,,,,,,,,,,,,,,,,,,,,,,
683734,Andrew Vaughn,29,119,103,51,24,1,14,72,24,0,117,8,.287,407,.336,.455,.791,0,0,.---,11,1683,443,185,61,150,0,4,.317,1.16,0,29.07,29,0,0,0,0,.000,0.00,-.--,0.0,29,0,0,0,,,,,,,,,,,,,,,,,,,,,,,,,,,,,,,,,,
656024,Carlos Perez,1,1,2,0,0,0,0,0,0,0,1,0,.250,4,.250,.250,.500,0,2,1.000,0,18,4,1,0,2,0,0,.250,0.50,1,-.--,1,0,6,1,7,.857,6.00,6.00,9.0,1,0,0,0,,,,,,,,,,,,,,,,,,,,2,0,,,,,,,,,,,,1,8.00
663436,Davis Martin,9,37,48,22,7,0,5,28,14,1,37,1,.252,147,.319,.401,.720,0,3,1.000,2,641,,59,,,2,1,,0.77,1,,5,6,3,0,9,1.000,1.00,2.08,39.0,9,2,0,0,4.62,39.0,2,4,0,1,0,1,20,1.31,166,117,9,0,0,421,.660,1,0,3,1,.333,16.44,1,2.00,6.46,3.23,8.54,5.08,1.15,2,0,,
656302,Dylan Cease,26,100,142,47,21,1,14,190,62,2,103,2,.193,534,.279,.315,.594,4,10,.714,3,2509,,168,,,1,0,,0.70,0,,26,6,1,2,9,.778,0.27,0.43,147.0,26,0,0,2,2.27,147.0,12,6,0,0,0,0,37,1.12,599,441,26,0,0,1562,.620,2,1,6,1,.667,17.07,0,3.06,11.63,3.80,6.31,2.88,0.86,0,0,,
650391,Eloy Jimenez,22,48,38,22,6,0,8,44,20,0,57,2,.308,185,.378,.470,.848,0,0,.---,2,769,209,87,30,60,0,2,.363,1.26,0,23.12,22,0,0,0,0,.000,0.00,-.--,0.0,22,0,0,0,,,,,,,,,,,,,,,,,,,,,,,,,,,,,,,,,,
462101,Elvis Andrus,3,11,11,3,2,0,0,8,2,0,10,0,.250,40,.286,.300,.586,0,1,1.000,1,159,42,12,4,19,0,0,.313,1.00,0,-.--,3,0,0,0,0,.000,0.00,-.--,0.0,3,0,0,0,,,,,,,,,,,,,,,,,,,,,,,,,,,,,,,,,,
657757,Gavin Sheets,15,62,94,24,17,0,12,62,18,0,75,3,.258,291,.306,.440,.746,0,0,.---,7,1296,314,128,42,141,0,2,.288,0.66,0,24.25,15,0,0,0,0,.000,0.00,-.--,0.0,15,0,0,0,,,,,,,,,,,,,,,,,,,,,,,,,,,,,,,,,,
518617,Jake Diekman,13,7,5,6,2,0,2,15,8,1,11,2,.289,38,.438,.500,.938,0,2,1.000,0,198,,19,,,0,0,,1.40,0,,0,1,2,0,3,1.000,0.23,3.00,9.0,13,0,0,0,5.00,9.0,0,2,0,0,4,0,5,2.11,48,27,13,0,0,115,.580,2,0,0,0,.000,22.00,1,1.88,15.00,8.00,11.00,6.00,2.00,5,2,,
669424,Jimmy Lambert,28,28,42,11,7,0,2,33,15,0,30,1,.229,131,.311,.328,.639,0,5,1.000,2,595,0,43,0,0,1,1,.---,0.67,0,-.--,2,4,0,0,4,1.000,0.14,1.06,34.2,28,0,0,0,2.86,34.2,1,2,0,1,5,1,11,1.30,149,104,28,0,0,384,.650,1,0,4,0,.333,17.16,6,2.20,8.57,3.89,7.79,2.86,0.52,17,8,,
523260,Joe Kelly,33,36,12,23,6,0,2,35,18,0,29,3,.261,111,.376,.369,.745,0,4,1.000,2,538,,41,,,0,1,,3.00,0,,0,3,3,0,6,1.000,0.18,1.93,28.0,33,0,0,0,7.07,28.0,1,3,1,1,12,0,22,1.68,133,84,33,0,0,326,.610,3,0,1,1,.250,19.21,3,1.94,11.25,5.79,9.32,7.39,0.64,4,2,,
456501,Johnny Cueto,19,138,135,45,25,1,13,77,27,1,118,4,.255,463,.299,.397,.696,2,4,.667,17,1826,,184,,,0,5,,1.02,0,,18,12,9,0,21,1.000,1.11,1.54,123.2,19,2,0,0,2.98,123.2,6,6,0,1,0,1,41,1.17,499,371,19,1,0,1189,.650,4,1,0,1,.500,14.77,0,2.85,5.60,1.96,8.59,3.27,0.95,0,0,,
547989,Jose Abreu,26,133,117,72,29,0,14,89,55,2,150,7,.309,486,.385,.455,.840,0,0,.---,13,2250,551,221,60,223,0,3,.352,1.14,0,34.71,26,0,0,0,0,.000,0.00,-.--,0.0,26,0,0,0,,,,,,,,,,,,,,,,,,,,,,,,,,,,,,,,,,
614179,Jose Ruiz,53,46,47,26,10,1,7,56,26,0,45,0,.236,191,.323,.408,.731,1,7,.875,3,946,,78,,,0,3,,0.98,0,,0,4,2,0,6,1.000,0.11,1.08,50.2,53,1,0,0,4.44,50.2,1,0,0,0,11,0,25,1.40,220,152,53,0,0,569,.600,0,1,4,0,1.000,18.67,18,2.15,9.95,4.62,7.99,4.62,1.24,25,11,,
543281,Josh Harrison,3,2,3,6,1,0,1,2,2,0,9,0,.563,16,.611,.813,1.424,0,0,.---,2,57,349,13,23,139,0,0,.278,0.67,0,52.67,0,0,0,0,0,.000,0.00,-.--,0.0,3,0,0,0,18.00,3.0,0,0,0,0,0,0,6,3.67,18,9,3,0,0,33,.580,0,0,0,0,.---,19.00,3,1.00,6.00,6.00,27.00,18.00,3.00,0,0,,
608665,Kendall Graveman,52,61,43,21,8,1,5,52,22,1,52,1,.252,206,.325,.374,.699,0,3,1.000,6,826,0,77,0,0,0,2,.---,1.42,0,-.--,0,4,2,1,7,.857,0.12,1.02,53.1,52,0,0,1,2.70,53.1,3,3,6,11,21,5,16,1.39,231,160,52,0,0,523,.630,1,0,2,0,.500,15.49,12,2.36,8.78,3.71,8.78,3.54,0.84,6,1,,
544725,Leury Garcia,3,94,72,35,8,0,3,61,7,0,60,3,.213,282,.237,.273,.510,0,1,1.000,6,1097,297,77,19,119,2,3,.258,1.31,0,94.00,0,0,0,0,0,.000,0.00,-.--,0.0,3,0,0,0,,,,,,,,,,,,,,,,,,,,,,,,,,,,,,,,,,
521230,Liam Hendriks,45,27,42,19,5,1,7,66,11,1,37,1,.220,168,.268,.387,.655,0,7,1.000,0,731,0,65,0,0,1,3,.---,0.64,0,-.--,0,5,1,0,6,1.000,0.13,1.20,45.0,45,0,0,0,3.20,45.0,2,3,28,32,0,4,16,1.07,184,135,45,0,0,459,.630,1,0,7,0,.400,16.24,40,6.00,13.20,2.20,7.40,3.80,1.40,8,4,,
608337,Lucas Giolito,24,107,115,79,32,2,22,142,48,1,144,1,.286,504,.346,.488,.834,1,4,.800,14,2192,,246,,,0,4,,0.93,0,,24,11,4,0,15,1.000,0.63,1.05,128.0,24,1,0,0,5.27,128.0,10,8,0,0,0,0,75,1.50,557,384,24,0,0,1405,.640,1,0,3,1,.556,17.13,0,2.96,9.98,3.38,10.13,5.55,1.55,0,0,,
673357,Luis Robert,4,92,90,54,18,0,12,69,17,1,107,3,.300,357,.336,.451,.787,3,11,.786,6,1275,378,161,56,154,0,1,.343,1.02,0,29.75,3,0,0,0,0,.000,0.00,-.--,0.0,4,0,0,0,,,,,,,,,,,,,,,,,,,,,,,,,,,,,,,,,,
625643,Reynaldo Lopez,46,46,47,20,12,3,0,54,8,1,44,1,.238,185,.269,.335,.604,1,5,.833,4,790,0,62,0,0,3,3,.---,0.98,0,-.--,1,6,5,1,12,.917,0.24,1.98,50.2,46,0,0,1,3.02,50.2,5,3,0,4,6,4,17,1.03,200,152,46,0,0,522,.660,1,0,3,0,.625,15.59,6,6.75,9.59,1.42,7.82,3.55,0.00,26,8,,
663853,Romy Gonzalez,2,9,5,3,2,0,0,6,2,0,6,0,.240,25,.286,.320,.606,0,0,.---,2,88,28,8,2,14,0,1,.300,1.80,0,-.--,2,7,3,0,10,1.000,5.00,5.00,18.0,2,1,0,0,,,,,,,,,,,,,,,,,,,,,,,,,,,,,,,,,,
664874,Seby Zavala,1,19,38,16,11,0,2,54,16,0,41,2,.277,148,.351,.392,.743,5,19,.792,1,735,170,58,18,77,2,2,.415,0.50,0,74.00,0,0,0,0,0,.000,0.00,-.--,0.0,1,0,0,0,,,,,,,,,,,,,,,,,,,,11,0,,,,,,,,,,,,3,4.17
621383,Tanner Banks,32,55,43,24,5,0,4,40,17,0,40,1,.226,177,.296,.322,.618,3,0,.000,3,818,,57,,,0,1,,1.28,0,,0,5,2,0,7,1.000,0.22,1.34,47.0,32,0,0,0,3.26,47.0,1,0,0,0,1,0,17,1.21,196,141,32,0,0,551,.670,1,0,2,1,1.000,17.40,12,2.35,7.66,3.26,7.66,4.60,0.77,9,5,,
592826,Vince Velasquez,18,48,78,35,17,0,10,48,19,0,56,2,.245,229,.308,.450,.758,0,3,1.000,2,1010,,103,,,1,0,,0.62,0,,8,1,2,3,6,.500,0.17,0.47,58.0,18,0,0,1,5.12,58.0,3,3,0,0,0,0,33,1.29,251,174,18,0,0,650,.640,2,1,0,0,.500,17.41,2,2.53,7.45,2.95,8.69,5.43,1.55,3,2,,
676265,,8,15,37,13,6,0,6,23,12,0,18,2,.194,93,.299,.452,.751,0,2,1.000,0,416,,42,,,0,0,,0.41,0,,4,1,0,0,1,1.000,0.13,0.38,24.2,8,0,0,0,4.74,24.2,0,2,0,0,0,0,13,1.22,107,74,8,0,0,263,.630,2,0,1,0,.000,16.86,4,1.92,8.39,4.38,6.57,4.74,2.19,2,0,,
607237,Amir Garrett,46,25,42,21,5,1,0,37,26,0,21,2,.169,124,.320,.226,.546,0,6,1.000,5,642,,28,,,0,1,,0.60,0,,0,2,0,0,2,1.000,0.04,0.50,36.1,46,0,0,0,4.95,36.1,3,1,0,0,8,0,20,1.29,153,109,46,0,0,380,.590,2,1,6,0,.750,17.67,3,1.42,9.17,6.44,5.20,5.20,0.00,32,3,,
664948,Anthony Misiewicz,17,11,18,7,5,0,1,8,6,0,14,0,.275,51,.351,.431,.782,0,0,.---,4,234,,22,,,0,0,,0.61,0,,0,0,0,0,0,.000,0.00,0.00,13.2,17,0,0,0,4.61,13.2,0,1,0,0,3,0,7,1.46,57,41,17,0,0,138,.590,0,0,0,0,.000,17.12,3,1.33,5.27,3.95,9.22,4.61,0.66,11,5,,
677951,Witt Jr.,2,88,154,66,22,6,18,109,23,1,116,6,.251,462,.292,.442,.734,4,26,.867,9,1826,496,204,65,204,0,5,.288,0.57,0,25.67,2,0,0,0,0,.000,0.00,-.--,0.0,2,0,0,0,,,,,,,,,,,,,,,,,,,,,,,,,,,,,,,,,,
641745,Brad Keller,26,159,118,79,20,4,16,88,49,1,139,2,.279,499,.343,.431,.774,2,5,.714,12,2035,,215,,,1,4,,1.35,0,,22,10,12,1,23,.957,0.85,1.57,126.0,26,0,0,0,5.21,126.0,6,13,0,0,1,0,73,1.49,555,378,26,0,0,1276,.630,2,0,10,0,.316,16.15,0,1.80,6.29,3.50,9.93,5.64,1.14,0,0,,
663903,Brady Singer,22,113,109,47,13,1,15,124,30,0,110,8,.243,452,.301,.376,.677,3,2,.400,12,1904,,170,,,3,1,,1.04,0,,19,14,5,0,19,1.000,0.86,1.41,121.2,22,0,0,0,3.33,121.2,7,4,0,0,0,0,45,1.15,494,365,22,0,0,1240,.650,8,1,2,1,.636,15.65,2,4.13,9.17,2.22,8.14,3.48,1.11,0,0,,
667670,Brent Rooker,4,1,2,0,0,0,0,4,0,0,0,0,.000,7,.000,.000,.000,0,0,.---,0,22,7,0,0,7,0,0,.000,0.50,0,-.--,3,0,0,0,0,.000,0.00,-.--,0.0,4,0,0,0,,,,,,,,,,,,,,,,,,,,,,,,,,,,,,,,,,
672578,Carlos Hernandez,14,43,57,40,14,1,7,26,23,0,60,1,.330,182,.400,.533,.933,1,4,.800,3,790,,97,,,0,4,,0.75,0,,7,6,2,0,8,1.000,0.57,1.67,43.2,14,0,0,0,8.04,43.2,0,3,0,0,0,0,39,1.90,210,131,14,0,0,487,.620,1,0,2,0,.000,18.09,2,1.13,5.36,4.74,12.37,8.24,1.44,3,0,,
676092,Collin Snider,30,31,20,18,5,0,2,15,11,0,27,1,.293,92,.375,.413,.788,0,0,.---,4,408,0,38,0,0,1,0,.---,1.55,0,-.--,0,0,3,0,3,1.000,0.10,1.13,24.1,30,1,0,0,6.66,24.1,4,2,0,1,6,1,18,1.56,105,73,30,0,0,243,.600,1,0,0,0,.667,16.77,2,1.36,5.55,4.07,9.99,6.66,0.74,24,3,,
663738,Daniel Lynch,21,90,119,57,17,1,13,97,43,2,116,4,.280,415,.349,.419,.768,2,4,.667,6,1892,0,174,0,0,2,5,.---,0.76,0,-.--,21,7,2,1,10,.900,0.43,0.79,103.1,21,0,0,0,4.70,103.1,4,9,0,0,0,0,54,1.54,469,310,21,0,0,1197,.630,4,1,5,1,.308,18.31,0,2.26,8.45,3.75,10.10,4.96,1.13,0,0,,
671221,Drew Waters,5,6,3,4,1,0,0,6,4,0,5,0,.250,20,.375,.300,.675,0,0,.---,1,103,24,6,3,11,0,0,.357,2.00,0,-.--,5,0,13,0,13,1.000,2.60,2.60,45.0,5,0,0,0,,,,,,,,,,,,,,,,,,,,,,,,,,,,,,,,,,
669395,Dylan Coleman,55,44,60,21,11,0,5,57,34,1,36,3,.187,193,.312,.321,.633,1,0,.000,2,996,0,62,0,0,0,4,.---,0.73,0,-.--,0,2,2,3,7,.571,0.07,0.67,54.1,55,0,0,2,2.65,54.1,3,1,0,2,13,2,16,1.29,234,163,55,0,0,590,.590,3,0,6,0,.750,18.33,7,1.68,9.44,5.63,5.96,3.48,0.83,23,9,,
641531,Hunter Dozier,1,2,1,2,0,0,1,0,1,0,2,0,.400,5,.500,1.000,1.500,0,0,.---,0,23,426,5,36,193,0,0,.305,2.00,0,39.10,0,0,0,0,0,.000,0.00,-.--,0.0,20,0,0,0,18.00,1.0,0,0,0,0,0,0,2,3.00,6,3,1,0,0,13,.570,0,0,0,0,.---,23.00,1,0.00,0.00,9.00,18.00,18.00,9.00,0,0,,
669169,Jonathan Heasley,15,66,87,46,14,2,15,55,35,0,74,4,.267,277,.352,.495,.847,1,1,.500,6,1269,,137,,,0,5,,0.76,0,,15,5,1,1,7,.857,0.40,0.77,70.2,15,1,0,1,5.22,70.2,2,7,0,0,0,0,41,1.54,321,212,15,0,0,771,.610,4,0,6,1,.222,17.96,0,1.57,7.00,4.46,9.42,5.86,1.91,0,0,,
621016,Jose Cuas,37,37,27,16,8,0,2,26,19,1,31,3,.261,119,.373,.378,.751,1,3,.750,1,546,,45,,,1,1,,1.37,0,,0,7,0,0,7,1.000,0.19,2.10,30.2,37,0,0,0,3.82,30.2,3,2,1,1,10,0,13,1.63,143,92,37,0,0,338,.620,3,0,1,0,.600,17.80,3,1.37,7.63,5.58,9.10,4.70,0.59,26,4,,
663460,Kris Bubic,22,98,105,69,23,1,14,83,49,0,118,1,.296,398,.370,.465,.835,0,4,1.000,13,1734,,185,,,0,6,,0.93,0,,21,11,4,2,17,.882,0.68,1.36,99.1,22,0,0,1,5.62,99.1,2,9,0,0,0,0,62,1.68,454,298,22,0,0,1079,.620,1,1,3,0,.182,17.46,1,1.69,7.52,4.44,10.69,6.25,1.27,0,0,,
664728,Kyle Isbel,2,49,54,25,8,4,3,59,11,0,43,3,.213,202,.261,.337,.598,3,9,.750,5,851,219,68,20,105,1,2,.282,0.91,0,67.33,0,0,0,0,0,.000,0.00,-.--,0.0,2,0,0,0,,,,,,,,,,,,,,,,,,,,,,,,,,,,,,,,,,
596133,Luke Weaver,7,5,14,10,4,0,0,6,6,0,14,0,.378,37,.444,.486,.930,0,1,1.000,0,192,0,18,0,0,0,2,.---,0.36,0,-.--,0,0,0,0,0,.000,0.00,-.--,0.0,1,0,0,0,7.88,8.0,0,0,0,0,0,0,7,2.50,45,24,7,0,0,117,.610,0,0,2,0,.---,24.00,6,1.00,6.75,6.75,15.75,11.25,0.00,7,5,,
669004,MJ Melendez,17,78,89,39,15,2,14,100,50,1,75,1,.224,335,.321,.406,.727,8,22,.733,2,1599,393,136,46,143,0,7,.268,0.88,0,23.93,16,0,0,0,0,.000,0.00,-.--,0.0,17,0,0,0,,,,,,,,,,,,,,,,,,,,39,0,,,,,,,,,,,,5,5.03
572191,A. Taylor,1,2,2,2,1,0,1,2,2,0,5,0,.455,11,.538,.818,1.356,0,0,.---,0,37,366,9,38,135,0,0,.341,1.00,0,41.25,0,0,0,0,0,.000,0.00,-.--,0.0,1,0,0,0,9.00,2.0,0,0,0,0,0,0,2,3.50,13,6,1,0,0,24,.650,0,0,0,0,.---,18.50,1,1.00,9.00,9.00,22.50,9.00,4.50,0,0,,
686681,Michael Massey,2,17,25,6,5,1,1,22,4,0,21,4,.253,83,.315,.373,.688,0,2,1.000,1,346,93,31,8,40,1,1,.328,0.68,0,83.00,0,0,0,0,0,.000,0.00,-.--,0.0,2,0,0,0,,,,,,,,,,,,,,,,,,,,,,,,,,,,,,,,,,
668472,Nick Pratto,1,20,28,15,9,1,6,46,14,0,24,1,.209,115,.295,.461,.756,0,0,.---,5,568,133,53,18,41,1,2,.277,0.71,0,19.17,1,0,1,0,1,1.000,1.00,1.29,7.0,1,0,0,0,,,,,,,,,,,,,,,,,,,,,,,,,,,,,,,,,,
670032,Nicky Lopez,1,2,1,2,0,0,2,0,0,0,3,0,.500,6,.500,1.500,2.000,0,0,.---,0,16,420,9,17,187,0,0,.283,2.00,0,-.--,0,126,53,4,183,.978,4.07,4.77,338.0,44,34,0,1,18.00,1.0,0,0,0,0,0,0,2,3.00,6,3,1,0,0,7,.440,0,0,0,0,.---,16.00,1,-.--,0.00,0.00,27.00,18.00,18.00,0,0,,
656811,Ryan O'Hearn,10,32,21,10,3,1,1,30,7,0,22,2,.212,104,.272,.288,.560,0,0,.---,2,429,114,30,11,57,0,1,.284,1.52,0,104.00,10,0,0,0,0,.000,0.00,-.--,0.0,10,0,0,0,,,,,,,,,,,,,,,,,,,,,,,,,,,,,,,,,,
521692,Salvador Perez,31,71,97,39,17,1,19,96,14,1,83,5,.241,345,.279,.461,.740,6,19,.760,8,1318,366,159,63,141,0,2,.276,0.73,0,18.16,31,0,0,0,0,.000,0.00,-.--,0.0,31,0,0,0,,,,,,,,,,,,,,,,,,,,23,1,,,,,,,,,,,,1,4.66
605130,Scott Barlow,57,61,53,23,4,1,9,62,16,1,48,3,.217,221,.276,.367,.643,1,3,.750,10,992,0,81,0,0,0,3,.---,1.15,0,-.--,0,2,4,0,6,1.000,0.11,0.87,62.0,57,0,0,0,2.61,62.0,5,4,20,23,6,3,18,1.03,243,186,57,0,0,656,.660,3,0,5,0,.556,16.00,38,3.88,9.00,2.32,6.97,3.34,1.31,33,11,,
665861,Sebastian Rivero,9,3,4,1,0,0,0,8,2,0,3,0,.176,17,.263,.176,.439,1,4,.800,0,89,20,3,0,5,1,0,.333,0.75,0,-.--,6,2,46,0,48,1.000,5.33,8.64,50.0,9,0,0,0,,,,,,,,,,,,,,,,,,,,1,0,,,,,,,,,,,,0,5.40
676265,,8,15,37,13,6,0,6,23,12,0,18,2,.194,93,.299,.452,.751,0,2,1.000,0,416,,42,,,0,0,,0.41,0,,4,1,0,0,1,1.000,0.13,0.38,24.2,8,0,0,0,4.74,24.2,0,2,0,0,0,0,13,1.22,107,74,8,0,0,263,.630,2,0,1,0,.000,16.86,4,1.92,8.39,4.38,6.57,4.74,2.19,2,0,,
668731,Akil Baddoo,2,27,36,14,1,0,1,42,12,0,24,0,.186,129,.255,.217,.472,3,4,.571,2,568,141,28,5,52,0,0,.267,0.75,0,129.00,0,0,0,0,0,.000,0.00,-.--,0.0,2,0,0,0,,,,,,,,,,,,,,,,,,,,,,,,,,,,,,,,,,
656638,Alex Lange,56,54,29,26,6,1,4,68,25,1,40,4,.214,187,.317,.321,.638,0,5,1.000,2,842,,60,,,2,2,,1.86,0,,0,7,4,1,12,.917,0.20,1.98,50.1,56,0,0,0,3.93,50.1,4,3,0,2,16,2,22,1.29,220,151,56,0,0,506,.600,4,0,11,0,.571,16.73,9,2.72,12.16,4.47,7.15,4.65,0.72,18,7,,
605177,Andrew Chafin,48,45,31,18,5,1,3,54,10,0,34,2,.214,159,.264,.314,.578,1,1,.500,6,662,,50,,,2,3,,1.45,0,,0,5,3,2,10,.800,0.17,1.67,43.1,48,1,0,2,2.91,43.1,0,2,1,1,16,0,14,1.02,176,130,48,0,0,429,.650,2,0,2,1,.000,15.28,6,5.40,11.22,2.08,7.06,3.74,0.62,23,4,,
596057,Daniel Norris,5,17,16,6,2,0,3,9,5,0,14,5,.250,56,.364,.446,.810,0,0,.---,2,234,0,25,0,0,0,0,.---,1.06,0,-.--,2,1,2,0,3,1.000,0.60,1.93,14.2,5,0,0,0,3.68,14.2,0,0,0,0,0,0,6,1.30,66,44,5,0,0,143,.610,5,0,0,0,.---,15.95,1,1.80,5.52,3.07,8.59,3.68,1.84,0,0,,
571800,Drew Hutchison,22,78,93,38,14,2,7,48,33,1,76,0,.260,292,.333,.394,.727,1,5,.833,11,1240,,115,,,1,2,,0.84,0,,12,7,5,1,13,.923,0.55,1.42,76.1,22,1,0,1,4.01,76.1,2,7,0,0,0,0,34,1.43,328,229,22,0,0,767,.620,0,0,2,1,.222,16.24,3,1.45,5.66,3.89,8.96,4.48,0.83,1,0,,
593958,Eduardo Rodriguez,10,42,64,27,11,0,4,41,23,0,45,0,.237,190,.318,.358,.676,0,2,1.000,4,827,,68,,,1,1,,0.66,0,,10,5,3,0,8,1.000,0.80,1.44,50.0,10,1,0,0,3.60,50.0,3,3,0,0,0,0,20,1.36,215,150,10,0,0,518,.630,0,0,0,0,.500,16.54,0,1.78,7.38,4.14,8.10,4.86,0.72,0,0,,
606992,Eric Haase,8,52,60,30,11,1,9,75,20,0,57,1,.237,241,.294,.402,.696,9,20,.690,5,1079,265,97,35,112,0,3,.300,0.87,0,26.78,5,0,0,0,0,.000,0.00,-.--,0.0,8,0,0,0,,,,,,,,,,,,,,,,,,,,23,0,,,,,,,,,,,,4,4.22
682051,Garrett Hill,9,46,63,22,9,0,6,25,19,0,40,3,.230,174,.316,.385,.701,1,4,.800,3,756,,67,,,0,0,,0.73,0,,8,2,3,1,6,.833,0.56,1.00,45.2,9,0,0,1,3.94,45.2,3,3,0,0,0,0,20,1.29,196,137,9,0,0,474,.630,3,0,1,0,.500,16.55,0,1.32,4.93,3.74,7.88,4.34,1.18,0,0,,
642397,Gregory Soto,48,41,45,25,10,1,2,44,22,0,36,7,.220,164,.335,.329,.664,0,0,.---,8,822,,54,,,1,1,,0.91,0,,0,6,0,0,6,1.000,0.13,1.17,46.0,48,0,0,0,3.52,46.0,2,7,23,25,1,2,18,1.26,195,138,48,0,0,510,.620,7,0,2,0,.222,17.87,41,2.00,8.61,4.30,7.04,4.89,0.39,9,2,,
605612,Harold Castro,6,4,5,2,2,0,0,1,1,0,6,1,.400,15,.444,.533,.977,0,0,.---,1,50,349,8,36,115,0,1,.340,0.80,0,65.80,6,0,0,0,0,.000,0.00,-.--,0.0,6,0,0,0,4.50,4.0,0,0,0,0,0,0,2,1.75,18,12,4,0,0,34,.680,1,0,0,0,.---,12.50,3,1.00,2.25,2.25,13.50,4.50,0.00,0,0,,
671345,Jason Foley,47,69,38,16,5,1,0,31,10,0,52,2,.275,189,.318,.312,.630,2,3,.600,7,754,,59,,,1,0,,1.82,0,,0,7,2,0,9,1.000,0.19,1.65,49.0,47,1,0,0,2.76,49.0,1,0,0,0,5,0,15,1.27,202,147,47,0,0,507,.670,2,1,0,0,1.000,15.39,13,3.10,5.69,1.84,9.55,2.94,0.00,19,9,,
595879,Javier Baez,3,129,96,47,24,2,11,115,22,0,97,5,.224,434,.267,.364,.631,2,8,.800,12,1678,464,158,47,182,0,3,.277,1.34,0,39.46,3,0,0,0,0,.000,0.00,-.--,0.0,3,0,0,0,,,,,,,,,,,,,,,,,,,,,,,,,,,,,,,,,,
600869,Jeimer Candelario,2,92,102,42,14,2,12,90,24,0,72,6,.203,355,.264,.355,.619,1,0,.000,8,1434,386,126,40,145,0,1,.236,0.90,0,29.58,1,0,0,0,0,.000,0.00,-.--,0.0,2,0,0,0,,,,,,,,,,,,,,,,,,,,,,,,,,,,,,,,,,
641729,Joe Jimenez,55,29,52,20,7,2,3,69,12,0,40,0,.212,189,.257,.317,.574,1,6,.857,2,841,,60,,,0,1,,0.56,0,,0,1,1,0,2,1.000,0.04,0.36,50.1,55,0,0,0,3.22,50.1,3,2,2,3,10,1,18,1.03,202,151,55,0,0,578,.690,0,0,0,0,.600,16.71,12,5.75,12.34,2.15,7.15,3.58,0.54,8,2,,
542585,Jose Cisnero,14,12,15,3,2,0,0,8,10,0,6,0,.146,41,.314,.195,.509,0,0,.---,2,208,,8,,,0,0,,0.80,0,,0,1,0,0,1,1.000,0.07,0.75,12.1,14,0,0,0,1.46,12.1,0,0,0,0,2,0,2,1.30,51,37,14,0,0,119,.570,0,0,1,0,.---,16.86,4,0.80,5.84,7.30,4.38,2.19,0.00,4,0,,
681481,Kerry Carpenter,8,9,9,7,3,1,2,13,4,0,11,0,.268,41,.326,.537,.863,0,0,.---,0,170,46,22,5,17,0,1,.333,1.00,0,20.50,8,0,0,0,0,.000,0.00,-.--,0.0,8,0,0,0,,,,,,,,,,,,,,,,,,,,,,,,,,,,,,,,,,
665019,Kody Clemens,4,6,5,2,1,0,0,0,1,0,6,0,.353,17,.389,.412,.801,0,0,.---,1,50,108,7,12,31,0,0,.157,1.20,0,32.67,0,0,0,0,0,.000,0.00,-.--,0.0,3,0,0,0,4.50,4.0,0,0,0,0,0,0,2,1.75,18,12,4,0,0,30,.600,0,0,0,0,.---,12.50,3,0.00,0.00,2.25,13.50,4.50,0.00,0,0,,
666159,Matt Manning,8,37,49,17,4,0,5,32,10,0,40,0,.260,154,.298,.383,.681,1,1,.500,1,617,,59,,,0,4,,0.76,0,,8,3,4,0,7,1.000,0.88,1.58,40.1,8,0,0,0,3.79,40.1,1,2,0,0,0,0,17,1.24,168,121,8,0,0,411,.670,0,0,0,0,.333,15.30,0,3.20,7.14,2.23,8.93,3.79,1.12,0,0,,
408234,Miguel Cabrera,97,109,65,23,10,0,4,92,25,3,92,3,.261,353,.311,.323,.634,0,1,1.000,8,1435,386,114,37,126,0,5,.336,1.68,0,88.25,97,0,0,0,0,.000,0.00,-.--,0.0,97,0,0,0,,,,,,,,,,,,,,,,,,,,,,,,,,,,,,,,,,
682985,Riley Greene,63,72,41,36,12,4,5,84,21,0,66,1,.252,262,.309,.385,.694,4,1,.200,8,1141,285,101,29,95,0,1,.351,1.76,0,52.40,63,0,167,1,168,.994,2.65,2.75,547.2,63,0,0,0,,,,,,,,,,,,,,,,,,,,,,,,,,,,,,,,,,
571466,Tucker Barnhart,1,1,1,1,1,0,0,0,0,0,3,0,.600,5,.600,.800,1.400,0,0,.---,1,17,248,4,13,94,0,0,.297,1.00,0,-.--,0,0,0,0,0,.000,0.00,0.00,1.0,1,0,0,0,9.00,1.0,0,0,0,0,0,0,1,3.00,5,3,1,0,0,12,.710,0,0,0,0,.---,17.00,1,-.--,0.00,0.00,27.00,9.00,0.00,0,0,2,3.93
641302,Tyler Alexander,20,57,94,37,13,0,10,33,15,1,70,0,.282,248,.318,.456,.774,2,6,.750,6,1012,,113,,,2,4,,0.61,0,,10,4,2,1,7,.857,0.30,0.86,63.1,20,0,0,0,4.83,63.1,3,8,0,0,1,0,34,1.34,269,190,20,0,0,672,.660,0,0,0,1,.273,15.98,1,2.20,4.69,2.13,9.95,5.26,1.42,13,6,,
622682,Victor Reyes,4,61,52,20,15,2,1,57,11,0,64,1,.276,232,.309,.371,.680,2,2,.500,5,930,246,86,22,78,0,2,.358,1.17,0,232.00,2,0,0,0,0,.000,0.00,-.--,0.0,4,0,0,0,,,,,,,,,,,,,,,,,,,,,,,,,,,,,,,,,,
676684,Will Vest,46,53,43,23,5,0,3,53,18,0,45,1,.241,187,.302,.316,.618,3,1,.250,3,839,,59,,,1,6,,1.23,1,,0,5,5,1,11,.909,0.22,1.80,50.2,46,0,0,1,3.73,50.2,3,3,1,1,2,0,21,1.24,214,152,46,0,0,543,.650,1,0,6,0,.500,16.56,7,2.94,9.41,3.20,7.99,4.09,0.53,25,7,,
650489,Willi Castro,4,78,85,39,15,2,5,68,13,0,75,7,.248,303,.291,.360,.651,4,7,.636,4,1207,326,109,24,125,0,3,.300,0.92,0,60.60,0,0,0,0,0,.000,0.00,-.--,0.0,4,0,0,0,,,,,,,,,,,,,,,,,,,,,,,,,,,,,,,,,,
670097,Zack Short,1,0,6,2,0,0,0,5,2,0,0,0,.000,9,.154,.000,.154,0,1,1.000,0,52,13,0,2,4,0,2,.000,0.00,0,-.--,0,0,0,0,0,.000,0.00,-.--,0.0,1,0,0,0,,,,,,,,,,,,,,,,,,,,,,,,,,,,,,,,,,
676265,,8,15,37,13,6,0,6,23,12,0,18,2,.194,93,.299,.452,.751,0,2,1.000,0,416,,42,,,0,0,,0.41,0,,4,1,0,0,1,1.000,0.13,0.38,24.2,8,0,0,0,4.74,24.2,0,2,0,0,0,0,13,1.22,107,74,8,0,0,263,.630,2,0,1,0,.000,16.86,4,1.92,8.39,4.38,6.57,4.74,2.19,2,0,,
