,playername,gamesPlayed,groundOuts,airOuts,runs,doubles,triples,homeRuns,strikeOuts,baseOnBalls,intentionalWalks,hits,hitByPitch,atBats,caughtStealing,stolenBases,groundIntoDoublePlay,plateAppearances,totalBases,leftOnBase,sacBunts,sacFlies,catchersInterference,avg,obp,slg,ops,rbi,groundOutsToAirouts,strikeOutsperplateAppearance,homeRunsperplateAppearance,hitsperplateAppearance,babip,avg_mean,avg_std,normalized_avg,avg_z_score,babip_mean,babip_std,normalized_babip,babip_z_score,ops_mean,ops_std,normalized_ops,ops_z_score,hits_mean,hits_std,normalized_hits,hits_z_score,rbi_mean,rbi_std,normalized_rbi,rbi_z_score
608324,Alex Bregman,127,108,167,81,34,0,20,68,73,1,121,7,456,1,1,17,544.0,215,210.0,0,8,0,0.265,0.369,0.471,0.84,78.0,0.65,0.125,0.03676470588235294,0.22242647058823528,0.26861702127659576,0.2449230769230769,0.03575914743544893,108.19723618090453,0.5614485947453084,0.2908091671924133,0.04552482060880123,92.36882862735405,-0.48747355001168663,0.7048782051282052,0.10493207283293185,119.16952374023515,1.2877072874270734,80.71794871794872,35.53822020191689,149.90470139771284,1.1334853308123325,40.73076923076923,21.505692015880026,191.50141643059487,1.7329937926066634
676801,Chas McCormick,1,68,71,37,11,2,12,84,36,0,68,1,290,2,2,5,328.0,119,114.0,0,1,0,0.234,0.32,0.41,0.73,37.0,0.96,0.25609756097560976,0.036585365853658534,0.2073170731707317,0.28717948717948716,0.2449230769230769,0.03575914743544893,95.54020100502514,-0.3054624538461054,0.2908091671924133,0.04552482060880123,98.75186877773885,-0.07972969392051617,0.7048782051282052,0.10493207283293185,103.56399086949008,0.23941006971045523,80.71794871794872,35.53822020191689,84.24396442185514,-0.3578667880858795,40.73076923076923,21.505692015880026,90.84041548630783,-0.17347822278931527
665161,Jeremy Pena,107,113,93,54,17,1,16,111,19,0,103,5,415,2,7,3,446.0,170,160.0,0,5,2,0.248,0.286,0.41,0.696,46.0,1.22,0.24887892376681614,0.03587443946188341,0.23094170403587444,0.29692832764505117,0.2449230769230769,0.03575914743544893,101.25628140703517,0.08604576164679077,0.2908091671924133,0.04552482060880123,102.10418416713429,0.13441371917135853,0.7048782051282052,0.10493207283293185,98.74046252762341,-0.08460907031104525,80.71794871794872,35.53822020191689,127.60482846251588,0.6269883847714303,40.73076923076923,21.505692015880026,112.93673276676108,0.24501563424882639
514888,Jose Altuve,2,111,126,78,32,0,22,74,53,1,125,8,435,1,14,12,497.0,223,112.0,0,1,0,0.287,0.374,0.513,0.887,48.0,0.88,0.1488933601609658,0.04426559356136821,0.2515090543259557,0.3029411764705882,0.2449230769230769,0.03575914743544893,117.17964824120604,1.1766757905198593,0.2908091671924133,0.04552482060880123,104.17181115550866,0.2664921929605466,0.7048782051282052,0.10493207283293185,125.8373423304626,1.7356160986332652,80.71794871794872,35.53822020191689,154.86022871664548,1.2460402077103108,40.73076923076923,21.505692015880026,117.8470254957507,0.3380142691461912
663656,Kyle Tucker,3,99,152,57,24,1,22,78,52,3,114,0,441,2,19,7,498.0,206,195.0,0,2,3,0.259,0.335,0.467,0.802,84.0,0.65,0.1566265060240964,0.04417670682730924,0.2289156626506024,0.26822157434402333,0.2449230769230769,0.03575914743544893,105.74748743718594,0.3936593595340669,0.2908091671924133,0.04552482060880123,92.23284703626797,-0.4961599528856384,0.7048782051282052,0.10493207283293185,113.77852147579597,0.925568248579515,80.71794871794872,35.53822020191689,141.23252858958068,0.9365142962408705,40.73076923076923,21.505692015880026,206.23229461756375,2.0119896972987577
671277,Luis Garcia,59,76,52,21,16,2,6,56,5,0,77,1,257,4,2,3,267.0,115,112.0,1,3,0,0.3,0.312,0.447,0.759,29.0,1.46,0.20973782771535582,0.02247191011235955,0.2883895131086142,0.35858585858585856,0.2449230769230769,0.03575914743544893,122.48743718592965,1.5402191334775492,0.2908091671924133,0.04552482060880123,123.30624307609979,1.4887854688293298,0.7048782051282052,0.10493207283293185,107.67817680814107,0.5157793361993821,80.71794871794872,35.53822020191689,95.39390088945362,-0.10461831506542844,40.73076923076923,21.505692015880026,71.19924457034938,-0.5454727623787745
455117,Martin Maldonado,95,73,71,31,12,0,12,100,20,0,51,6,290,11,31,4,321.0,99,147.0,3,2,0,0.176,0.242,0.341,0.583,37.0,1.03,0.3115264797507788,0.037383177570093455,0.1588785046728972,0.21666666666666667,0.2449230769230769,0.03575914743544893,71.85929648241206,-1.927425060888106,0.2908091671924133,0.04552482060880123,74.50475814034763,-1.6286170825989543,0.7048782051282052,0.10493207283293185,82.70932421494892,-1.1614962121472074,80.71794871794872,35.53822020191689,63.18297331639137,-0.8362250149022872,40.73076923076923,21.505692015880026,90.84041548630783,-0.17347822278931527
669257,Will Smith,20,85,146,56,23,1,20,78,49,3,109,9,414,9,40,8,476.0,194,193.0,0,4,0,0.263,0.351,0.469,0.82,79.0,0.58,0.1638655462184874,0.04201680672268908,0.22899159663865545,0.278125,0.2449230769230769,0.03575914743544893,107.38065326633166,0.5055188496748946,0.2908091671924133,0.04552482060880123,95.6383193436193,-0.27862091542126954,0.7048782051282052,0.10493207283293185,116.3321541273724,1.097107793296779,80.71794871794872,35.53822020191689,135.03811944091487,0.7958207001183977,40.73076923076923,21.505692015880026,193.9565627950897,1.7794931100553457
670541,Yordan Alvarez,64,100,84,78,17,2,31,88,64,7,111,5,377,1,1,11,452.0,225,182.0,0,6,0,0.294,0.398,0.597,0.995,80.0,1.19,0.19469026548672566,0.06858407079646017,0.24557522123893805,0.30303030303030304,0.2449230769230769,0.03575914743544893,120.03768844221105,1.3724298982663077,0.2908091671924133,0.04552482060880123,104.20245893754914,0.2684499504766211,0.7048782051282052,0.10493207283293185,141.15913823992142,2.764853366936854,80.71794871794872,35.53822020191689,137.51588310038122,0.8520981385673868,40.73076923076923,21.505692015880026,196.4117091595845,1.8259924275040282
493329,Yuli Gurriel,1,117,165,46,35,0,7,62,28,0,108,6,449,0,8,13,486.0,164,218.0,0,3,0,0.241,0.292,0.365,0.657,41.0,0.71,0.12757201646090535,0.01440329218106996,0.2222222222222222,0.26370757180156656,0.2449230769230769,0.03575914743544893,98.39824120603015,-0.10970834609965768,0.2908091671924133,0.04552482060880123,90.68062549317264,-0.595314710270538,0.7048782051282052,0.10493207283293185,93.20759178254107,-0.45627808386511826,80.71794871794872,35.53822020191689,133.7992376111817,0.767681980893903,40.73076923076923,21.505692015880026,100.66100094428705,0.012519047005414367
647351,Abraham Toro,21,77,100,32,11,1,9,48,21,1,50,1,272,0,1,3,297.0,90,112.0,0,3,0,0.184,0.242,0.331,0.573,29.0,0.77,0.16161616161616163,0.030303030303030304,0.16835016835016836,0.18807339449541285,0.2449230769230769,0.03575914743544893,75.12562814070351,-1.7037060806064508,0.2908091671924133,0.04552482060880123,64.67244355160733,-2.2566980236960825,0.7048782051282052,0.10493207283293185,81.29063940851755,-1.2567959592123548,80.71794871794872,35.53822020191689,61.944091486658195,-0.8643637341267817,40.73076923076923,21.505692015880026,71.19924457034938,-0.5454727623787745
624428,Adam Frazier,8,140,158,56,19,3,3,60,42,1,113,4,462,5,8,11,517.0,147,181.0,4,5,0,0.245,0.31,0.318,0.628,33.0,0.89,0.11605415860735009,0.005802707930367505,0.218568665377176,0.2722772277227723,0.2449230769230769,0.03575914743544893,100.03140703517587,0.002151144041170002,0.2908091671924133,0.04552482060880123,93.62745691665924,-0.4070733112577767,0.7048782051282052,0.10493207283293185,89.0934058438901,-0.7326473503540452,80.71794871794872,35.53822020191689,139.99364675984754,0.908375577016376,40.73076923076923,21.505692015880026,81.01983002832861,-0.3594754925840449
663728,Cal Raleigh,97,51,98,37,17,1,21,98,31,0,63,2,306,22,43,5,343.0,145,152.0,0,4,1,0.206,0.28,0.474,0.754,50.0,0.52,0.2857142857142857,0.061224489795918366,0.1836734693877551,0.2198952879581152,0.2449230769230769,0.03575914743544893,84.10804020100502,-1.0884788848318991,0.2908091671924133,0.04552482060880123,75.61497805625292,-1.5576970603281948,0.7048782051282052,0.10493207283293185,106.96883440492537,0.4681294626668085,80.71794871794872,35.53822020191689,78.04955527318933,-0.49856038420835236,40.73076923076923,21.505692015880026,122.75731822474032,0.431012904043556
467793,Carlos Santana,27,45,60,21,5,0,8,33,25,1,29,2,165,0,0,6,194.0,58,72.0,0,2,0,0.176,0.289,0.352,0.641,22.0,0.75,0.17010309278350516,0.041237113402061855,0.14948453608247422,0.16666666666666666,0.2449230769230769,0.03575914743544893,71.85929648241206,-1.927425060888106,0.2908091671924133,0.04552482060880123,57.31135241565202,-2.726919049116393,0.7048782051282052,0.10493207283293185,90.93769609225089,-0.6087576791693537,80.71794871794872,35.53822020191689,35.92757306226175,-1.4552768378411676,40.73076923076923,21.505692015880026,54.01322001888573,-0.8709679845195514
592200,Curt Casali,1,20,29,13,3,0,4,36,15,0,25,1,108,3,13,1,126.0,40,55.0,0,2,1,0.231,0.325,0.37,0.695,14.0,0.69,0.2857142857142857,0.031746031746031744,0.1984126984126984,0.3,0.2449230769230769,0.03575914743544893,94.31532663316584,-0.38935707145172616,0.2908091671924133,0.04552482060880123,103.16043434817364,0.2018861949301093,0.7048782051282052,0.10493207283293185,98.59859404698027,-0.09413904501755997,80.71794871794872,35.53822020191689,30.972045743329097,-1.5678317147391458,40.73076923076923,21.505692015880026,34.372049102927285,-1.2429625241090105
553993,Eugenio Suarez,16,78,118,64,23,2,25,175,67,0,110,8,477,0,0,10,556.0,212,197.0,0,4,0,0.231,0.333,0.444,0.777,76.0,0.66,0.3147482014388489,0.044964028776978415,0.19784172661870503,0.302491103202847,0.2449230769230769,0.03575914743544893,94.31532663316584,-0.38935707145172616,0.2908091671924133,0.04552482060880123,104.01704530954639,0.2566058658598045,0.7048782051282052,0.10493207283293185,110.23180945971754,0.6873188809166471,80.71794871794872,35.53822020191689,136.27700127064804,0.8239594193428922,40.73076923076923,21.505692015880026,186.59112370160526,1.6399951577092986
641487,J.P. Crawford,119,131,140,51,21,2,5,62,50,0,110,6,436,2,3,8,499.0,150,171.0,2,5,0,0.252,0.334,0.344,0.678,34.0,0.94,0.12424849699398798,0.01002004008016032,0.22044088176352705,0.2807486631016043,0.2449230769230769,0.03575914743544893,102.88944723618091,0.19790525178761845,0.2908091671924133,0.04552482060880123,96.54051342743523,-0.2209894285418451,0.7048782051282052,0.10493207283293185,96.18682987604696,-0.25614861502830916,80.71794871794872,35.53822020191689,136.27700127064804,0.8239594193428922,40.73076923076923,21.505692015880026,83.47497639282341,-0.31297617513536247
608385,Jesse Winker,11,99,131,44,14,0,13,89,74,1,90,2,406,0,0,8,485.0,143,169.0,0,3,0,0.222,0.342,0.352,0.694,48.0,0.76,0.18350515463917524,0.026804123711340205,0.18556701030927836,0.250814332247557,0.2449230769230769,0.03575914743544893,90.64070351758795,-0.6410409242685884,0.2908091671924133,0.04552482060880123,86.24705151801703,-0.8785281174095204,0.7048782051282052,0.10493207283293185,98.45672556633713,-0.10366901972407469,80.71794871794872,35.53822020191689,111.49936467598476,0.26118503485300093,40.73076923076923,21.505692015880026,117.8470254957507,0.3380142691461912
677594,Julio Rodriguez,115,98,102,71,21,3,22,134,34,4,120,7,453,6,23,6,495.0,213,165.0,0,1,0,0.265,0.325,0.47,0.795,66.0,0.96,0.27070707070707073,0.044444444444444446,0.24242424242424243,0.3288590604026846,0.2449230769230769,0.03575914743544893,108.19723618090453,0.5614485947453084,0.2908091671924133,0.04552482060880123,113.0841450349107,0.83580545077239,0.7048782051282052,0.10493207283293185,112.785442111294,0.858858425633912,80.71794871794872,35.53822020191689,148.6658195679797,1.1053466115878379,40.73076923076923,21.505692015880026,162.03966005665723,1.1750019832224745
571745,Mitch Haniger,10,29,42,17,6,0,7,32,10,1,35,0,138,0,0,4,148.0,62,54.0,0,0,0,0.254,0.304,0.449,0.753,22.0,0.69,0.21621621621621623,0.0472972972972973,0.23648648648648649,0.2828282828282828,0.2449230769230769,0.03575914743544893,103.70603015075378,0.2538349968580323,0.2908091671924133,0.04552482060880123,97.25562834171251,-0.1753084198334554,0.7048782051282052,0.10493207283293185,106.82696592428222,0.45859948796029376,80.71794871794872,35.53822020191689,43.36086404066074,-1.2864445224942003,40.73076923076923,21.505692015880026,54.01322001888573,-0.8709679845195514
664059,Sam Haggerty,6,30,25,23,8,1,4,37,7,2,38,3,128,1,10,2,140.0,60,57.0,1,1,0,0.297,0.345,0.469,0.814,15.0,1.20,0.2642857142857143,0.02857142857142857,0.2714285714285714,0.38636363636363635,0.2449230769230769,0.03575914743544893,121.26256281407035,1.4563245158719285,0.2908091671924133,0.04552482060880123,132.85813514537512,2.098953228005685,0.7048782051282052,0.10493207283293185,115.4809432435136,1.0399279450576906,80.71794871794872,35.53822020191689,47.07750952986023,-1.2020283648207164,40.73076923076923,21.505692015880026,36.827195467422094,-1.1964632066603282
664034,Ty France,6,130,117,50,20,0,18,74,31,3,125,17,442,0,0,11,495.0,199,159.0,0,4,1,0.283,0.35,0.45,0.8,69.0,1.11,0.1494949494949495,0.03636363636363636,0.25252525252525254,0.3022598870056497,0.2449230769230769,0.03575914743544893,115.54648241206029,1.0648163003790314,0.2908091671924133,0.04552482060880123,103.9375374317757,0.2515269617783551,0.7048782051282052,0.10493207283293185,113.49478451450969,0.9065082991664856,80.71794871794872,35.53822020191689,154.86022871664548,1.2460402077103108,40.73076923076923,21.505692015880026,169.40509915014164,1.3144999355685216
666969,Adolis Garcia,10,100,130,74,25,4,22,155,31,1,128,4,509,3,22,6,548.0,227,221.0,0,4,0,0.251,0.297,0.446,0.743,83.0,0.77,0.28284671532846717,0.040145985401459854,0.23357664233576642,0.31547619047619047,0.2449230769230769,0.03575914743544893,102.48115577889448,0.16994037925241154,0.2908091671924133,0.04552482060880123,108.48220278676988,0.5418368036140783,0.7048782051282052,0.10493207283293185,105.40828111785086,0.36329974089514655,80.71794871794872,35.53822020191689,158.57687420584497,1.3304563653837944,40.73076923076923,21.505692015880026,203.77714825306893,1.9654903798500754
543543,Brad Miller,22,44,62,20,3,0,7,70,18,0,47,0,222,2,4,3,241.0,71,91.0,0,1,0,0.212,0.27,0.32,0.59,32.0,0.71,0.29045643153526973,0.029045643153526972,0.1950207468879668,0.273972602739726,0.2449230769230769,0.03575914743544893,86.55778894472363,-0.9206896496206577,0.2908091671924133,0.04552482060880123,94.2104423270992,-0.36983263695568064,0.7048782051282052,0.10493207283293185,83.70240357945087,-1.0947863892016045,80.71794871794872,35.53822020191689,58.2274459974587,-0.9487798918002653,40.73076923076923,21.505692015880026,78.5646836638338,-0.4059748100327273
518586,Charlie Culberson,8,35,21,18,6,0,1,29,5,0,28,0,109,3,2,5,118.0,37,43.0,4,0,0,0.257,0.289,0.339,0.628,11.0,1.67,0.2457627118644068,0.00847457627118644,0.23728813559322035,0.34177215189873417,0.2449230769230769,0.03575914743544893,104.93090452261306,0.33772961446365307,0.2908091671924133,0.04552482060880123,117.52454545994465,1.1194549264510072,0.7048782051282052,0.10493207283293185,89.0934058438901,-0.7326473503540452,80.71794871794872,35.53822020191689,34.68869123252859,-1.4834155570656622,40.73076923076923,21.505692015880026,27.006610009442866,-1.3824604764550579
608369,Corey Seager,7,140,151,76,18,1,29,83,51,7,125,6,494,0,3,9,556.0,232,172.0,0,5,0,0.253,0.327,0.47,0.797,72.0,0.93,0.14928057553956833,0.052158273381294966,0.22482014388489208,0.24806201550387597,0.2449230769230769,0.03575914743544893,103.29773869346735,0.22587012432282538,0.2908091671924133,0.04552482060880123,85.30061754887743,-0.9389856152507955,0.7048782051282052,0.10493207283293185,113.06917907258027,0.8779183750469415,80.71794871794872,35.53822020191689,154.86022871664548,1.2460402077103108,40.73076923076923,21.505692015880026,176.77053824362605,1.453997887914569
677649,Ezequiel Duran,1,50,49,24,9,1,5,48,12,0,47,0,194,1,4,3,206.0,73,88.0,0,0,0,0.242,0.286,0.376,0.662,23.0,1.02,0.23300970873786409,0.024271844660194174,0.22815533980582525,0.2978723404255319,0.2449230769230769,0.03575914743544893,98.80653266331659,-0.08174347356445076,0.2908091671924133,0.04552482060880123,102.42880006201635,0.15514994103575014,0.7048782051282052,0.10493207283293185,93.91693418575676,-0.40862821033254465,80.71794871794872,35.53822020191689,58.2274459974587,-0.9487798918002653,40.73076923076923,21.505692015880026,56.46836638338054,-0.824468667070869
641680,Jonah Heim,6,83,108,47,20,1,13,74,40,0,82,1,345,10,47,9,388.0,143,153.0,0,2,0,0.238,0.317,0.414,0.731,43.0,0.77,0.19072164948453607,0.03350515463917526,0.211340206185567,0.2653846153846154,0.2449230769230769,0.03575914743544893,97.17336683417086,-0.19360296370527846,0.2908091671924133,0.04552482060880123,91.25730730799975,-0.5584767049665785,0.7048782051282052,0.10493207283293185,103.70585935013321,0.24894004441696993,80.71794871794872,35.53822020191689,101.58831003811943,0.036075281057044384,40.73076923076923,21.505692015880026,105.57129367327667,0.10551768190277917
594777,Kole Calhoun,11,73,90,36,14,1,12,116,22,0,73,5,349,2,2,6,379.0,125,151.0,0,3,0,0.209,0.264,0.358,0.622,46.0,0.81,0.30606860158311344,0.0316622691292876,0.19261213720316622,0.27232142857142855,0.2449230769230769,0.03575914743544893,85.33291457286433,-1.0045842672262784,0.2908091671924133,0.04552482060880123,93.6426561791457,-0.4061023936777587,0.7048782051282052,0.10493207283293185,88.24219496003127,-0.7898271985931334,80.71794871794872,35.53822020191689,90.43837357052097,-0.2171731919634067,40.73076923076923,21.505692015880026,112.93673276676108,0.24501563424882639
665750,Leody Taveras,2,46,59,30,13,2,3,61,16,0,65,1,228,4,9,2,248.0,91,98.0,0,3,0,0.285,0.331,0.399,0.73,29.0,0.78,0.24596774193548387,0.012096774193548387,0.2620967741935484,0.3712574850299401,0.2449230769230769,0.03575914743544893,116.36306532663316,1.1207460454494453,0.2908091671924133,0.04552482060880123,127.66361136899731,1.7671309136795124,0.7048782051282052,0.10493207283293185,103.56399086949008,0.23941006971045523,80.71794871794872,35.53822020191689,80.52731893265566,-0.4422829457593632,40.73076923076923,21.505692015880026,71.19924457034938,-0.5454727623787745
543760,Marcus Semien,17,116,201,80,22,4,21,95,46,0,130,3,533,4,20,6,591.0,223,191.0,0,9,0,0.244,0.303,0.418,0.721,67.0,0.58,0.16074450084602368,0.03553299492385787,0.21996615905245348,0.25586854460093894,0.2449230769230769,0.03575914743544893,99.62311557788945,-0.02581372849403692,0.2908091671924133,0.04552482060880123,87.98503399022633,-0.7675070900711982,0.7048782051282052,0.10493207283293185,102.28717454370184,0.15364029735182275,80.71794871794872,35.53822020191689,161.05463786531132,1.3867338038327834,40.73076923076923,21.505692015880026,164.49480642115202,1.221501300671157
663993,Nathaniel Lowe,3,122,95,62,22,3,23,118,38,2,147,2,482,2,2,9,522.0,244,187.0,0,0,0,0.305,0.358,0.506,0.864,67.0,1.28,0.2260536398467433,0.044061302681992334,0.28160919540229884,0.36363636363636365,0.2449230769230769,0.03575914743544893,124.52889447236181,1.6800434961535837,0.2908091671924133,0.04552482060880123,125.04295072505896,1.5997250614068494,0.7048782051282052,0.10493207283293185,122.57436727567045,1.5164266803834265,80.71794871794872,35.53822020191689,182.1156289707751,1.8650920306491912,40.73076923076923,21.505692015880026,164.49480642115202,1.221501300671157
623205,Andrew Velazquez,116,76,65,35,8,0,8,110,13,0,58,3,300,1,13,3,325.0,90,130.0,6,3,0,0.193,0.232,0.3,0.532,26.0,1.17,0.3384615384615385,0.024615384615384615,0.17846153846153845,0.2702702702702703,0.2449230769230769,0.03575914743544893,78.80025125628141,-1.4520222277895884,0.2908091671924133,0.04552482060880123,92.93732824159787,-0.45115821759377245,0.7048782051282052,0.10493207283293185,75.47403170214893,-1.6475249221794572,80.71794871794872,35.53822020191689,71.8551461245235,-0.6392539803308251,40.73076923076923,21.505692015880026,63.83380547686496,-0.6849707147248217
664058,David Fletcher,29,44,64,18,9,1,2,13,7,0,46,2,165,0,1,4,176.0,63,45.0,2,0,0,0.279,0.316,0.382,0.698,15.0,0.69,0.07386363636363637,0.011363636363636364,0.26136363636363635,0.29333333333333333,0.2449230769230769,0.03575914743544893,113.91331658291459,0.9529568102382053,0.2908091671924133,0.04552482060880123,100.86798025154755,0.05544593272778444,0.7048782051282052,0.10493207283293185,99.02419948890969,-0.06554912089801582,80.71794871794872,35.53822020191689,56.98856416772554,-0.97691861102476,40.73076923076923,21.505692015880026,36.827195467422094,-1.1964632066603282
666176,Jo Adell,15,40,39,16,9,1,6,79,10,0,45,3,202,2,4,5,217.0,74,96.0,0,1,1,0.223,0.269,0.366,0.635,20.0,1.03,0.3640552995391705,0.027649769585253458,0.2073732718894009,0.3305084745762712,0.2449230769230769,0.03575914743544893,91.04899497487438,-0.6130760517333815,0.2908091671924133,0.04552482060880123,113.65132597680146,0.872036547381428,0.7048782051282052,0.10493207283293185,90.08648520839205,-0.6659375274084421,80.71794871794872,35.53822020191689,55.74968233799238,-1.0050573302492545,40.73076923076923,21.505692015880026,49.10292728989612,-0.9639666194169162
650859,Luis Rengifo,4,103,106,33,19,3,11,61,14,0,97,3,366,1,5,5,384.0,155,165.0,1,0,0,0.265,0.298,0.423,0.721,39.0,0.97,0.15885416666666666,0.028645833333333332,0.2526041666666667,0.2925170068027211,0.2449230769230769,0.03575914743544893,108.19723618090453,0.5614485947453084,0.2908091671924133,0.04552482060880123,100.58727158665455,0.0375144720499485,0.7048782051282052,0.10493207283293185,102.28717454370184,0.15364029735182275,80.71794871794872,35.53822020191689,120.17153748411691,0.45815606942446285,40.73076923076923,21.505692015880026,95.75070821529744,-0.08047958789195045
622110,Matt Duffy,22,41,36,7,5,0,0,31,9,0,37,1,145,0,0,2,155.0,42,47.0,0,0,0,0.255,0.303,0.29,0.593,7.0,1.14,0.2,0.0,0.23870967741935484,0.32456140350877194,0.2449230769230769,0.03575914743544893,104.11432160804021,0.2817998693932392,0.2908091671924133,0.04552482060880123,111.60631786205919,0.7414029504123602,0.7048782051282052,0.10493207283293185,84.1280090213803,-1.0661964650820603,80.71794871794872,35.53822020191689,45.83862770012706,-1.230167084045211,40.73076923076923,21.505692015880026,17.186024551463642,-1.5684577462497875
545358,Max Stassi,1,80,60,26,10,1,8,96,35,0,54,1,289,10,42,12,326.0,90,130.0,0,1,1,0.187,0.276,0.311,0.587,26.0,1.33,0.294478527607362,0.024539877300613498,0.1656441717791411,0.24731182795698925,0.2449230769230769,0.03575914743544893,76.35050251256283,-1.61981146300083,0.2908091671924133,0.04552482060880123,85.04265197161267,-0.955464264410847,0.7048782051282052,0.10493207283293185,83.27679813752147,-1.1233763133211487,80.71794871794872,35.53822020191689,66.89961880559085,-0.7518088572288034,40.73076923076923,21.505692015880026,63.83380547686496,-0.6849707147248217
545361,Mike Trout,5,41,93,62,18,2,28,112,43,6,91,6,337,0,1,4,386.0,197,122.0,0,0,0,0.27,0.363,0.585,0.948,58.0,0.44,0.29015544041450775,0.07253886010362694,0.23575129533678757,0.3197969543147208,0.2449230769230769,0.03575914743544893,110.2386934673367,0.7012729574213431,0.2908091671924133,0.04552482060880123,109.9679757010988,0.636746872028385,0.7048782051282052,0.10493207283293185,134.49131964969396,2.316944555730662,80.71794871794872,35.53822020191689,112.73824650571791,0.2893237540774955,40.73076923076923,21.505692015880026,142.39848914069876,0.8030074436330152
660271,Shohei Ohtani,125,111,109,75,20,6,30,133,66,13,127,4,477,9,11,5,550.0,249,159.0,0,3,0,0.266,0.358,0.522,0.88,82.0,1.02,0.24181818181818182,0.05454545454545454,0.2309090909090909,0.305993690851735,0.2449230769230769,0.03575914743544893,108.60552763819096,0.5894134672805154,0.2908091671924133,0.04552482060880123,105.22147352021915,0.33354384391327213,0.7048782051282052,0.10493207283293185,124.84426296596065,1.668906275687662,80.71794871794872,35.53822020191689,157.3379923761118,1.3023176461592998,40.73076923076923,21.505692015880026,201.3220018885741,1.918991062401393
621493,Taylor Ward,2,74,116,56,14,2,17,101,51,0,101,4,389,3,3,3,447.0,170,137.0,0,3,0,0.26,0.349,0.437,0.786,47.0,0.64,0.22595078299776286,0.03803131991051454,0.22595078299776286,0.30656934306569344,0.2449230769230769,0.03575914743544893,106.15577889447236,0.42162423206927385,0.2908091671924133,0.04552482060880123,105.4194219616373,0.3461886430856857,0.7048782051282052,0.10493207283293185,111.50862578550576,0.7730886532752795,80.71794871794872,35.53822020191689,125.12706480304956,0.5707109463224411,40.73076923076923,21.505692015880026,115.3918791312559,0.2915149516975088
640461,Chad Pinder,12,84,59,31,16,0,10,101,12,0,72,0,313,0,2,8,329.0,118,116.0,1,2,1,0.23,0.257,0.377,0.634,38.0,1.42,0.3069908814589666,0.030395136778115502,0.2188449848024316,0.30392156862745096,0.2449230769230769,0.03575914743544893,93.9070351758794,-0.41732194398693306,0.2908091671924133,0.04552482060880123,104.50893675795368,0.28802752563735906,0.7048782051282052,0.10493207283293185,89.94461672774892,-0.6754675021149568,80.71794871794872,35.53822020191689,89.1994917407878,-0.24531191118790127,40.73076923076923,21.505692015880026,93.29556185080263,-0.12697890534063286
665506,Cristian Pache,72,75,43,16,5,2,2,57,13,0,33,1,206,2,1,5,222.0,48,88.0,2,0,0,0.16,0.214,0.233,0.447,13.0,1.74,0.25675675675675674,0.009009009009009009,0.14864864864864866,0.2108843537414966,0.2449230769230769,0.03575914743544893,65.32663316582915,-2.374863021451416,0.2908091671924133,0.04552482060880123,72.51640509735562,-1.755631595733624,0.7048782051282052,0.10493207283293185,63.415210847482285,-2.457572772233208,80.71794871794872,35.53822020191689,40.88310038119441,-1.3427219609431893,40.73076923076923,21.505692015880026,31.91690273843248,-1.289461841557693
681146,Jonah Bride,1,34,45,11,4,0,1,24,13,0,30,4,131,0,1,4,150.0,37,55.0,1,1,0,0.229,0.315,0.282,0.597,6.0,0.76,0.16,0.006666666666666667,0.2,0.27102803738317754,0.2449230769230769,0.03575914743544893,93.49874371859298,-0.44528681652213997,0.2908091671924133,0.04552482060880123,93.19790018993879,-0.4345130753884067,0.7048782051282052,0.10493207283293185,84.69548294395284,-1.0280765662560014,80.71794871794872,35.53822020191689,37.166454891994924,-1.427138118616673,40.73076923076923,21.505692015880026,14.730878186968837,-1.6149570636984698
669397,Nick Allen,33,77,56,21,9,0,3,42,14,0,45,1,216,2,1,5,235.0,63,88.0,4,0,0,0.208,0.26,0.292,0.552,12.0,1.38,0.17872340425531916,0.01276595744680851,0.19148936170212766,0.24561403508771928,0.2449230769230769,0.03575914743544893,84.92462311557789,-1.0325491397614854,0.2908091671924133,0.04552482060880123,84.4588351388556,-0.9927580493520167,0.7048782051282052,0.10493207283293185,78.3114013150117,-1.4569254280491628,80.71794871794872,35.53822020191689,55.74968233799238,-1.0050573302492545,40.73076923076923,21.505692015880026,29.461756373937675,-1.3359611590063754
669221,Sean Murphy,22,112,120,55,30,1,17,102,44,2,112,11,441,18,38,12,502.0,195,160.0,0,5,2,0.254,0.333,0.442,0.775,59.0,0.93,0.20318725099601595,0.03386454183266932,0.22310756972111553,0.290519877675841,0.2449230769230769,0.03575914743544893,103.70603015075378,0.2538349968580323,0.2908091671924133,0.04552482060880123,99.90052255939342,-0.006354544898884961,0.7048782051282052,0.10493207283293185,109.94807249843126,0.6682589315036176,80.71794871794872,35.53822020191689,138.75476493011436,0.8802368577918813,40.73076923076923,21.505692015880026,144.85363550519358,0.8495067610816976
664913,Seth Brown,2,86,113,40,22,2,17,117,35,2,90,3,405,1,8,7,444.0,167,172.0,0,1,0,0.222,0.288,0.412,0.7,51.0,0.76,0.2635135135135135,0.038288288288288286,0.20270270270270271,0.26838235294117646,0.2449230769230769,0.03575914743544893,90.64070351758795,-0.6410409242685884,0.2908091671924133,0.04552482060880123,92.288133669322,-0.4926282838970944,0.7048782051282052,0.10493207283293185,99.30793645019597,-0.04648917148498637,80.71794871794872,35.53822020191689,111.49936467598476,0.26118503485300093,40.73076923076923,21.505692015880026,125.21246458923511,0.47751222149223843
641914,Sheldon Neuse,9,86,40,23,4,2,4,75,20,0,55,2,256,1,6,4,278.0,75,91.0,0,0,0,0.215,0.277,0.293,0.57,24.0,2.15,0.2697841726618705,0.014388489208633094,0.19784172661870503,0.288135593220339,0.2449230769230769,0.03575914743544893,87.78266331658293,-0.8367950320150369,0.2908091671924133,0.04552482060880123,99.08064315926282,-0.058727831023180736,0.7048782051282052,0.10493207283293185,80.86503396658814,-1.285385883331899,80.71794871794872,35.53822020191689,68.13850063532402,-0.7236701380043089,40.73076923076923,21.505692015880026,58.92351274787535,-0.7779693496221866
519390,Stephen Vogt,19,24,53,14,2,0,6,34,14,0,22,2,130,2,11,3,149.0,42,54.0,0,3,0,0.169,0.255,0.323,0.578,17.0,0.45,0.22818791946308725,0.040268456375838924,0.1476510067114094,0.17204301075268819,0.2449230769230769,0.03575914743544893,69.00125628140704,-2.123179168634554,0.2908091671924133,0.04552482060880123,59.16010571938273,-2.608822063469356,0.7048782051282052,0.10493207283293185,81.99998181173324,-1.209146085679781,80.71794871794872,35.53822020191689,27.255400254129608,-1.6522478724126295,40.73076923076923,21.505692015880026,41.737488196411704,-1.1034645717629634
643393,Tony Kemp,2,120,145,43,21,0,4,60,38,0,93,6,410,1,8,5,462.0,126,123.0,5,3,0,0.227,0.3,0.307,0.607,34.0,0.83,0.12987012987012986,0.008658008658008658,0.2012987012987013,0.25501432664756446,0.2449230769230769,0.03575914743544893,92.68216080402011,-0.5012165615925538,0.2908091671924133,0.04552482060880123,87.69129567323259,-0.786270875231712,0.7048782051282052,0.10493207283293185,86.11416775038421,-0.9327768191908542,80.71794871794872,35.53822020191689,115.21601016518426,0.3456011925264846,40.73076923076923,21.505692015880026,83.47497639282341,-0.31297617513536247
605353,Vimael Machin,1,45,46,15,5,0,1,28,16,0,35,1,152,1,1,5,171.0,43,55.0,0,2,0,0.23,0.304,0.283,0.587,6.0,0.98,0.16374269005847952,0.005847953216374269,0.2046783625730994,0.272,0.2449230769230769,0.03575914743544893,93.9070351758794,-0.41732194398693306,0.2908091671924133,0.04552482060880123,93.5321271423441,-0.4131629063196555,0.7048782051282052,0.10493207283293185,83.27679813752147,-1.1233763133211487,80.71794871794872,35.53822020191689,43.36086404066074,-1.2864445224942003,40.73076923076923,21.505692015880026,14.730878186968837,-1.6149570636984698
543305,Aaron Hicks,77,73,97,42,5,2,6,86,55,3,70,4,323,3,9,9,385.0,97,156.0,1,2,0,0.217,0.336,0.3,0.636,33.0,0.75,0.22337662337662337,0.015584415584415584,0.18181818181818182,0.27467811158798283,0.2449230769230769,0.03575914743544893,88.59924623115577,-0.7808652869446231,0.2908091671924133,0.04552482060880123,94.45304432450806,-0.3543354018469623,0.7048782051282052,0.10493207283293185,90.22835368903519,-0.6564075527019274,80.71794871794872,35.53822020191689,86.72172808132149,-0.3015893496368904,40.73076923076923,21.505692015880026,81.01983002832861,-0.3594754925840449
592450,Aaron Judge,19,97,96,105,20,0,52,146,79,11,141,5,476,2,15,14,568.0,317,182.0,0,4,4,0.296,0.399,0.666,1.065,114.0,1.01,0.25704225352112675,0.09154929577464789,0.2482394366197183,0.31560283687943264,0.2449230769230769,0.03575914743544893,120.85427135678393,1.4283596433367214,0.2908091671924133,0.04552482060880123,108.5257524466602,0.5446187234887431,0.7048782051282052,0.10493207283293185,151.089931884941,3.4319515963928833,80.71794871794872,35.53822020191689,174.68233799237612,1.6962597153022236,40.73076923076923,21.505692015880026,279.8866855524079,3.40696922075923
519203,Anthony Rizzo,9,85,145,71,19,1,30,93,55,6,93,18,414,3,6,10,489.0,204,189.0,0,2,0,0.225,0.339,0.493,0.832,71.0,0.59,0.1901840490797546,0.06134969325153374,0.1901840490797546,0.2150170648464164,0.2449230769230769,0.03575914743544893,91.86557788944725,-0.5571463066629677,0.2908091671924133,0.04552482060880123,73.93751267275243,-1.664852301061987,0.7048782051282052,0.10493207283293185,118.03457589509006,1.2114674897749556,80.71794871794872,35.53822020191689,115.21601016518426,0.3456011925264846,40.73076923076923,21.505692015880026,174.31539187913125,1.4074985704658864
518934,DJ LeMahieu,7,161,100,74,18,0,12,70,65,0,118,4,446,3,4,10,518.0,172,144.0,1,2,0,0.265,0.362,0.386,0.748,46.0,1.61,0.13513513513513514,0.023166023166023165,0.2277992277992278,0.2896174863387978,0.2449230769230769,0.03575914743544893,108.19723618090453,0.5614485947453084,0.2908091671924133,0.04552482060880123,99.59021895178874,-0.026176508499741322,0.7048782051282052,0.10493207283293185,106.11762352106655,0.41094961442772016,80.71794871794872,35.53822020191689,146.18805590851335,1.0490691731388486,40.73076923076923,21.505692015880026,112.93673276676108,0.24501563424882639
519317,Giancarlo Stanton,45,81,69,40,6,0,24,102,40,2,70,0,319,0,0,7,363.0,148,154.0,0,3,1,0.219,0.304,0.464,0.768,64.0,1.17,0.2809917355371901,0.06611570247933884,0.1928374655647383,0.23469387755102042,0.2449230769230769,0.03575914743544893,89.41582914572865,-0.7249355418742092,0.2908091671924133,0.04552482060880123,80.70374115673448,-1.2326306592967486,0.7048782051282052,0.10493207283293185,108.95499313392929,0.6015491085580146,80.71794871794872,35.53822020191689,86.72172808132149,-0.3015893496368904,40.73076923076923,21.505692015880026,157.1293673276676,1.0820033483251097
650402,Gleyber Torres,9,90,138,57,22,1,18,107,28,1,105,3,437,4,6,10,471.0,183,223.0,1,2,0,0.24,0.289,0.419,0.708,51.0,0.65,0.22717622080679406,0.03821656050955414,0.2229299363057325,0.2770700636942675,0.2449230769230769,0.03575914743544893,97.98994974874373,-0.13767321863486462,0.2908091671924133,0.04552482060880123,95.2755603852559,-0.30179368780400245,0.7048782051282052,0.10493207283293185,100.44288429534105,0.029750626167131384,80.71794871794872,35.53822020191689,130.0825921219822,0.6832658232204194,40.73076923076923,21.505692015880026,125.21246458923511,0.47751222149223843
643396,Isiah Kiner-Falefa,118,137,102,54,19,0,1,62,25,2,104,5,398,4,15,13,435.0,126,153.0,2,5,0,0.261,0.309,0.317,0.626,38.0,1.34,0.1425287356321839,0.0022988505747126436,0.23908045977011494,0.3029411764705882,0.2449230769230769,0.03575914743544893,106.56407035175882,0.44958910460448076,0.2908091671924133,0.04552482060880123,104.17181115550866,0.2664921929605466,0.7048782051282052,0.10493207283293185,88.80966888260382,-0.7517072997670746,80.71794871794872,35.53822020191689,128.84371029224906,0.6551271039959248,40.73076923076923,21.505692015880026,93.29556185080263,-0.12697890534063286
624431,Jose Trevino,95,75,85,37,10,1,10,48,13,0,73,2,280,13,22,3,296.0,115,111.0,0,1,4,0.261,0.297,0.411,0.708,37.0,0.88,0.16216216216216217,0.033783783783783786,0.24662162162162163,0.2825112107623318,0.2449230769230769,0.03575914743544893,106.56407035175882,0.44958910460448076,0.2908091671924133,0.04552482060880123,97.14659736823525,-0.18227323730468992,0.7048782051282052,0.10493207283293185,100.44288429534105,0.029750626167131384,80.71794871794872,35.53822020191689,90.43837357052097,-0.2171731919634067,40.73076923076923,21.505692015880026,90.84041548630783,-0.17347822278931527
518626,Josh Donaldson,23,91,98,46,26,0,12,124,44,1,86,6,395,2,2,10,449.0,148,173.0,0,4,0,0.218,0.303,0.375,0.678,50.0,0.93,0.27616926503340755,0.026726057906458798,0.1915367483296214,0.2813688212927757,0.2449230769230769,0.03575914743544893,89.00753768844221,-0.7529004144094161,0.2908091671924133,0.04552482060880123,96.75376605532128,-0.20736700932353633,0.7048782051282052,0.10493207283293185,96.18682987604696,-0.25614861502830916,80.71794871794872,35.53822020191689,106.54383735705211,0.14863015795502266,40.73076923076923,21.505692015880026,122.75731822474032,0.431012904043556
543309,Kyle Higashioka,1,36,67,20,5,0,7,42,10,0,33,1,173,12,15,2,189.0,59,78.0,2,3,4,0.191,0.235,0.341,0.576,21.0,0.54,0.2222222222222222,0.037037037037037035,0.1746031746031746,0.2047244094488189,0.2449230769230769,0.03575914743544893,77.98366834170855,-1.5079519728600022,0.2908091671924133,0.04552482060880123,70.398196668045,-1.89094117433934,0.7048782051282052,0.10493207283293185,81.71624485044696,-1.2282060350928106,80.71794871794872,35.53822020191689,40.88310038119441,-1.3427219609431893,40.73076923076923,21.505692015880026,51.55807365439094,-0.9174673019682338
503556,Marwin Gonzalez,2,29,41,12,7,0,3,38,10,0,26,3,130,0,2,4,147.0,42,65.0,3,1,0,0.2,0.271,0.323,0.594,11.0,0.71,0.2585034013605442,0.02040816326530612,0.17687074829931973,0.25555555555555554,0.2449230769230769,0.03575914743544893,81.65829145728644,-1.25626812004314,0.2908091671924133,0.04552482060880123,87.87740703733309,-0.7743822197520583,0.7048782051282052,0.10493207283293185,84.26987750202343,-1.0566664903755456,80.71794871794872,35.53822020191689,32.210927573062264,-1.5396929955146512,40.73076923076923,21.505692015880026,27.006610009442866,-1.3824604764550579
642336,Francisco Mejia,2,54,69,30,17,0,6,57,5,0,61,1,240,9,32,5,247.0,96,107.0,0,1,0,0.254,0.271,0.4,0.671,27.0,0.78,0.23076923076923078,0.024291497975708502,0.24696356275303644,0.3089887640449438,0.2449230769230769,0.03575914743544893,103.70603015075378,0.2538349968580323,0.2908091671924133,0.04552482060880123,106.25138369193911,0.3993337394725699,0.7048782051282052,0.10493207283293185,95.19375051154499,-0.32285843797391217,80.71794871794872,35.53822020191689,75.57179161372301,-0.5548378226573415,40.73076923076923,21.505692015880026,66.28895184135976,-0.6384713972761393
623912,Harold Ramirez,42,92,72,40,20,0,5,49,16,1,102,5,311,5,3,5,336.0,137,138.0,0,4,0,0.328,0.366,0.441,0.807,48.0,1.28,0.14583333333333334,0.01488095238095238,0.30357142857142855,0.3716475095785441,0.2449230769230769,0.03575914743544893,133.91959798994978,2.323235564463343,0.2908091671924133,0.04552482060880123,127.7977283751321,1.775698208253949,0.7048782051282052,0.10493207283293185,114.48786387901164,0.9732181221120886,80.71794871794872,35.53822020191689,126.36594663278274,0.5988496655469356,40.73076923076923,21.505692015880026,117.8470254957507,0.3380142691461912
670623,Isaac Paredes,34,75,81,43,13,0,18,49,30,0,58,2,261,1,0,10,295.0,125,121.0,0,2,0,0.222,0.305,0.479,0.784,40.0,0.93,0.16610169491525423,0.061016949152542375,0.19661016949152543,0.20408163265306123,0.2449230769230769,0.03575914743544893,90.64070351758795,-0.6410409242685884,0.2908091671924133,0.04552482060880123,70.17716622324737,-1.9050604347155886,0.7048782051282052,0.10493207283293185,111.22488882421948,0.7540287038622501,80.71794871794872,35.53822020191689,71.8551461245235,-0.6392539803308251,40.73076923076923,21.505692015880026,98.20585457979224,-0.03398027044326804
596847,Ji-Man Choi,8,70,60,29,17,0,9,106,48,3,70,2,303,0,0,3,356.0,114,129.0,0,3,0,0.231,0.337,0.376,0.713,48.0,1.17,0.29775280898876405,0.025280898876404494,0.19662921348314608,0.3193717277486911,0.2449230769230769,0.03575914743544893,94.31532663316584,-0.38935707145172616,0.2908091671924133,0.04552482060880123,109.82175384360544,0.6274063285546669,0.7048782051282052,0.10493207283293185,101.15222669855675,0.07740049969970499,80.71794871794872,35.53822020191689,86.72172808132149,-0.3015893496368904,40.73076923076923,21.505692015880026,117.8470254957507,0.3380142691461912
622534,Manuel Margot,13,52,67,29,13,2,3,43,20,1,69,1,230,1,6,5,252.0,95,98.0,0,1,0,0.3,0.357,0.413,0.77,36.0,0.78,0.17063492063492064,0.011904761904761904,0.27380952380952384,0.3567567567567568,0.2449230769230769,0.03575914743544893,122.48743718592965,1.5402191334775492,0.2908091671924133,0.04552482060880123,122.67727327890918,1.448607346112067,0.7048782051282052,0.10493207283293185,109.23873009521556,0.620609057971044,80.71794871794872,35.53822020191689,85.48284625158831,-0.32972806886138495,40.73076923076923,21.505692015880026,88.38526912181302,-0.21997754023799768
668227,Randy Arozarena,22,133,92,59,31,2,18,128,39,2,128,10,480,10,27,17,530.0,217,236.0,0,1,0,0.267,0.334,0.452,0.786,70.0,1.45,0.24150943396226415,0.033962264150943396,0.24150943396226415,0.3283582089552239,0.2449230769230769,0.03575914743544893,109.0138190954774,0.6173783398157223,0.2908091671924133,0.04552482060880123,112.91191819203084,0.824803728178806,0.7048782051282052,0.10493207283293185,111.50862578550576,0.7730886532752795,80.71794871794872,35.53822020191689,158.57687420584497,1.3304563653837944,40.73076923076923,21.505692015880026,171.86024551463643,1.3609992530172041
670764,Taylor Walls,1,79,110,42,15,2,6,102,43,0,61,2,348,3,7,5,397.0,98,150.0,2,2,0,0.175,0.268,0.282,0.55,28.0,0.72,0.25692695214105793,0.015113350125944584,0.15365239294710328,0.22727272727272727,0.2449230769230769,0.03575914743544893,71.45100502512562,-1.955389933423313,0.2908091671924133,0.04552482060880123,78.15184420316183,-1.3956439381861647,0.7048782051282052,0.10493207283293185,78.02766435372541,-1.4759853774621923,80.71794871794872,35.53822020191689,75.57179161372301,-0.5548378226573415,40.73076923076923,21.505692015880026,68.74409820585457,-0.5919720798274569
660644,Vidal Brujan,1,42,39,11,5,0,2,36,12,0,23,0,138,5,4,2,152.0,34,53.0,0,2,0,0.167,0.23,0.246,0.476,15.0,1.08,0.23684210526315788,0.013157894736842105,0.1513157894736842,0.20588235294117646,0.2449230769230769,0.03575914743544893,68.18467336683418,-2.1791089137049675,0.2908091671924133,0.04552482060880123,70.79637651345249,-1.8655057420438923,0.7048782051282052,0.10493207283293185,67.52939678613326,-2.1812035057442816,80.71794871794872,35.53822020191689,28.49428208386277,-1.6241091531881349,40.73076923076923,21.505692015880026,36.827195467422094,-1.1964632066603282
650490,Yandy Diaz,11,128,119,63,31,0,8,50,70,1,120,5,416,3,2,7,492.0,175,154.0,0,1,0,0.288,0.396,0.421,0.817,51.0,1.08,0.1016260162601626,0.016260162601626018,0.24390243902439024,0.31197771587743733,0.2449230769230769,0.03575914743544893,117.58793969849246,1.2046406630550661,0.2908091671924133,0.04552482060880123,107.2791889228918,0.4649891729816409,0.7048782051282052,0.10493207283293185,115.90654868544301,1.0685178691772348,80.71794871794872,35.53822020191689,148.6658195679797,1.1053466115878379,40.73076923076923,21.505692015880026,125.21246458923511,0.47751222149223843
672386,Alejandro Kirk,39,118,109,52,17,0,13,47,52,2,112,4,382,11,28,9,442.0,168,133.0,0,4,1,0.293,0.38,0.44,0.82,51.0,1.08,0.10633484162895927,0.029411764705882353,0.25339366515837103,0.30368098159509205,0.2449230769230769,0.03575914743544893,119.62939698492463,1.3444650257311008,0.2908091671924133,0.04552482060880123,104.42620654876474,0.2827427814221914,0.7048782051282052,0.10493207283293185,116.3321541273724,1.097107793296779,80.71794871794872,35.53822020191689,138.75476493011436,0.8802368577918813,40.73076923076923,21.505692015880026,125.21246458923511,0.47751222149223843
666182,Bo Bichette,1,135,120,69,34,0,18,135,33,0,140,1,528,7,9,15,564.0,228,220.0,0,2,0,0.265,0.309,0.432,0.741,71.0,1.13,0.2393617021276596,0.031914893617021274,0.24822695035460993,0.32360742705570295,0.2449230769230769,0.03575914743544893,108.19723618090453,0.5614485947453084,0.2908091671924133,0.04552482060880123,111.27827577787077,0.72044786612402,0.7048782051282052,0.10493207283293185,105.12454415656458,0.34423979148211714,80.71794871794872,35.53822020191689,173.44345616264297,1.6681209960777292,40.73076923076923,21.505692015880026,174.31539187913125,1.4074985704658864
624415,Cavan Biggio,3,40,55,33,17,1,4,61,31,0,43,3,197,0,2,2,233.0,74,102.0,1,1,0,0.218,0.332,0.376,0.708,20.0,0.73,0.26180257510729615,0.017167381974248927,0.18454935622317598,0.2932330827067669,0.2449230769230769,0.03575914743544893,89.00753768844221,-0.7529004144094161,0.2908091671924133,0.04552482060880123,100.8335072576133,0.05324382352173405,0.7048782051282052,0.10493207283293185,100.44288429534105,0.029750626167131384,80.71794871794872,35.53822020191689,53.271918678526056,-1.0613347686982437,40.73076923076923,21.505692015880026,49.10292728989612,-0.9639666194169162
643376,Danny Jansen,1,30,56,21,2,0,11,29,13,0,30,3,141,8,21,0,161.0,65,60.0,0,4,1,0.213,0.286,0.461,0.747,30.0,0.54,0.18012422360248448,0.06832298136645963,0.18633540372670807,0.18095238095238095,0.2449230769230769,0.03575914743544893,86.96608040201005,-0.8927247770854507,0.2908091671924133,0.04552482060880123,62.223754051279336,-2.4131184872542675,0.7048782051282052,0.10493207283293185,105.97575504042341,0.4014196397212054,80.71794871794872,35.53822020191689,37.166454891994924,-1.427138118616673,40.73076923076923,21.505692015880026,73.65439093484419,-0.4989734449300921
543807,George Springer,31,111,107,67,17,3,19,80,43,1,106,6,400,1,12,4,455.0,186,139.0,0,4,2,0.265,0.342,0.465,0.807,57.0,1.04,0.17582417582417584,0.041758241758241756,0.23296703296703297,0.28524590163934427,0.2449230769230769,0.03575914743544893,108.19723618090453,0.5614485947453084,0.2908091671924133,0.04552482060880123,98.08697036383722,-0.12220290994388856,0.7048782051282052,0.10493207283293185,114.48786387901164,0.9732181221120886,80.71794871794872,35.53822020191689,131.32147395171538,0.7114045424449139,40.73076923076923,21.505692015880026,139.94334277620396,0.7565081261843328
666971,Gurriel Jr.,13,116,120,51,31,1,5,80,29,1,128,6,442,4,3,11,480.0,176,165.0,0,2,1,0.29,0.34,0.398,0.738,51.0,0.97,0.16666666666666666,0.010416666666666666,0.26666666666666666,0.3426183844011142,0.2449230769230769,0.03575914743544893,118.40452261306534,1.26057040812548,0.2908091671924133,0.04552482060880123,117.81553783496153,1.1380433028809063,0.7048782051282052,0.10493207283293185,104.69893871463518,0.315649867362573,80.71794871794872,35.53822020191689,158.57687420584497,1.3304563653837944,40.73076923076923,21.505692015880026,125.21246458923511,0.47751222149223843
656305,Matt Chapman,124,71,128,71,23,1,24,136,51,1,103,7,435,1,2,6,496.0,200,211.0,0,3,0,0.237,0.325,0.46,0.785,64.0,0.55,0.27419354838709675,0.04838709677419355,0.20766129032258066,0.2841726618705036,0.2449230769230769,0.03575914743544893,96.76507537688443,-0.22156783624048537,0.2908091671924133,0.04552482060880123,97.7179174281261,-0.14577773691713694,0.7048782051282052,0.10493207283293185,111.36675730486263,0.7635586785687648,80.71794871794872,35.53822020191689,127.60482846251588,0.6269883847714303,40.73076923076923,21.505692015880026,157.1293673276676,1.0820033483251097
606132,Raimel Tapia,1,106,74,33,17,1,5,62,11,0,83,0,321,1,5,11,338.0,117,133.0,3,1,2,0.259,0.282,0.364,0.646,39.0,1.43,0.1834319526627219,0.014792899408284023,0.2455621301775148,0.3058823529411765,0.2449230769230769,0.03575914743544893,105.74748743718594,0.3936593595340669,0.2908091671924133,0.04552482060880123,105.18318796284372,0.33109819099098514,0.7048782051282052,0.10493207283293185,91.64703849546657,-0.5611078056367802,80.71794871794872,35.53822020191689,102.8271918678526,0.06421400028153895,40.73076923076923,21.505692015880026,95.75070821529744,-0.08047958789195045
669289,Santiago Espinal,11,117,123,44,24,0,7,65,32,1,109,2,410,5,5,10,448.0,154,187.0,1,3,0,0.266,0.32,0.376,0.696,46.0,0.95,0.14508928571428573,0.015625,0.24330357142857142,0.2991202346041056,0.2449230769230769,0.03575914743544893,108.60552763819096,0.5894134672805154,0.2908091671924133,0.04552482060880123,102.85791108029044,0.18256123364241292,0.7048782051282052,0.10493207283293185,98.74046252762341,-0.08460907031104525,80.71794871794872,35.53822020191689,135.03811944091487,0.7958207001183977,40.73076923076923,21.505692015880026,112.93673276676108,0.24501563424882639
606192,Teoscar Hernandez,7,88,81,53,24,1,19,123,29,0,104,2,396,3,6,12,427.0,187,182.0,0,0,0,0.263,0.316,0.472,0.788,62.0,1.09,0.28805620608899296,0.04449648711943794,0.24355971896955503,0.3346456692913386,0.2449230769230769,0.03575914743544893,107.38065326633166,0.5055188496748946,0.2908091671924133,0.04552482060880123,115.07397532276586,0.9629143292099097,0.7048782051282052,0.10493207283293185,111.79236274679202,0.792148602688309,80.71794871794872,35.53822020191689,128.84371029224906,0.6551271039959248,40.73076923076923,21.505692015880026,152.219074598678,0.9890047134277449
665489,Vladimir Guerrero,27,162,116,75,29,0,27,91,49,5,144,6,510,3,5,21,568.0,254,202.0,0,3,0,0.282,0.35,0.498,0.848,80.0,1.40,0.1602112676056338,0.04753521126760563,0.2535211267605634,0.29620253164556964,0.2449230769230769,0.03575914743544893,115.13819095477386,1.0368514278438246,0.2908091671924133,0.04552482060880123,101.85460606528535,0.11847085570093752,0.7048782051282052,0.10493207283293185,120.30447158538024,1.363947085079191,80.71794871794872,35.53822020191689,178.3989834815756,1.7806758729757075,40.73076923076923,21.505692015880026,196.4117091595845,1.8259924275040282
668939,Adley Rutschman,17,73,90,54,26,1,9,60,47,0,72,4,292,7,19,2,346.0,127,113.0,0,3,2,0.247,0.355,0.435,0.79,28.0,0.81,0.17341040462427745,0.02601156069364162,0.20809248554913296,0.27876106194690264,0.2449230769230769,0.03575914743544893,100.84798994974875,0.05808088911158385,0.2908091671924133,0.04552482060880123,95.85704076600204,-0.2646491536790681,0.7048782051282052,0.10493207283293185,112.0760997080783,0.8112085521013384,80.71794871794872,35.53822020191689,89.1994917407878,-0.24531191118790127,40.73076923076923,21.505692015880026,68.74409820585457,-0.5919720798274569
623993,Anthony Santander,25,97,156,64,21,0,25,98,46,1,119,12,466,2,0,9,528.0,215,218.0,0,4,0,0.255,0.335,0.461,0.796,75.0,0.62,0.1856060606060606,0.04734848484848485,0.22537878787878787,0.27089337175792505,0.2449230769230769,0.03575914743544893,104.11432160804021,0.2817998693932392,0.2908091671924133,0.04552482060880123,93.15159297529607,-0.43747114580914903,0.7048782051282052,0.10493207283293185,112.92731059193713,0.8683884003404267,80.71794871794872,35.53822020191689,147.42693773824652,1.0772078923633432,40.73076923076923,21.505692015880026,184.13597733711046,1.593495840260616
669720,Austin Hays,3,109,127,58,30,1,15,99,27,0,113,10,446,4,2,9,485.0,190,190.0,0,2,0,0.253,0.309,0.426,0.735,54.0,0.86,0.20412371134020618,0.030927835051546393,0.2329896907216495,0.2934131736526946,0.2449230769230769,0.03575914743544893,103.29773869346735,0.22587012432282538,0.2908091671924133,0.04552482060880123,100.8954347916269,0.057199708323021424,0.7048782051282052,0.10493207283293185,104.27333327270576,0.2870599432430288,80.71794871794872,35.53822020191689,139.99364675984754,0.908375577016376,40.73076923076923,21.505692015880026,132.57790368271952,0.6170101738382856
656775,Cedric Mullins,4,119,153,72,29,2,13,102,42,2,132,7,500,8,29,3,556.0,204,171.0,1,5,1,0.264,0.327,0.408,0.735,51.0,0.78,0.18345323741007194,0.023381294964028777,0.23741007194244604,0.30512820512820515,0.2449230769230769,0.03575914743544893,107.7889447236181,0.5334837222101015,0.2908091671924133,0.04552482060880123,104.92386057634755,0.3145325504703602,0.7048782051282052,0.10493207283293185,104.27333327270576,0.2870599432430288,80.71794871794872,35.53822020191689,163.53240152477764,1.4430112422817727,40.73076923076923,21.505692015880026,125.21246458923511,0.47751222149223843
542583,Jesus Aguilar,4,76,140,37,18,0,15,106,27,1,98,4,415,0,1,8,456.0,161,159.0,0,5,5,0.236,0.286,0.388,0.674,49.0,0.54,0.2324561403508772,0.03289473684210526,0.2149122807017544,0.27759197324414714,0.2449230769230769,0.03575914743544893,96.35678391959799,-0.2495327087756923,0.2908091671924133,0.04552482060880123,95.45502843810938,-0.29032940210446195,0.7048782051282052,0.10493207283293185,95.61935595347441,-0.29426851385436803,80.71794871794872,35.53822020191689,121.41041931385006,0.4862947886489574,40.73076923076923,21.505692015880026,120.3021718602455,0.3845135865948736
622761,Jorge Mateo,122,82,113,53,21,6,12,124,22,0,94,5,410,8,29,6,442.0,163,189.0,2,1,2,0.229,0.276,0.398,0.674,45.0,0.73,0.28054298642533937,0.027149321266968326,0.21266968325791855,0.29818181818181816,0.2449230769230769,0.03575914743544893,93.49874371859298,-0.44528681652213997,0.2908091671924133,0.04552482060880123,102.53521959454832,0.16194794160220216,0.7048782051282052,0.10493207283293185,95.61935595347441,-0.29426851385436803,80.71794871794872,35.53822020191689,116.4548919949174,0.37373991175097915,40.73076923076923,21.505692015880026,110.48158640226629,0.198516316800144
602104,Ramon Urias,2,92,92,44,16,0,15,84,22,1,86,3,347,0,1,5,379.0,147,155.0,3,4,0,0.248,0.295,0.424,0.719,50.0,1.00,0.22163588390501318,0.0395778364116095,0.22691292875989447,0.28174603174603174,0.2449230769230769,0.03575914743544893,101.25628140703517,0.08604576164679077,0.2908091671924133,0.04552482060880123,96.88347670264984,-0.19908118967149502,0.7048782051282052,0.10493207283293185,102.00343758241557,0.1345803479387933,80.71794871794872,35.53822020191689,106.54383735705211,0.14863015795502266,40.73076923076923,21.505692015880026,122.75731822474032,0.431012904043556
455139,Robinson Chirinos,57,39,44,9,9,0,3,57,17,0,31,4,169,8,17,3,192.0,49,69.0,1,1,1,0.183,0.272,0.29,0.562,20.0,0.89,0.296875,0.015625,0.16145833333333334,0.2545454545454545,0.2449230769230769,0.03575914743544893,74.71733668341709,-1.7316709531416576,0.2908091671924133,0.04552482060880123,87.53006550754125,-0.7965701382675623,0.7048782051282052,0.10493207283293185,79.73008612144305,-1.3616256809840155,80.71794871794872,35.53822020191689,38.405336721728084,-1.3989993993921785,40.73076923076923,21.505692015880026,49.10292728989612,-0.9639666194169162
596059,Rougned Odor,1,69,132,41,17,3,11,100,28,1,75,6,372,1,5,9,410.0,131,161.0,0,4,0,0.202,0.266,0.352,0.618,43.0,0.52,0.24390243902439024,0.026829268292682926,0.18292682926829268,0.24150943396226415,0.2449230769230769,0.03575914743544893,82.47487437185931,-1.200338374972726,0.2908091671924133,0.04552482060880123,83.04739368909576,-1.0829198791091579,0.7048782051282052,0.10493207283293185,87.67472103745872,-0.8279470974191924,80.71794871794872,35.53822020191689,92.9161372299873,-0.16089575351441757,40.73076923076923,21.505692015880026,105.57129367327667,0.10551768190277917
663630,Ryan McKenna,4,26,27,21,9,0,2,51,9,1,34,2,135,0,2,3,149.0,49,56.0,2,1,0,0.252,0.306,0.363,0.669,11.0,0.96,0.3422818791946309,0.013422818791946308,0.22818791946308725,0.3855421686746988,0.2449230769230769,0.03575914743544893,102.88944723618091,0.19790525178761845,0.2908091671924133,0.04552482060880123,132.5756586000625,2.080908836441872,0.7048782051282052,0.10493207283293185,94.91001355025872,-0.34191838738694164,80.71794871794872,35.53822020191689,42.12198221092757,-1.3145832417186947,40.73076923076923,21.505692015880026,27.006610009442866,-1.3824604764550579
663624,Ryan Mountcastle,19,97,128,55,24,0,21,123,31,1,113,2,455,1,4,12,494.0,200,203.0,0,6,0,0.248,0.296,0.44,0.736,72.0,0.76,0.24898785425101214,0.04251012145748988,0.22874493927125505,0.2902208201892745,0.2449230769230769,0.03575914743544893,101.25628140703517,0.08604576164679077,0.2908091671924133,0.04552482060880123,99.79768622536251,-0.012923653410839966,0.7048782051282052,0.10493207283293185,104.41520175334891,0.29658991794954354,80.71794871794872,35.53822020191689,139.99364675984754,0.908375577016376,40.73076923076923,21.505692015880026,176.77053824362605,1.453997887914569
657077,Alex Verdugo,2,155,137,61,34,1,8,67,33,2,139,3,494,2,1,12,534.0,199,226.0,0,4,0,0.281,0.328,0.403,0.731,62.0,1.13,0.1254681647940075,0.0149812734082397,0.2602996254681648,0.30969267139479906,0.2449230769230769,0.03575914743544893,114.72989949748747,1.0088865553086193,0.2908091671924133,0.04552482060880123,106.49343498511226,0.4147957960044121,0.7048782051282052,0.10493207283293185,103.70585935013321,0.24894004441696993,80.71794871794872,35.53822020191689,172.2045743329098,1.6399822768532346,40.73076923076923,21.505692015880026,152.219074598678,0.9890047134277449
666915,Bobby Dalbec,1,59,72,38,9,2,11,113,29,0,64,3,304,0,3,5,340.0,110,157.0,0,4,0,0.211,0.282,0.362,0.644,36.0,0.82,0.3323529411764706,0.03235294117647059,0.18823529411764706,0.28804347826086957,0.2449230769230769,0.03575914743544893,86.14949748743719,-0.9486545221558645,0.2908091671924133,0.04552482060880123,99.04896776183338,-0.0607512318457996,0.7048782051282052,0.10493207283293185,91.3633015341803,-0.5801677550498097,80.71794871794872,35.53822020191689,79.28843710292249,-0.4704216649838578,40.73076923076923,21.505692015880026,88.38526912181302,-0.21997754023799768
624414,Christian Arroyo,4,66,59,27,13,1,5,39,12,2,64,3,225,1,5,6,243.0,94,101.0,2,1,0,0.284,0.328,0.418,0.746,27.0,1.12,0.16049382716049382,0.0205761316872428,0.26337448559670784,0.3241758241758242,0.2449230769230769,0.03575914743544893,115.95477386934674,1.0927811729142385,0.2908091671924133,0.04552482060880123,111.47372942385063,0.7329332996198603,0.7048782051282052,0.10493207283293185,105.83388655978028,0.39188966501469075,80.71794871794872,35.53822020191689,79.28843710292249,-0.4704216649838578,40.73076923076923,21.505692015880026,66.28895184135976,-0.6384713972761393
571771,Enrique Hernandez,63,60,98,35,19,0,6,56,24,0,60,2,270,1,0,8,300.0,97,114.0,0,4,0,0.222,0.287,0.359,0.646,37.0,0.61,0.18666666666666668,0.02,0.2,0.25471698113207547,0.2449230769230769,0.03575914743544893,90.64070351758795,-0.6410409242685884,0.2908091671924133,0.04552482060880123,87.58904803146818,-0.792802378519646,0.7048782051282052,0.10493207283293185,91.64703849546657,-0.5611078056367802,80.71794871794872,35.53822020191689,74.33290978398985,-0.582976541881836,40.73076923076923,21.505692015880026,90.84041548630783,-0.17347822278931527
614173,Franchy Cordero,3,45,54,36,17,1,8,88,28,1,53,1,236,1,4,1,269.0,96,99.0,2,2,0,0.225,0.307,0.407,0.714,29.0,0.83,0.3271375464684015,0.02973977695167286,0.1970260223048327,0.31690140845070425,0.2449230769230769,0.03575914743544893,91.86557788944725,-0.5571463066629677,0.2908091671924133,0.04552482060880123,108.97228980440879,0.5731431976965681,0.7048782051282052,0.10493207283293185,101.29409517919987,0.0869304744062197,80.71794871794872,35.53822020191689,65.66073697585769,-0.779947576453298,40.73076923076923,21.505692015880026,71.19924457034938,-0.5454727623787745
502110,J.D. Martinez,116,95,114,63,37,0,11,123,44,1,123,5,450,0,0,16,504.0,193,223.0,0,5,0,0.273,0.341,0.429,0.77,51.0,0.83,0.24404761904761904,0.021825396825396824,0.24404761904761904,0.34890965732087226,0.2449230769230769,0.03575914743544893,111.463567839196,0.7851675750269639,0.2908091671924133,0.04552482060880123,119.97890599164533,1.2762376512742701,0.7048782051282052,0.10493207283293185,109.23873009521556,0.620609057971044,80.71794871794872,35.53822020191689,152.38246505717916,1.1897627692613215,40.73076923076923,21.505692015880026,125.21246458923511,0.47751222149223843
608700,Kevin Plawecki,55,49,41,13,7,0,1,28,12,0,32,2,148,4,38,5,164.0,42,63.0,1,1,0,0.216,0.282,0.284,0.566,11.0,1.20,0.17073170731707318,0.006097560975609756,0.1951219512195122,0.25833333333333336,0.2449230769230769,0.03575914743544893,88.19095477386935,-0.80883015947983,0.2908091671924133,0.04552482060880123,88.83259624426063,-0.7133654438344219,0.7048782051282052,0.10493207283293185,80.2975600440156,-1.3235057821579577,80.71794871794872,35.53822020191689,39.64421855146124,-1.370860680167684,40.73076923076923,21.505692015880026,27.006610009442866,-1.3824604764550579
646240,Rafael Devers,3,118,118,74,37,1,25,94,36,9,136,6,464,1,2,9,508.0,250,179.0,0,2,0,0.293,0.35,0.539,0.889,72.0,1.00,0.18503937007874016,0.04921259842519685,0.2677165354330709,0.31988472622478387,0.2449230769230769,0.03575914743544893,119.62939698492463,1.3444650257311008,0.2908091671924133,0.04552482060880123,109.99815766231771,0.6386748732569295,0.7048782051282052,0.10493207283293185,126.12107929174887,1.7546760480462946,80.71794871794872,35.53822020191689,168.48792884371028,1.555566119179751,40.73076923076923,21.505692015880026,176.77053824362605,1.453997887914569
624512,Reese McGuire,1,42,49,12,9,0,0,33,6,0,34,2,151,11,25,2,166.0,43,55.0,5,2,0,0.225,0.261,0.285,0.546,10.0,0.86,0.19879518072289157,0.0,0.20481927710843373,0.2833333333333333,0.2449230769230769,0.03575914743544893,91.86557788944725,-0.5571463066629677,0.2908091671924133,0.04552482060880123,97.42929910660843,-0.16421446057570344,0.7048782051282052,0.10493207283293185,77.46019043115287,-1.514105276288251,80.71794871794872,35.53822020191689,42.12198221092757,-1.3145832417186947,40.73076923076923,21.505692015880026,24.55146364494806,-1.4289597939037402
608701,Rob Refsnyder,6,25,24,19,9,0,4,33,13,0,36,3,116,1,0,1,134.0,57,38.0,0,2,0,0.31,0.388,0.491,0.879,15.0,1.04,0.2462686567164179,0.029850746268656716,0.26865671641791045,0.3950617283950617,0.2449230769230769,0.03575914743544893,126.57035175879399,1.8198678588296184,0.2908091671924133,0.04552482060880123,135.84913165191588,2.2900158596669673,0.7048782051282052,0.10493207283293185,124.7023944853175,1.6593763009811473,80.71794871794872,35.53822020191689,44.5997458703939,-1.2583058032697056,40.73076923076923,21.505692015880026,36.827195467422094,-1.1964632066603282
502054,Tommy Pham,8,80,83,57,11,1,11,100,42,0,81,1,340,2,7,13,387.0,127,139.0,0,4,0,0.238,0.32,0.374,0.694,39.0,0.96,0.25839793281653745,0.028423772609819122,0.20930232558139536,0.30042918454935624,0.2449230769230769,0.03575914743544893,97.17336683417086,-0.19360296370527846,0.2908091671924133,0.04552482060880123,103.30801722993068,0.21131367962124678,0.7048782051282052,0.10493207283293185,98.45672556633713,-0.10366901972407469,80.71794871794872,35.53822020191689,100.34942820838629,0.00793656183254982,40.73076923076923,21.505692015880026,95.75070821529744,-0.08047958789195045
596115,Trevor Story,87,54,91,51,20,0,15,112,29,4,78,3,331,0,12,8,367.0,143,171.0,0,4,0,0.236,0.3,0.432,0.732,59.0,0.59,0.30517711171662126,0.04087193460490463,0.2125340599455041,0.30288461538461536,0.2449230769230769,0.03575914743544893,96.35678391959799,-0.2495327087756923,0.2908091671924133,0.04552482060880123,104.15236160152143,0.26524976992149973,0.7048782051282052,0.10493207283293185,103.84772783077636,0.25847001912348466,80.71794871794872,35.53822020191689,96.63278271918679,-0.07647959584093388,40.73076923076923,21.505692015880026,144.85363550519358,0.8495067610816976
593428,Xander Bogaerts,3,113,116,76,36,0,12,102,48,2,148,8,473,1,8,10,535.0,220,205.0,0,6,0,0.313,0.381,0.465,0.846,61.0,0.97,0.19065420560747665,0.022429906542056073,0.2766355140186916,0.3726027397260274,0.2449230769230769,0.03575914743544893,127.79522613065328,1.9037624764352392,0.2908091671924133,0.04552482060880123,128.12620156485494,1.7966808312431028,0.7048782051282052,0.10493207283293185,120.02073462409398,1.3448871356661616,80.71794871794872,35.53822020191689,183.35451080050825,1.8932307498736858,40.73076923076923,21.505692015880026,149.7639282341832,0.9425053959790625
642708,Amed Rosario,3,161,120,70,22,7,8,89,23,0,142,3,509,3,12,15,538.0,202,204.0,0,3,0,0.279,0.312,0.397,0.709,52.0,1.34,0.1654275092936803,0.01486988847583643,0.26394052044609667,0.3228915662650602,0.2449230769230769,0.03575914743544893,113.91331658291459,0.9529568102382053,0.2908091671924133,0.04552482060880123,111.03211407755234,0.7047232398417073,0.7048782051282052,0.10493207283293185,100.5847527759842,0.039280600873646106,80.71794871794872,35.53822020191689,175.9212198221093,1.7243984345267183,40.73076923076923,21.505692015880026,127.66761095372992,0.5240115389409208
665926,Andres Gimenez,18,93,100,49,22,2,15,87,25,1,118,17,391,2,15,6,440.0,189,149.0,4,3,0,0.302,0.367,0.483,0.85,60.0,0.93,0.19772727272727272,0.03409090909090909,0.2681818181818182,0.3527397260273973,0.2449230769230769,0.03575914743544893,123.30402010050253,1.596148878547963,0.2908091671924133,0.04552482060880123,121.29594449614022,1.3603690911197368,0.7048782051282052,0.10493207283293185,120.58820854666652,1.3830070344922205,80.71794871794872,35.53822020191689,146.18805590851335,1.0490691731388486,40.73076923076923,21.505692015880026,147.30878186968837,0.8960060785303801
595978,Austin Hedges,83,61,80,22,3,0,6,59,20,0,42,5,233,11,41,6,267.0,63,108.0,7,2,0,0.18,0.258,0.27,0.528,23.0,0.76,0.2209737827715356,0.02247191011235955,0.15730337078651685,0.21176470588235294,0.2449230769230769,0.03575914743544893,73.49246231155779,-1.8155655707472784,0.2908091671924133,0.04552482060880123,72.81913012812257,-1.736293745983017,0.7048782051282052,0.10493207283293185,74.90655777957639,-1.685644821005516,80.71794871794872,35.53822020191689,52.03303684879289,-1.0894734879227381,40.73076923076923,21.505692015880026,56.46836638338054,-0.824468667070869
608070,Jose Ramirez,22,98,200,72,39,4,26,58,51,9,136,4,486,6,14,4,547.0,261,193.0,0,6,0,0.28,0.349,0.537,0.886,106.0,0.49,0.10603290676416818,0.04753199268738574,0.24862888482632542,0.2696078431372549,0.2449230769230769,0.03575914743544893,114.32160804020101,0.9809216827734123,0.2908091671924133,0.04552482060880123,92.70954067237825,-0.46570911805107884,0.7048782051282052,0.10493207283293185,125.69547384981948,1.7260861239267504,80.71794871794872,35.53822020191689,168.48792884371028,1.555566119179751,40.73076923076923,21.505692015880026,260.24551463644946,3.034974681169771
647304,Josh Naylor,22,117,90,35,18,0,16,59,26,2,91,4,352,0,5,10,387.0,157,147.0,0,5,0,0.259,0.313,0.446,0.759,61.0,1.30,0.1524547803617571,0.041343669250646,0.2351421188630491,0.26595744680851063,0.2449230769230769,0.03575914743544893,105.74748743718594,0.3936593595340669,0.2908091671924133,0.04552482060880123,91.45428576965747,-0.5458938673796359,0.7048782051282052,0.10493207283293185,107.67817680814107,0.5157793361993821,80.71794871794872,35.53822020191689,112.73824650571791,0.2893237540774955,40.73076923076923,21.505692015880026,149.7639282341832,0.9425053959790625
571912,Luke Maile,59,26,43,17,10,0,2,41,18,0,33,1,141,11,22,3,162.0,49,64.0,0,2,0,0.234,0.321,0.348,0.669,14.0,0.60,0.25308641975308643,0.012345679012345678,0.2037037037037037,0.31,0.2449230769230769,0.03575914743544893,95.54020100502514,-0.3054624538461054,0.2908091671924133,0.04552482060880123,106.59911549311276,0.42154658823359714,0.7048782051282052,0.10493207283293185,94.91001355025872,-0.34191838738694164,80.71794871794872,35.53822020191689,40.88310038119441,-1.3427219609431893,40.73076923076923,21.505692015880026,34.372049102927285,-1.2429625241090105
664702,Myles Straw,123,139,142,57,18,2,0,70,46,0,86,1,433,1,15,4,484.0,108,193.0,1,3,0,0.199,0.275,0.249,0.524,23.0,0.98,0.1446280991735537,0.0,0.17768595041322313,0.23497267759562843,0.2449230769230769,0.03575914743544893,81.25000000000001,-1.2842329925783469,0.2908091671924133,0.04552482060880123,80.79961160239465,-1.226506526551586,0.7048782051282052,0.10493207283293185,74.33908385700384,-1.7237647198315749,80.71794871794872,35.53822020191689,106.54383735705211,0.14863015795502266,40.73076923076923,21.505692015880026,56.46836638338054,-0.824468667070869
660757,Oscar Gonzalez,4,68,48,19,20,0,5,53,8,1,65,1,233,1,1,5,243.0,100,98.0,0,1,0,0.279,0.305,0.429,0.734,23.0,1.42,0.21810699588477367,0.0205761316872428,0.2674897119341564,0.3409090909090909,0.2449230769230769,0.03575914743544893,113.91331658291459,0.9529568102382053,0.2908091671924133,0.04552482060880123,117.22776630474276,1.1004968948080132,0.7048782051282052,0.10493207283293185,104.13146479206263,0.27752996853651407,80.71794871794872,35.53822020191689,80.52731893265566,-0.4422829457593632,40.73076923076923,21.505692015880026,56.46836638338054,-0.824468667070869
680911,Owen Miller,19,102,104,47,24,1,5,82,26,1,89,7,368,0,1,7,410.0,130,158.0,0,9,0,0.242,0.298,0.353,0.651,44.0,0.98,0.2,0.012195121951219513,0.21707317073170732,0.2896551724137931,0.2449230769230769,0.03575914743544893,98.80653266331659,-0.08174347356445076,0.2908091671924133,0.04552482060880123,99.60317799134006,-0.02534869469418755,0.7048782051282052,0.10493207283293185,92.35638089868226,-0.5134579321042065,80.71794871794872,35.53822020191689,110.26048284625159,0.23304631562850633,40.73076923076923,21.505692015880026,108.02644003777147,0.1520169993514616
680700,Richie Palacios,9,30,30,7,6,0,0,18,8,0,25,1,102,0,1,1,112.0,31,52.0,0,1,0,0.245,0.304,0.304,0.608,10.0,1.00,0.16071428571428573,0.0,0.22321428571428573,0.29411764705882354,0.2449230769230769,0.03575914743544893,100.03140703517587,0.002151144041170002,0.2908091671924133,0.04552482060880123,101.13768073350356,0.07267419886923464,0.7048782051282052,0.10493207283293185,86.25603623102735,-0.9232468444843395,80.71794871794872,35.53822020191689,30.972045743329097,-1.5678317147391458,40.73076923076923,21.505692015880026,24.55146364494806,-1.4289597939037402
680757,Steven Kwan,20,120,146,67,21,5,3,48,49,1,129,5,438,5,12,7,497.0,169,173.0,1,4,0,0.295,0.369,0.386,0.755,37.0,0.82,0.096579476861167,0.006036217303822937,0.2595573440643863,0.32225063938618925,0.2449230769230769,0.03575914743544893,120.44597989949747,1.4003947708015145,0.2908091671924133,0.04552482060880123,110.8117197601865,0.69064461481255,0.7048782051282052,0.10493207283293185,107.1107028855685,0.4776594373733232,80.71794871794872,35.53822020191689,159.81575603557815,1.358595084608289,40.73076923076923,21.505692015880026,90.84041548630783,-0.17347822278931527
621043,Carlos Correa,1,102,104,55,16,1,15,93,52,2,108,2,403,0,0,15,461.0,171,163.0,0,4,0,0.268,0.351,0.424,0.775,45.0,0.98,0.2017353579175705,0.03253796095444685,0.23427331887201736,0.3110367892976589,0.2449230769230769,0.03575914743544893,109.42211055276383,0.6453432123509292,0.2908091671924133,0.04552482060880123,106.95563427402617,0.4443207427232568,0.7048782051282052,0.10493207283293185,109.94807249843126,0.6682589315036176,80.71794871794872,35.53822020191689,133.7992376111817,0.767681980893903,40.73076923076923,21.505692015880026,110.48158640226629,0.198516316800144
596142,Gary Sanchez,26,79,81,35,20,0,13,101,30,0,70,4,329,12,24,9,365.0,129,137.0,0,2,1,0.213,0.285,0.392,0.677,45.0,0.98,0.27671232876712326,0.03561643835616438,0.1917808219178082,0.2626728110599078,0.2449230769230769,0.03575914743544893,86.96608040201005,-0.8927247770854507,0.2908091671924133,0.04552482060880123,90.32480426798611,-0.6180443054193151,0.7048782051282052,0.10493207283293185,96.04496139540382,-0.2656785897348239,80.71794871794872,35.53822020191689,86.72172808132149,-0.3015893496368904,40.73076923076923,21.505692015880026,110.48158640226629,0.198516316800144
665482,Gilberto Celestino,8,72,44,24,9,1,2,58,19,0,57,2,229,1,0,11,252.0,74,108.0,2,0,0,0.249,0.312,0.323,0.635,17.0,1.64,0.23015873015873015,0.007936507936507936,0.2261904761904762,0.3254437869822485,0.2449230769230769,0.03575914743544893,101.66457286432163,0.1140106341819977,0.2908091671924133,0.04552482060880123,111.90974140334417,0.7607854204951965,0.7048782051282052,0.10493207283293185,90.08648520839205,-0.6659375274084421,80.71794871794872,35.53822020191689,70.61626429479034,-0.6673926995553198,40.73076923076923,21.505692015880026,41.737488196411704,-1.1034645717629634
570482,Gio Urshela,1,99,117,45,22,3,11,74,29,1,103,0,387,0,0,17,422.0,164,187.0,0,6,0,0.266,0.313,0.424,0.737,53.0,0.85,0.17535545023696683,0.026066350710900472,0.24407582938388625,0.2987012987012987,0.2449230769230769,0.03575914743544893,108.60552763819096,0.5894134672805154,0.2908091671924133,0.04552482060880123,102.71385238129842,0.17335887112446152,0.7048782051282052,0.10493207283293185,104.55707023399204,0.30611989265605827,80.71794871794872,35.53822020191689,127.60482846251588,0.6269883847714303,40.73076923076923,21.505692015880026,130.12275731822473,0.5705108563896032
669304,Jose Miranda,16,74,92,36,17,0,13,73,18,0,89,8,327,1,1,8,354.0,145,158.0,0,1,0,0.272,0.325,0.443,0.768,56.0,0.80,0.2062146892655367,0.03672316384180791,0.2514124293785311,0.3140495867768595,0.2449230769230769,0.03575914743544893,111.05527638190955,0.7572027024917569,0.2908091671924133,0.04552482060880123,107.9916392625509,0.5104999706457536,0.7048782051282052,0.10493207283293185,108.95499313392929,0.6015491085580146,80.71794871794872,35.53822020191689,110.26048284625159,0.23304631562850633,40.73076923076923,21.505692015880026,137.48819641170914,0.7100088087356504
664247,Kyle Garlick,7,26,27,21,3,0,9,33,8,0,30,3,115,0,0,2,127.0,60,59.0,0,1,0,0.261,0.323,0.522,0.845,18.0,0.96,0.25984251968503935,0.07086614173228346,0.23622047244094488,0.28378378378378377,0.2449230769230769,0.03575914743544893,106.56407035175882,0.44958910460448076,0.2908091671924133,0.04552482060880123,97.58419465367776,-0.15431984826473563,0.7048782051282052,0.10493207283293185,119.87886614345085,1.3353571609596468,80.71794871794872,35.53822020191689,37.166454891994924,-1.427138118616673,40.73076923076923,21.505692015880026,44.19263456090651,-1.056965254314281
650333,Luis Arraez,24,138,133,73,24,1,8,38,46,2,143,2,449,4,4,4,500.0,193,131.0,0,3,0,0.318,0.382,0.43,0.812,45.0,1.04,0.076,0.016,0.286,0.33251231527093594,0.2449230769230769,0.03575914743544893,129.83668341708542,2.0435868391112737,0.2908091671924133,0.04552482060880123,114.34038289822199,0.9160529908921873,0.7048782051282052,0.10493207283293185,115.19720628222734,1.0208679956446622,80.71794871794872,35.53822020191689,177.16010165184244,1.7525371537512129,40.73076923076923,21.505692015880026,110.48158640226629,0.198516316800144
596146,Max Kepler,2,117,113,53,18,1,9,62,49,1,86,5,374,2,3,7,432.0,133,189.0,0,4,0,0.23,0.324,0.356,0.68,43.0,1.04,0.14351851851851852,0.020833333333333332,0.19907407407407407,0.250814332247557,0.2449230769230769,0.03575914743544893,93.9070351758794,-0.41732194398693306,0.2908091671924133,0.04552482060880123,86.24705151801703,-0.8785281174095204,0.7048782051282052,0.10493207283293185,96.47056683733324,-0.23708866561527972,80.71794871794872,35.53822020191689,106.54383735705211,0.14863015795502266,40.73076923076923,21.505692015880026,105.57129367327667,0.10551768190277917
624503,Nick Gordon,1,74,70,35,22,4,6,79,15,0,83,5,301,4,6,6,326.0,131,111.0,3,2,0,0.276,0.319,0.435,0.754,35.0,1.06,0.24233128834355827,0.018404907975460124,0.254601226993865,0.3532110091743119,0.2449230769230769,0.03575914743544893,112.68844221105529,0.8690621926325846,0.2908091671924133,0.04552482060880123,121.45800374326252,1.3707213152605942,0.7048782051282052,0.10493207283293185,106.96883440492537,0.4681294626668085,80.71794871794872,35.53822020191689,102.8271918678526,0.06421400028153895,40.73076923076923,21.505692015880026,85.93012275731822,-0.26647685768668006
572041,AJ Pollock,14,109,111,48,22,1,10,80,26,0,94,2,391,1,1,11,422.0,148,193.0,0,3,0,0.24,0.289,0.379,0.668,45.0,0.98,0.1895734597156398,0.023696682464454975,0.22274881516587677,0.27631578947368424,0.2449230769230769,0.03575914743544893,97.98994974874373,-0.13767321863486462,0.2908091671924133,0.04552482060880123,95.01618953121258,-0.3183621049992028,0.7048782051282052,0.10493207283293185,94.76814506961558,-0.35144836209345637,80.71794871794872,35.53822020191689,116.4548919949174,0.37373991175097915,40.73076923076923,21.505692015880026,110.48158640226629,0.198516316800144
641553,Adam Engel,2,41,57,29,12,1,2,64,11,1,48,3,210,2,11,2,224.0,68,94.0,0,0,0,0.229,0.277,0.324,0.601,14.0,0.72,0.2857142857142857,0.008928571428571428,0.21428571428571427,0.3194444444444444,0.2449230769230769,0.03575914743544893,93.49874371859298,-0.44528681652213997,0.2908091671924133,0.04552482060880123,109.84675879666636,0.6290036263535572,0.7048782051282052,0.10493207283293185,85.2629568665254,-0.9899566674299426,80.71794871794872,35.53822020191689,59.46632782719187,-0.9206411725757708,40.73076923076923,21.505692015880026,34.372049102927285,-1.2429625241090105
683734,Andrew Vaughn,29,124,106,54,25,1,15,75,25,0,122,9,423,0,0,11,461.0,194,157.0,0,4,0,0.288,0.338,0.459,0.797,63.0,1.17,0.16268980477223427,0.03253796095444685,0.2646420824295011,0.31750741839762614,0.2449230769230769,0.03575914743544893,117.58793969849246,1.2046406630550661,0.2908091671924133,0.04552482060880123,109.18067730222137,0.586454836025237,0.7048782051282052,0.10493207283293185,113.06917907258027,0.8779183750469415,80.71794871794872,35.53822020191689,151.14358322744602,1.161624050036827,40.73076923076923,21.505692015880026,154.67422096317281,1.0355040308764274
650391,Eloy Jimenez,25,52,40,23,6,0,9,46,21,0,59,2,195,0,0,2,220.0,92,65.0,0,2,0,0.303,0.373,0.472,0.845,33.0,1.30,0.20909090909090908,0.04090909090909091,0.2681818181818182,0.352112676056338,0.2449230769230769,0.03575914743544893,123.71231155778895,1.62411375108317,0.2908091671924133,0.04552482060880123,121.08032200489862,1.3465952867933546,0.7048782051282052,0.10493207283293185,119.87886614345085,1.3353571609596468,80.71794871794872,35.53822020191689,73.09402795425667,-0.6111152611063306,40.73076923076923,21.505692015880026,81.01983002832861,-0.3594754925840449
657757,Gavin Sheets,15,66,95,26,17,0,12,65,23,0,76,3,300,0,0,9,328.0,129,146.0,0,2,0,0.253,0.311,0.43,0.741,42.0,0.69,0.19817073170731708,0.036585365853658534,0.23170731707317074,0.28444444444444444,0.2449230769230769,0.03575914743544893,103.29773869346735,0.22587012432282538,0.2908091671924133,0.04552482060880123,97.81137478937944,-0.13980775020864908,0.7048782051282052,0.10493207283293185,105.12454415656458,0.34423979148211714,80.71794871794872,35.53822020191689,94.15501905972046,-0.132757034289923,40.73076923076923,21.505692015880026,103.11614730878188,0.05901836445409677
547989,Jose Abreu,27,139,118,73,31,0,14,93,56,2,156,7,503,0,0,13,569.0,229,228.0,0,3,0,0.31,0.385,0.455,0.84,63.0,1.18,0.1634446397188049,0.02460456942003515,0.2741652021089631,0.3558897243107769,0.2449230769230769,0.03575914743544893,126.57035175879399,1.8198678588296184,0.2908091671924133,0.04552482060880123,122.37912846650505,1.4295620773029851,0.7048782051282052,0.10493207283293185,119.16952374023515,1.2877072874270734,80.71794871794872,35.53822020191689,193.26556543837359,2.1183405036696423,40.73076923076923,21.505692015880026,154.67422096317281,1.0355040308764274
544725,Leury Garcia,3,96,73,36,8,0,3,63,7,0,63,3,290,0,1,6,305.0,80,119.0,2,3,0,0.217,0.241,0.276,0.517,20.0,1.32,0.20655737704918034,0.009836065573770493,0.20655737704918034,0.2643171806167401,0.2449230769230769,0.03575914743544893,88.59924623115577,-0.7808652869446231,0.2908091671924133,0.04552482060880123,90.89025052702523,-0.5819240190603091,0.7048782051282052,0.10493207283293185,73.34600449250188,-1.790474542777178,80.71794871794872,35.53822020191689,78.04955527318933,-0.49856038420835236,40.73076923076923,21.505692015880026,49.10292728989612,-0.9639666194169162
664874,Seby Zavala,1,19,39,17,11,0,2,56,16,0,42,2,152,5,19,1,174.0,59,79.0,2,2,0,0.276,0.349,0.388,0.737,20.0,0.49,0.3218390804597701,0.011494252873563218,0.2413793103448276,0.4166666666666667,0.2449230769230769,0.03575914743544893,112.68844221105529,0.8690621926325846,0.2908091671924133,0.04552482060880123,143.27838103913004,2.7645907834707995,0.7048782051282052,0.10493207283293185,104.55707023399204,0.30611989265605827,80.71794871794872,35.53822020191689,52.03303684879289,-1.0894734879227381,40.73076923076923,21.505692015880026,49.10292728989612,-0.9639666194169162
518735,Yasmani Grandal,24,67,79,12,6,0,4,62,38,1,54,2,261,8,34,8,302.0,72,127.0,0,1,1,0.207,0.311,0.276,0.587,23.0,0.85,0.2052980132450331,0.013245033112582781,0.17880794701986755,0.25510204081632654,0.2449230769230769,0.03575914743544893,84.51633165829145,-1.0605140122966923,0.2908091671924133,0.04552482060880123,87.72145777905921,-0.7843441423508555,0.7048782051282052,0.10493207283293185,83.27679813752147,-1.1233763133211487,80.71794871794872,35.53822020191689,66.89961880559085,-0.7518088572288034,40.73076923076923,21.505692015880026,56.46836638338054,-0.824468667070869
677951,Witt Jr.,2,91,161,68,22,6,20,114,23,1,119,6,480,4,26,9,514.0,213,211.0,0,5,0,0.248,0.288,0.444,0.732,69.0,0.57,0.22178988326848248,0.038910505836575876,0.23151750972762647,0.28205128205128205,0.2449230769230769,0.03575914743544893,101.25628140703517,0.08604576164679077,0.2908091671924133,0.04552482060880123,96.98844254956495,-0.19237604946076586,0.7048782051282052,0.10493207283293185,103.84772783077636,0.25847001912348466,80.71794871794872,35.53822020191689,147.42693773824652,1.0772078923633432,40.73076923076923,21.505692015880026,169.40509915014164,1.3144999355685216
641531,Hunter Dozier,22,99,103,44,24,3,10,105,31,0,98,3,404,3,4,13,439.0,158,202.0,0,1,0,0.243,0.301,0.391,0.692,36.0,0.96,0.23917995444191345,0.022779043280182234,0.22323462414578588,0.30344827586206896,0.2449230769230769,0.03575914743544893,99.21482412060301,-0.053778601029243846,0.2908091671924133,0.04552482060880123,104.34618646711814,0.27763115813820866,0.7048782051282052,0.10493207283293185,98.17298860505086,-0.12272896913710413,80.71794871794872,35.53822020191689,121.41041931385006,0.4862947886489574,40.73076923076923,21.505692015880026,88.38526912181302,-0.21997754023799768
664728,Kyle Isbel,2,52,58,27,8,4,4,59,12,0,46,3,212,3,9,5,230.0,74,106.0,1,2,0,0.217,0.266,0.349,0.615,25.0,0.90,0.2565217391304348,0.017391304347826087,0.2,0.2781456953642384,0.2449230769230769,0.03575914743544893,88.59924623115577,-0.7808652869446231,0.2908091671924133,0.04552482060880123,95.64543581949873,-0.27816632023645343,0.7048782051282052,0.10493207283293185,87.24911559552932,-0.8565370215387365,80.71794871794872,35.53822020191689,56.98856416772554,-0.97691861102476,40.73076923076923,21.505692015880026,61.37865911237016,-0.7314700321735041
669004,MJ Melendez,18,81,96,41,15,2,15,103,51,1,79,1,352,9,22,2,411.0,143,147.0,0,7,0,0.224,0.319,0.406,0.725,49.0,0.84,0.25060827250608275,0.0364963503649635,0.1922141119221411,0.26556016597510373,0.2449230769230769,0.03575914743544893,91.45728643216081,-0.5851111791981746,0.2908091671924133,0.04552482060880123,91.31767355854927,-0.5546205537914456,0.7048782051282052,0.10493207283293185,102.85464846627438,0.19176019617788162,80.71794871794872,35.53822020191689,97.87166454891995,-0.04834087661643931,40.73076923076923,21.505692015880026,120.3021718602455,0.3845135865948736
572191,A. Taylor,1,67,94,43,8,3,9,96,31,0,92,2,346,1,3,5,382.0,133,136.0,1,2,0,0.266,0.328,0.384,0.712,40.0,0.71,0.2513089005235602,0.02356020942408377,0.24083769633507854,0.34156378600823045,0.2449230769230769,0.03575914743544893,108.60552763819096,0.5894134672805154,0.2908091671924133,0.04552482060880123,117.45289507405228,1.1148779531050994,0.7048782051282052,0.10493207283293185,101.01035821791359,0.06787052499319027,80.71794871794872,35.53822020191689,113.97712833545108,0.31746247330199,40.73076923076923,21.505692015880026,98.20585457979224,-0.03398027044326804
686681,Michael Massey,2,18,26,7,6,1,1,24,6,0,26,5,92,0,2,1,105.0,37,40.0,1,1,0,0.283,0.356,0.402,0.758,9.0,0.69,0.22857142857142856,0.009523809523809525,0.24761904761904763,0.36764705882352944,0.2449230769230769,0.03575914743544893,115.54648241206029,1.0648163003790314,0.2908091671924133,0.04552482060880123,126.42210091687946,1.6878241496301738,0.7048782051282052,0.10493207283293185,107.53630832749792,0.5062493614928674,80.71794871794872,35.53822020191689,32.210927573062264,-1.5396929955146512,40.73076923076923,21.505692015880026,22.096317280453256,-1.4754591113524227
668472,Nick Pratto,1,24,30,17,9,1,7,53,15,0,27,1,131,0,0,6,150.0,59,43.0,1,2,0,0.206,0.289,0.45,0.739,19.0,0.80,0.35333333333333333,0.04666666666666667,0.18,0.273972602739726,0.2449230769230769,0.03575914743544893,84.10804020100502,-1.0884788848318991,0.2908091671924133,0.04552482060880123,94.2104423270992,-0.36983263695568064,0.7048782051282052,0.10493207283293185,104.8408071952783,0.3251798420690877,80.71794871794872,35.53822020191689,33.449809402795424,-1.5115542762901566,40.73076923076923,21.505692015880026,46.647780925401314,-1.0104659368655986
670032,Nicky Lopez,46,150,96,48,12,4,0,61,27,0,94,4,391,3,12,6,432.0,114,194.0,9,1,0,0.24,0.296,0.292,0.588,17.0,1.56,0.1412037037037037,0.0,0.2175925925925926,0.283987915407855,0.2449230769230769,0.03575914743544893,97.98994974874373,-0.13767321863486462,0.2908091671924133,0.04552482060880123,97.65438901035571,-0.1498358849818189,0.7048782051282052,0.10493207283293185,83.41866661816461,-1.113846338614634,80.71794871794872,35.53822020191689,116.4548919949174,0.37373991175097915,40.73076923076923,21.505692015880026,41.737488196411704,-1.1034645717629634
656811,Ryan O'Hearn,12,32,24,11,3,1,1,32,7,0,24,2,111,0,0,2,121.0,32,61.0,0,1,0,0.216,0.273,0.288,0.561,11.0,1.33,0.2644628099173554,0.008264462809917356,0.19834710743801653,0.2911392405063291,0.2449230769230769,0.03575914743544893,88.19095477386935,-0.80883015947983,0.2908091671924133,0.04552482060880123,100.11350168810098,0.007250403395373546,0.7048782051282052,0.10493207283293185,79.58821764079993,-1.3711556556905302,80.71794871794872,35.53822020191689,29.733163913595934,-1.5959704339636405,40.73076923076923,21.505692015880026,27.006610009442866,-1.3824604764550579
521692,Salvador Perez,31,72,101,39,17,1,19,98,14,1,83,6,352,6,19,8,374.0,159,146.0,0,2,0,0.236,0.275,0.452,0.727,63.0,0.71,0.2620320855614973,0.05080213903743316,0.22192513368983957,0.270042194092827,0.2449230769230769,0.03575914743544893,96.35678391959799,-0.2495327087756923,0.2908091671924133,0.04552482060880123,92.85890011649947,-0.45616814787780763,0.7048782051282052,0.10493207283293185,103.13838542756066,0.21082014559091106,80.71794871794872,35.53822020191689,102.8271918678526,0.06421400028153895,40.73076923076923,21.505692015880026,154.67422096317281,1.0355040308764274
668731,Akil Baddoo,2,28,37,14,1,0,1,44,12,0,24,0,133,3,4,2,145.0,28,54.0,0,0,0,0.18,0.248,0.211,0.459,5.0,0.76,0.30344827586206896,0.006896551724137931,0.16551724137931034,0.26136363636363635,0.2449230769230769,0.03575914743544893,73.49246231155779,-1.8155655707472784,0.2908091671924133,0.04552482060880123,89.87462083363611,-0.6468016882879113,0.7048782051282052,0.10493207283293185,65.11763261519992,-2.343213075755031,80.71794871794872,35.53822020191689,29.733163913595934,-1.5959704339636405,40.73076923076923,21.505692015880026,12.27573182247403,-1.6614563811471523
606992,Eric Haase,9,53,63,32,11,1,9,77,20,0,59,1,249,9,20,5,273.0,99,114.0,0,3,0,0.237,0.293,0.398,0.691,35.0,0.84,0.28205128205128205,0.03296703296703297,0.21611721611721613,0.30120481927710846,0.2449230769230769,0.03575914743544893,96.76507537688443,-0.22156783624048537,0.2908091671924133,0.04552482060880123,103.57473328129882,0.2283513025570363,0.7048782051282052,0.10493207283293185,98.03112012440772,-0.13225894384361886,80.71794871794872,35.53822020191689,73.09402795425667,-0.6111152611063306,40.73076923076923,21.505692015880026,85.93012275731822,-0.26647685768668006
605612,Harold Castro,7,93,90,34,19,2,5,69,14,0,95,1,342,1,0,3,362.0,133,122.0,3,2,0,0.278,0.306,0.389,0.695,37.0,1.03,0.19060773480662985,0.013812154696132596,0.26243093922651933,0.3333333333333333,0.2449230769230769,0.03575914743544893,113.50502512562817,0.9249919377029985,0.2908091671924133,0.04552482060880123,114.62270483130403,0.9340875059417347,0.7048782051282052,0.10493207283293185,98.59859404698027,-0.09413904501755997,80.71794871794872,35.53822020191689,117.69377382465058,0.4018786309754737,40.73076923076923,21.505692015880026,90.84041548630783,-0.17347822278931527
595879,Javier Baez,3,131,101,48,24,2,12,118,23,0,102,5,449,2,8,12,480.0,166,195.0,0,3,0,0.227,0.271,0.37,0.641,49.0,1.30,0.24583333333333332,0.025,0.2125,0.2795031055900621,0.2449230769230769,0.03575914743544893,92.68216080402011,-0.5012165615925538,0.2908091671924133,0.04552482060880123,96.11220591444747,-0.24834939382859253,0.7048782051282052,0.10493207283293185,90.93769609225089,-0.6087576791693537,80.71794871794872,35.53822020191689,126.36594663278274,0.5988496655469356,40.73076923076923,21.505692015880026,120.3021718602455,0.3845135865948736
600869,Jeimer Candelario,3,96,106,42,14,2,12,91,24,0,74,6,366,1,0,8,397.0,128,146.0,0,1,0,0.202,0.262,0.35,0.612,42.0,0.91,0.22921914357682618,0.030226700251889168,0.18639798488664988,0.23484848484848486,0.2449230769230769,0.03575914743544893,82.47487437185931,-1.200338374972726,0.2908091671924133,0.04552482060880123,80.75690567660058,-1.2292345493198857,0.7048782051282052,0.10493207283293185,86.8235101535999,-0.8851269456582807,80.71794871794872,35.53822020191689,91.67725540025413,-0.18903447273891213,40.73076923076923,21.505692015880026,103.11614730878188,0.05901836445409677
665019,Kody Clemens,3,26,34,9,4,0,3,27,8,0,14,0,99,0,1,1,109.0,27,33.0,0,2,0,0.141,0.202,0.273,0.475,12.0,0.76,0.24770642201834864,0.027522935779816515,0.12844036697247707,0.15492957746478872,0.2449230769230769,0.03575914743544893,57.56909547738693,-2.9061955996203475,0.2908091671924133,0.04552482060880123,53.2753416821554,-2.9847364121486555,0.7048782051282052,0.10493207283293185,67.38752830549012,-2.1907334804507963,80.71794871794872,35.53822020191689,17.344345616264295,-1.877357626208586,40.73076923076923,21.505692015880026,29.461756373937675,-1.3359611590063754
408234,Miguel Cabrera,99,110,69,23,10,0,4,94,25,3,92,3,360,0,1,9,393.0,114,132.0,0,5,0,0.256,0.305,0.317,0.622,37.0,1.59,0.23918575063613232,0.010178117048346057,0.2340966921119593,0.3295880149812734,0.2449230769230769,0.03575914743544893,104.52261306532664,0.30976474192844616,0.2908091671924133,0.04552482060880123,113.33480927140174,0.8518176957157092,0.7048782051282052,0.10493207283293185,88.24219496003127,-0.7898271985931334,80.71794871794872,35.53822020191689,113.97712833545108,0.31746247330199,40.73076923076923,21.505692015880026,90.84041548630783,-0.17347822278931527
682985,Riley Greene,67,76,42,37,12,4,5,89,23,0,71,2,277,4,1,8,303.0,106,104.0,0,1,0,0.256,0.317,0.383,0.7,29.0,1.81,0.29372937293729373,0.0165016501650165,0.23432343234323433,0.358695652173913,0.2449230769230769,0.03575914743544893,104.52261306532664,0.30976474192844616,0.2908091671924133,0.04552482060880123,123.3439975902076,1.4911971991027542,0.7048782051282052,0.10493207283293185,99.30793645019597,-0.04648917148498637,80.71794871794872,35.53822020191689,87.96060991105465,-0.2734506304123958,40.73076923076923,21.505692015880026,71.19924457034938,-0.5454727623787745
679529,Spencer Torkelson,84,67,75,26,11,0,5,77,30,0,52,5,269,1,0,10,306.0,78,128.0,0,2,0,0.193,0.284,0.29,0.574,21.0,0.89,0.25163398692810457,0.016339869281045753,0.16993464052287582,0.24867724867724866,0.2449230769230769,0.03575914743544893,78.80025125628141,-1.4520222277895884,0.2908091671924133,0.04552482060880123,85.51217662017919,-0.9254713791671556,0.7048782051282052,0.10493207283293185,81.43250788916069,-1.24726598450584,80.71794871794872,35.53822020191689,64.42185514612453,-0.8080862956777926,40.73076923076923,21.505692015880026,51.55807365439094,-0.9174673019682338
622682,Victor Reyes,4,62,57,20,15,2,1,61,12,0,66,1,243,2,2,5,259.0,88,86.0,0,3,0,0.272,0.305,0.362,0.667,23.0,1.09,0.23552123552123552,0.003861003861003861,0.2548262548262548,0.3532608695652174,0.2449230769230769,0.03575914743544893,111.05527638190955,0.7572027024917569,0.2908091671924133,0.04552482060880123,121.47514914187111,1.3718165505682507,0.7048782051282052,0.10493207283293185,94.62627658897244,-0.36097833679997104,80.71794871794872,35.53822020191689,81.76620076238882,-0.41414422653486865,40.73076923076923,21.505692015880026,56.46836638338054,-0.824468667070869
650489,Willi Castro,4,81,91,40,15,2,6,70,14,0,78,7,317,4,7,4,341.0,115,132.0,0,3,0,0.246,0.29,0.363,0.653,26.0,0.89,0.20527859237536658,0.017595307917888565,0.2287390029325513,0.29508196721311475,0.2449230769230769,0.03575914743544893,100.43969849246233,0.030116016576376924,0.2908091671924133,0.04552482060880123,101.46927968672816,0.09385649330544334,0.7048782051282052,0.10493207283293185,92.64011785996853,-0.49439798269117713,80.71794871794872,35.53822020191689,96.63278271918679,-0.07647959584093388,40.73076923076923,21.505692015880026,63.83380547686496,-0.6849707147248217
