,playername,gamesPlayed,gamesStarted,groundOuts,airOuts,runs,doubles,triples,homeRuns,strikeOuts,baseOnBalls,intentionalWalks,hits,hitByPitch,avg,atBats,obp,slg,ops,caughtStealing,stolenBases,stolenBasePercentage,groundIntoDoublePlay,numberOfPitches,era,inningsPitched,wins,losses,saves,saveOpportunities,holds,blownSaves,earnedRuns,whip,battersFaced,outs,gamesPitched,completeGames,shutouts,strikes,strikePercentage,hitBatsmen,balks,wildPitches,pickoffs,totalBases,groundOutsToAirouts,winPercentage,pitchesPerInning,gamesFinished,strikeoutWalkRatio,strikeoutsPer9Inn,walksPer9Inn,hitsPer9Inn,runsScoredPer9,homeRunsPer9,inheritedRunners,inheritedRunnersScored,catchersInterference,sacBunts,sacFlies,assists,putOuts,errors,chances,fielding,rangeFactorPerGame,rangeFactorPer9Inn,innings,games,doublePlays,triplePlays,throwingErrors,plateAppearances,rbi,leftOnBase,babip,atBatsPerHomeRun,passedBall,catcherERA
681911,Alex Vesia,54,0,29,44,13,4,0,2,65,21,0,33,2,.196,168,.292,.256,.548,1,2,.667,1,813,2.36,45.2,4,0,1,2,14,1,12,1.18,194,137,54,0,0,520,.640,2,0,1,0,43,0.66,1.000,17.80,6,3.10,12.81,4.14,6.50,2.56,0.39,25,7,0,2,1,4,1,2,7,.714,0.09,1.00,45.2,54,0,0,2,,,,,,,
571760,Andrew Heaney,11,11,32,48,25,10,1,11,78,13,0,43,8,.216,199,.290,.442,.732,1,0,.000,1,874,2.94,52.0,2,2,0,0,0,0,17,1.08,222,156,11,0,0,588,.670,8,0,0,0,88,0.67,.500,16.81,0,6.00,13.50,2.25,7.44,4.33,1.90,0,0,0,1,1,1,2,1,4,.750,0.27,0.52,52.0,11,0,0,1,,,,,,,
605131,Austin Barnes,4,0,48,38,27,5,0,7,27,21,0,32,3,.222,144,.331,.403,.734,6,15,.714,5,677,,,,,,,,,,,,,,,,,,,,6,0,58,1.26,,,,,,,,,,,,0,0,1,0,0,0,0,.000,0.00,-.--,0.0,4,0,0,0,169,23,73,.225,20.57,1,3.19
595014,Blake Treinen,5,0,6,3,1,0,0,1,6,1,0,1,0,.063,16,.118,.250,.368,0,0,.---,0,69,1.80,5.0,1,1,0,0,1,0,1,0.40,17,15,5,0,0,46,.670,0,0,0,0,4,2.00,.500,13.80,1,6.00,10.80,1.80,1.80,1.80,1.80,0,0,0,0,0,0,0,0,0,.000,0.00,0.00,5.0,5,0,0,0,,,,,,,
657571,Caleb Ferguson,27,1,21,27,5,4,0,0,27,11,0,12,1,.138,87,.242,.184,.426,0,1,1.000,2,408,1.73,26.0,1,0,0,0,7,0,5,0.88,99,78,27,0,0,268,.660,1,0,0,0,16,0.78,1.000,15.69,2,2.45,9.35,3.81,4.15,1.73,0.00,3,0,0,0,0,1,0,0,1,1.000,0.04,0.35,26.0,27,0,0,0,,,,,,,
455119,Chris Martin,15,0,0,0,0,0,0,0,0,0,0,0,0,.000,0,.000,.000,.000,0,0,.---,0,0,2.51,14.1,3,1,1,2,1,1,4,0.49,53,43,15,0,0,156,.740,0,0,1,0,0,-.--,.750,14.72,1,-.--,11.30,0.00,4.40,2.51,0.63,6,0,0,0,0,2,1,0,3,1.000,0.20,1.93,14.1,15,0,0,0,0,0,0,.---,-.--,,
621035,Chris Taylor,3,3,46,80,39,23,3,8,139,40,2,73,4,.218,335,.306,.376,.682,1,9,.900,4,1689,,,,,,,,,,,,,,,,,,,,,,126,0.58,,,,,,,,,,,,0,0,3,0,0,0,0,.000,0.00,-.--,0.0,3,0,0,0,382,34,174,.340,41.88,,
477132,Clayton Kershaw,17,17,92,89,32,13,1,8,102,18,0,75,2,.211,355,.252,.321,.573,2,3,.600,6,1418,2.62,96.1,7,3,0,0,0,0,28,0.97,378,289,17,0,0,951,.670,2,1,0,2,114,1.03,.700,14.72,0,5.67,9.53,1.68,7.01,2.99,0.75,0,0,0,1,2,10,1,1,12,.917,0.65,1.03,96.1,17,0,0,1,,,,,,,
641355,Cody Bellinger,121,115,88,132,60,22,3,17,130,36,0,86,2,.199,432,.262,.382,.644,2,12,.857,7,1990,,,,,,,,,,,,,,,,,,,,,,165,0.67,,,,,,,,,,,,0,0,4,2,277,3,282,.989,2.31,2.43,1034.1,121,0,0,1,474,55,215,.239,25.41,,
518886,Craig Kimbrel,51,0,35,49,25,14,1,2,62,21,1,47,2,.245,192,.324,.359,.683,0,2,1.000,2,900,3.88,48.2,4,5,22,26,1,4,21,1.40,216,146,51,0,0,566,.630,2,1,7,0,69,0.71,.444,18.49,42,2.95,11.47,3.88,8.69,4.62,0.37,3,1,0,0,1,3,2,0,5,1.000,0.10,0.94,48.2,51,0,0,0,0,0,0,.---,-.--,,
669160,Dustin May,3,3,16,12,8,0,0,2,18,8,0,9,3,.164,55,.303,.273,.576,0,3,1.000,1,244,3.94,16.0,1,2,0,0,0,0,7,1.06,66,48,3,0,0,157,.640,3,0,0,0,15,1.33,.333,15.25,0,2.25,10.13,4.50,5.06,4.50,1.13,0,0,0,0,0,4,0,1,5,.800,1.33,2.25,16.0,3,0,0,0,,,,,,,
623465,Evan Phillips,54,0,44,50,11,6,0,2,61,14,1,27,3,.150,180,.221,.217,.438,0,1,1.000,3,778,1.35,53.1,6,3,2,4,17,2,8,0.77,199,160,54,0,0,514,.660,3,0,0,0,39,0.88,.667,14.59,9,4.36,10.29,2.36,4.56,1.86,0.34,21,5,0,0,2,6,3,0,9,1.000,0.17,1.53,53.1,54,0,0,0,1,0,0,.---,-.--,,
518692,Freddie Freeman,136,136,122,154,100,44,2,17,89,64,7,172,5,.324,531,.398,.510,.908,2,11,.846,5,2345,,,,,,,,,,,,,,,,,,,,,,271,0.79,,,,,,,,,,,,0,0,6,74,986,3,1063,.997,7.79,8.13,1174.2,136,84,0,0,606,84,182,.360,31.24,,
666158,Gavin Lux,28,24,105,80,62,18,7,6,79,46,0,108,0,.293,369,.368,.428,.796,2,7,.778,3,1663,,,,,,,,,,,,,,,,,,,,,,158,1.31,,,,,,,,,,,,0,0,3,0,29,0,29,1.000,1.04,1.27,205.1,28,0,0,0,418,42,173,.355,61.50,,
593643,Hanser Alberto,5,1,45,35,12,8,2,2,23,2,0,32,0,.237,135,.248,.370,.618,1,0,.000,4,454,3.38,8.0,0,0,0,0,0,0,3,1.38,36,24,8,0,0,70,.600,1,0,0,0,50,1.29,.---,14.63,8,0.33,1.13,3.38,9.00,3.38,1.13,0,0,0,0,0,0,0,0,0,.000,0.00,-.--,0.0,5,0,0,0,137,14,72,.273,67.50,,
592390,Heath Hembree,20,0,10,25,13,6,0,5,12,14,1,17,0,.274,62,.397,.613,1.010,1,6,.857,0,301,7.16,16.1,2,0,0,1,2,1,13,1.90,78,49,20,0,0,178,.590,0,0,1,0,38,0.40,1.000,18.43,3,0.86,6.61,7.71,9.37,7.16,2.76,13,7,0,0,2,0,0,0,0,.000,0.00,0.00,16.1,20,0,0,0,,,,,,,
608336,Joey Gallo,1,0,29,61,32,4,1,12,106,40,0,37,0,.159,233,.282,.339,.621,0,2,1.000,0,1142,,,,,,,,,,,,,,,,,,,,,,79,0.48,,,,,,,,,,,,0,0,0,0,2,0,2,1.000,2.00,3.00,6.0,1,0,0,0,273,24,122,.217,19.42,,
628711,Julio Urias,26,26,121,169,44,18,3,18,139,34,0,104,5,.196,530,.250,.343,.593,3,3,.500,10,2177,2.29,145.2,15,7,0,0,0,0,37,0.95,572,437,26,0,0,1505,.690,5,1,0,1,182,0.72,.682,14.95,0,4.09,8.59,2.10,6.43,2.72,1.11,0,0,0,0,3,8,3,1,12,.917,0.42,0.68,145.2,26,0,0,1,,,,,,,
677865,Justin Bruihl,20,0,0,0,0,0,0,0,0,0,0,0,0,.000,0,.000,.000,.000,0,0,.---,0,0,3.98,20.1,1,1,0,1,3,1,9,1.23,87,61,20,0,0,198,.650,3,0,0,1,0,-.--,.500,14.95,7,2.40,5.31,2.21,8.85,4.43,1.77,2,0,0,0,0,4,1,1,6,.833,0.25,2.25,20.1,20,0,0,1,0,0,0,.---,-.--,,
457759,Justin Turner,50,50,83,139,54,32,0,11,74,44,1,112,5,.280,400,.352,.443,.795,0,3,1.000,12,1838,,,,,,,,,,,,,,,,,,,,,,177,0.60,,,,,,,,,,,,0,0,8,0,0,0,0,.000,0.00,-.--,0.0,50,0,0,0,457,73,169,.313,36.36,,
571970,Max Muncy,22,22,74,124,60,17,1,19,122,74,1,77,2,.197,391,.323,.391,.714,0,2,1.000,2,2041,,,,,,,,,,,,,,,,,,,,,,153,0.60,,,,,,,,,,,,0,0,6,0,0,0,0,.000,0.00,-.--,0.0,22,0,0,0,473,57,183,.227,20.58,,
678246,Miguel Vargas,3,3,4,7,1,1,0,0,5,1,0,3,0,.158,19,.200,.211,.411,0,1,1.000,0,90,,,,,,,,,,,,,,,,,,,,,,4,0.57,,,,,,,,,,,,0,0,0,0,0,0,0,.000,0.00,-.--,0.0,3,0,0,0,20,2,11,.214,-.--,,
605141,Mookie Betts,115,112,109,157,105,32,3,33,86,47,0,135,6,.280,483,.348,.563,.911,1,12,.923,8,2061,,,,,,,,,,,,,,,,,,,,,,272,0.69,,,,,,,,,,,,0,0,4,8,254,0,262,1.000,2.28,2.41,977.1,115,4,0,0,540,74,170,.277,14.64,,
641360,Phil Bickford,53,0,0,0,0,0,0,0,0,0,0,0,0,.000,0,.000,.000,.000,0,0,.---,0,0,4.85,52.0,2,1,0,1,6,1,28,1.17,213,156,53,0,0,581,.670,2,0,0,1,0,-.--,.667,16.65,11,3.93,9.52,2.42,8.13,4.85,1.56,10,3,0,0,0,2,1,0,3,1.000,0.06,0.52,52.0,53,0,0,0,0,0,0,.---,-.--,,
572204,Trayce Thompson,2,1,4,2,1,0,0,0,7,2,0,1,0,.071,14,.188,.071,.259,1,0,.000,0,72,,,,,,,,,,,,,,,,,,,,,,1,2.00,,,,,,,,,,,,0,0,0,0,0,0,0,.000,0.00,-.--,0.0,2,0,0,0,16,2,8,.143,-.--,,
607208,Trea Turner,135,135,139,144,85,35,2,19,107,37,1,168,3,.304,552,.348,.478,.826,3,23,.885,9,2302,,,,,,,,,,,,,,,,,,,,,,264,0.97,,,,,,,,,,,,2,0,6,274,155,13,442,.971,3.18,3.30,1169.2,135,45,0,7,600,91,230,.345,29.05,,
542881,Tyler Anderson,26,24,144,188,50,27,6,13,117,30,0,129,7,.226,572,.271,.362,.633,1,4,.800,13,2245,2.73,154.2,14,3,0,0,0,0,47,1.03,615,464,26,0,0,1547,.690,7,0,6,1,207,0.77,.824,14.52,0,3.90,6.81,1.75,7.51,2.91,0.76,0,0,0,3,3,28,12,1,41,.976,1.54,2.34,154.2,26,1,0,1,1,0,1,.---,-.--,,
669257,Will Smith,20,19,86,151,58,23,1,21,78,51,3,110,9,.261,421,.351,.470,.821,9,40,.816,8,2003,,,,,,,,,,,,,,,,,,,,28,1,198,0.57,,,,,,,,,,,,0,0,4,0,0,0,0,.000,0.00,-.--,0.0,20,0,0,0,485,80,196,.273,20.05,4,2.72
676265,,11,5,18,46,14,8,0,7,29,13,0,24,2,.205,117,.295,.453,.748,0,2,1.000,0,525,4.06,31.0,0,2,0,0,0,0,14,1.19,132,93,11,0,0,332,.630,2,0,1,0,53,0.39,.000,16.94,6,2.23,8.42,3.77,6.97,4.06,2.03,2,0,0,0,0,1,0,0,1,1.000,0.09,0.29,31.0,11,0,0,0,,,,,,,
670970,Adrian Morejon,19,0,18,31,13,3,0,3,22,6,0,25,1,.260,96,.311,.385,.696,0,2,1.000,3,398,4.50,24.0,3,0,0,0,4,0,12,1.29,103,72,19,0,0,263,.660,1,0,0,0,37,0.58,1.000,16.58,3,3.67,8.25,2.25,9.38,4.88,1.13,7,0,0,0,0,2,1,1,4,.750,0.16,1.13,24.0,19,0,0,1,,,,,,,
543592,Austin Nola,6,5,77,102,34,11,0,3,54,32,1,73,5,.245,298,.321,.312,.633,7,53,.883,4,1315,,,,,,,,,,,,,,,,,,,,24,0,93,0.75,,,,,,,,,,,,2,0,8,0,0,0,0,.000,0.00,-.--,0.0,6,0,0,0,343,34,130,.281,99.33,3,3.52
605483,Blake Snell,19,19,63,96,44,16,1,9,134,42,0,86,2,.231,373,.308,.351,.659,3,11,.786,5,1842,3.73,99.0,6,8,0,0,0,0,41,1.29,423,297,19,0,0,1158,.630,2,0,5,2,131,0.66,.429,18.61,0,3.19,12.18,3.82,7.82,4.00,0.82,0,0,0,1,5,7,4,0,11,1.000,0.58,1.00,99.0,19,0,0,0,0,0,0,.---,-.--,,
666703,Eguy Rosario,1,0,0,2,0,0,0,0,2,1,0,0,0,.000,4,.200,.000,.200,0,0,.---,0,20,,,,,,,,,,,,,,,,,,,,,,0,0.00,,,,,,,,,,,,0,0,0,2,0,0,2,1.000,2.00,9.00,2.0,1,0,0,0,5,0,2,.000,-.--,,
673490,Ha-Seong Kim,108,102,111,129,49,25,3,8,86,43,0,111,6,.256,433,.330,.383,.713,2,9,.818,8,1986,,,,,,,,,,,,,,,,,,,,,,166,0.86,,,,,,,,,,,,0,1,3,275,104,7,386,.982,3.51,3.86,884.2,108,50,0,3,486,51,178,.301,54.12,,
630105,Jake Cronenworth,2,2,101,173,79,26,3,15,111,62,3,122,16,.244,501,.342,.397,.739,0,2,1.000,1,2287,,,,,,,,,,,,,,,,,,,,,,199,0.58,,,,,,,,,,,,3,0,6,0,0,0,0,.000,0.00,-.--,0.0,2,0,0,0,588,71,189,.281,33.40,,
605397,Joe Musgrove,25,25,166,131,62,30,2,19,152,33,0,133,12,.230,578,.284,.388,.672,0,7,1.000,11,2399,3.16,153.2,9,6,0,0,0,0,54,1.08,628,461,25,0,0,1597,.670,12,0,3,0,224,1.27,.600,15.61,0,4.61,8.90,1.93,7.79,3.63,1.11,0,0,1,0,4,15,16,1,32,.969,1.24,1.82,153.2,25,2,0,1,,,,,,,
595751,Jorge Alfaro,10,8,49,43,25,13,0,7,92,10,0,61,3,.252,242,.287,.393,.680,5,22,.815,5,941,,,,,,,,,,,,,,,,,,,,23,1,95,1.14,,,,,,,,,,,,0,0,3,0,0,0,0,.000,0.00,-.--,0.0,10,0,0,0,258,38,116,.370,34.57,7,4.08
640492,Jose Azocar,3,0,43,38,17,6,3,0,34,12,0,39,0,.257,152,.309,.336,.645,5,4,.444,4,596,,,,,,,,,,,,,,,,,,,,,,51,1.13,,,,,,,,,,,,0,1,1,0,0,0,0,.000,0.00,-.--,0.0,3,0,0,0,166,8,77,.328,-.--,,
605137,Josh Bell,16,16,40,25,20,4,0,3,27,22,0,22,0,.193,114,.324,.307,.631,0,0,.---,0,590,,,,,,,,,,,,,,,,,,,,,,35,1.60,,,,,,,,,,,,1,0,0,0,0,0,0,.000,0.00,-.--,0.0,16,0,0,0,137,11,60,.226,38.00,,
623352,Josh Hader,37,0,16,27,16,5,1,7,59,12,0,26,1,.203,128,.277,.422,.699,0,4,1.000,0,610,4.24,34.0,1,4,29,31,0,2,16,1.12,141,102,37,0,0,389,.640,1,0,2,0,54,0.59,.200,17.94,34,4.92,15.62,3.18,6.88,4.24,1.85,4,0,0,0,0,3,1,0,4,1.000,0.11,1.06,34.0,37,0,0,0,,,,,,,
665742,Juan Soto,1,1,28,32,20,3,1,3,16,26,0,23,1,.232,99,.397,.374,.771,0,0,.---,1,545,,,,,,,,,,,,,,,,,,,,,,37,0.88,,,,,,,,,,,,1,0,0,0,0,0,0,.000,0.00,-.--,0.0,1,0,0,0,127,6,43,.250,33.00,,
595777,Jurickson Profar,6,6,139,147,73,32,2,14,87,69,0,119,4,.244,488,.341,.404,.745,1,5,.833,11,2437,,,,,,,,,,,,,,,,,,,,,,197,0.95,,,,,,,,,,,,0,2,2,0,0,0,0,.000,0.00,-.--,0.0,6,0,0,0,565,55,188,.270,34.86,,
669134,Luis Campusano,4,3,11,5,2,0,0,0,3,1,0,4,0,.182,22,.208,.182,.390,0,4,1.000,2,68,,,,,,,,,,,,,,,,,,,,0,0,4,2.20,,,,,,,,,,,,0,0,1,0,0,0,0,.000,0.00,-.--,0.0,4,0,0,0,24,2,13,.200,-.--,1,10.08
671277,Luis Garcia,59,58,86,54,23,17,2,6,64,5,0,82,1,.291,282,.302,.429,.731,4,2,.333,4,1032,,,,,,,,,,,,,,,,,,,,,,121,1.59,,,,,,,,,,,,0,1,3,128,69,13,210,.938,3.34,3.52,503.1,59,27,0,10,292,33,128,.353,47.00,,
592518,Manny Machado,13,13,106,131,85,34,1,26,110,52,8,146,1,.297,491,.364,.530,.894,1,7,.875,11,1999,,,,,,,,,,,,,,,,,,,,,,260,0.81,,,,,,,,,,,,0,0,2,0,0,0,0,.000,0.00,-.--,0.0,13,0,0,0,546,88,215,.336,18.88,,
607461,Matt Beaty,3,2,15,16,6,1,1,0,8,2,0,4,2,.093,43,.170,.163,.333,0,0,.---,3,177,,,,,,,,,,,,,,,,,,,,,,7,0.94,,,,,,,,,,,,0,0,0,0,0,0,0,.000,0.00,-.--,0.0,3,0,0,0,47,1,28,.114,-.--,,
605182,Mike Clevinger,18,17,69,119,40,13,1,13,77,29,0,76,6,.224,339,.296,.383,.679,1,10,.909,3,1509,3.96,88.2,5,6,0,0,0,0,39,1.18,376,266,18,0,0,959,.640,6,0,2,0,130,0.58,.455,17.02,0,2.66,7.82,2.94,7.71,4.06,1.32,1,0,0,1,1,6,5,3,14,.786,0.61,1.13,88.2,18,0,0,3,,,,,,,
622503,Nabil Crismatt,48,1,69,51,25,18,0,3,60,21,1,52,2,.227,229,.294,.345,.639,0,9,1.000,7,980,2.66,61.0,5,2,0,4,5,4,18,1.20,255,183,48,0,0,639,.650,2,2,0,0,79,1.35,.714,16.07,14,2.86,8.85,3.10,7.67,3.69,0.44,9,5,0,0,3,4,3,0,7,1.000,0.15,1.03,61.0,48,1,0,0,,,,,,,
607259,Nick Martinez,37,10,104,88,38,18,0,13,86,36,0,89,4,.243,366,.317,.399,.716,1,5,.833,13,1566,3.27,96.1,4,3,8,8,4,0,35,1.30,407,289,37,0,0,1019,.650,4,0,4,0,146,1.18,.571,16.26,13,2.39,8.03,3.36,8.31,3.55,1.21,14,6,0,0,1,9,13,2,24,.917,0.59,2.06,96.1,37,2,0,1,,,,,,,
663753,Reiss Knehr,5,1,11,19,6,4,1,1,10,4,0,11,4,.216,51,.322,.392,.714,0,0,.---,1,242,3.95,13.2,0,0,0,0,0,0,6,1.10,59,41,5,0,0,146,.600,4,1,0,0,20,0.58,.---,17.71,2,2.50,6.59,2.63,7.24,3.95,0.66,3,0,0,0,0,2,1,0,3,1.000,0.60,2.08,13.2,5,0,0,0,,,,,,,
663158,Robert Suarez,34,0,29,32,13,4,0,4,42,17,0,23,3,.183,126,.295,.310,.605,2,1,.333,2,603,2.97,36.1,4,1,1,3,9,2,12,1.10,146,109,34,0,0,380,.630,3,1,2,0,39,0.91,.800,16.60,6,2.47,10.40,4.21,5.70,3.22,0.99,13,4,0,0,0,1,3,0,4,1.000,0.12,1.00,36.1,34,0,0,0,,,,,,,
640455,Sean Manaea,25,25,122,144,89,26,4,26,140,46,1,142,2,.262,542,.320,.469,.789,0,5,1.000,9,2194,5.27,138.1,7,8,0,0,0,0,81,1.36,596,415,25,0,0,1460,.670,2,0,0,0,254,0.85,.467,15.86,0,3.04,9.11,2.99,9.24,5.79,1.69,0,0,0,2,4,5,5,0,10,1.000,0.40,0.65,138.1,25,0,0,0,,,,,,,
621051,Steven Wilson,40,0,21,67,16,6,0,7,40,16,0,29,1,.187,155,.266,.361,.627,0,2,1.000,1,708,3.09,43.2,4,1,1,3,5,2,15,1.03,174,131,40,0,0,452,.640,1,0,3,0,56,0.31,.800,16.21,6,2.50,8.24,3.30,5.98,3.30,1.44,21,11,0,1,1,2,1,0,3,1.000,0.08,0.63,43.2,40,0,0,0,,,,,,,
657612,Tim Hill,47,0,57,35,13,6,1,0,24,9,0,40,2,.260,154,.305,.312,.617,0,0,.---,7,629,2.61,41.1,3,0,0,0,7,0,12,1.19,167,124,47,0,0,410,.650,2,0,1,0,48,1.63,1.000,15.22,18,2.67,5.23,1.96,8.71,2.83,0.00,27,7,0,0,2,7,5,2,14,.857,0.26,2.63,41.1,47,0,0,2,,,,,,,
663757,Trent Grisham,131,114,108,106,54,15,2,16,127,57,1,78,6,.190,410,.297,.354,.651,0,6,1.000,3,2031,,,,,,,,,,,,,,,,,,,,,,145,1.02,,,,,,,,,,,,0,7,2,3,303,2,308,.994,2.34,2.65,1040.0,131,1,0,0,482,49,179,.230,25.62,,
571976,Wil Myers,36,35,39,52,22,11,0,4,67,14,1,51,1,.248,206,.295,.359,.654,1,0,.000,6,898,6.75,2.2,0,0,0,0,0,0,2,1.13,12,8,3,0,0,26,.740,1,0,0,0,74,0.75,.---,13.13,3,-.--,0.00,0.00,10.13,6.75,6.75,2,1,0,0,3,1,70,1,72,.986,1.97,2.09,306.2,36,1,0,1,224,30,114,.341,51.50,,
506433,Yu Darvish,26,26,145,183,62,19,0,20,168,34,0,132,12,.212,622,.264,.339,.603,2,13,.867,9,2592,3.31,168.2,13,7,0,0,0,0,62,0.98,674,506,26,0,0,1748,.670,12,1,4,0,211,0.79,.650,15.37,0,4.94,8.96,1.81,7.04,3.31,1.07,0,0,0,1,5,5,15,0,20,1.000,0.77,1.07,168.2,26,0,0,0,,,,,,,
676265,,11,5,18,46,14,8,0,7,29,13,0,24,2,.205,117,.295,.453,.748,0,2,1.000,0,525,4.06,31.0,0,2,0,0,0,0,14,1.19,132,93,11,0,0,332,.630,2,0,1,0,53,0.39,.000,16.94,6,2.23,8.42,3.77,6.97,4.06,2.03,2,0,0,0,0,1,0,0,1,1.000,0.09,0.29,31.0,11,0,0,0,,,,,,,
677950,Alek Thomas,102,93,122,75,42,17,1,8,68,22,0,86,3,.249,346,.295,.373,.668,3,4,.571,6,1367,,,,,,,,,,,,,,,,,,,,,,129,1.63,,,,,,,,,,,,0,0,5,3,270,3,276,.989,2.68,2.98,825.2,102,1,0,0,376,38,141,.284,43.25,,
592761,Caleb Smith,35,1,41,65,28,9,1,11,53,31,1,47,1,.228,206,.332,.442,.774,1,1,.500,2,948,4.33,54.0,1,1,0,0,6,0,26,1.44,238,162,35,0,0,603,.640,1,0,1,1,91,0.63,.500,17.56,12,1.71,8.83,5.17,7.83,4.67,1.83,14,3,0,0,0,6,2,0,8,1.000,0.23,1.33,54.0,35,1,0,0,,,,,,,
608348,Carson Kelly,2,2,65,78,32,14,0,6,53,25,0,55,4,.221,249,.300,.349,.649,9,38,.809,5,1134,8.10,3.1,0,0,0,0,0,0,3,3.00,19,10,3,0,0,34,.580,0,0,18,1,87,0.83,.---,17.70,3,0.00,0.00,5.40,21.60,8.10,0.00,2,2,0,0,2,0,0,0,0,.000,0.00,-.--,0.0,2,0,0,0,280,32,124,.255,41.50,3,3.50
572233,Christian Walker,10,10,116,152,72,20,1,32,102,64,2,113,7,.237,477,.332,.484,.816,2,0,.000,13,2135,,,,,,,,,,,,,,,,,,,,,,231,0.76,,,,,,,,,,,,0,0,6,0,0,0,0,.000,0.00,-.--,0.0,10,0,0,0,554,78,214,.232,14.91,,
669450,Cooper Hummel,16,12,40,30,17,7,3,2,56,21,0,27,1,.176,153,.280,.301,.581,0,4,1.000,4,716,,,,,,,,,,,,,,,,,,,,4,0,46,1.33,,,,,,,,,,,,0,0,0,0,0,0,0,.000,0.00,-.--,0.0,16,0,0,0,175,14,66,.263,76.50,2,6.47
682998,Corbin Carroll,1,1,10,4,6,3,0,1,9,2,0,9,0,.281,32,.324,.469,.793,1,0,.000,1,129,,,,,,,,,,,,,,,,,,,,,,15,2.50,,,,,,,,,,,,0,0,0,0,0,0,0,.000,0.00,-.--,0.0,1,0,0,0,34,7,15,.364,32.00,,
662139,Daulton Varsho,14,14,108,120,66,20,3,23,115,41,0,108,5,.243,444,.311,.457,.768,6,12,.667,6,1965,,,,,,,,,,,,,,,,,,,,7,0,203,0.90,,,,,,,,,,,,2,2,5,0,0,0,0,.000,0.00,-.--,0.0,14,0,0,0,498,64,153,.273,19.30,3,5.71
656896,Emmanuel Rivera,2,0,57,48,24,8,3,6,46,11,0,47,2,.237,198,.284,.399,.683,0,0,.---,7,788,,,,,,,,,,,,,,,,,,,,,,79,1.19,,,,,,,,,,,,0,0,0,0,0,0,0,.000,0.00,-.--,0.0,2,0,0,0,211,22,89,.281,33.00,,
672695,Geraldo Perdomo,116,109,126,93,53,10,2,4,88,45,0,71,4,.194,366,.288,.265,.553,2,8,.800,3,1768,,,,,,,,,,,,,,,,,,,,,,97,1.35,,,,,,,,,,,,0,11,1,288,142,12,442,.973,3.71,4.01,964.2,116,73,0,6,427,35,146,.244,91.50,,
453178,Ian Kennedy,50,0,0,0,0,0,0,0,0,0,0,0,0,.000,0,.000,.000,.000,0,0,.---,0,0,3.60,45.0,4,7,10,16,10,6,18,1.36,197,135,50,0,0,491,.660,0,0,3,0,0,-.--,.364,16.58,21,2.11,8.00,3.80,8.40,4.20,1.40,7,1,0,0,0,0,1,0,1,1.000,0.02,0.20,45.0,50,0,0,0,0,0,0,.---,-.--,,
664983,Jake McCarthy,7,7,64,51,42,14,2,7,54,18,0,67,4,.288,233,.348,.455,.803,1,15,.938,2,923,,,,,,,,,,,,,,,,,,,,,,106,1.25,,,,,,,,,,,,0,2,1,0,0,0,0,.000,0.00,-.--,0.0,7,0,0,0,258,35,87,.347,33.29,,
573009,Joe Mantiply,61,0,62,40,19,6,0,5,56,4,0,52,3,.251,207,.273,.353,.626,0,2,1.000,5,766,2.96,54.2,2,5,2,5,19,3,18,1.02,217,164,61,0,0,555,.720,3,1,2,0,73,1.55,.286,14.01,7,14.00,9.22,0.66,8.56,3.13,0.82,25,10,0,1,2,4,2,0,6,1.000,0.10,1.00,54.2,61,0,0,0,,,,,,,
668942,Josh Rojas,4,4,94,107,58,21,1,8,80,49,2,103,1,.274,376,.356,.399,.755,3,19,.864,6,1718,,,,,,,,,,,,,,,,,,,,,,150,0.88,,,,,,,,,,,,0,4,4,0,0,0,0,.000,0.00,-.--,0.0,4,0,0,0,434,46,134,.325,47.00,,
606466,Ketel Marte,34,34,111,130,60,36,2,10,89,48,2,104,5,.242,430,.322,.405,.727,1,4,.800,12,1900,,,,,,,,,,,,,,,,,,,,,,174,0.85,,,,,,,,,,,,0,0,4,0,0,0,0,.000,0.00,-.--,0.0,34,0,0,0,487,45,176,.281,43.00,,
656464,Kevin Ginkel,17,0,18,15,10,5,0,1,17,7,0,20,1,.286,70,.359,.400,.759,0,1,1.000,3,289,4.58,17.2,1,0,0,2,2,2,9,1.53,78,53,17,0,0,192,.660,1,0,0,0,28,1.20,1.000,16.36,2,2.43,8.66,3.57,10.19,5.09,0.51,8,2,0,0,0,4,0,0,4,1.000,0.24,2.12,17.2,17,0,0,0,,,,,,,
641871,Keynan Middleton,14,0,0,0,0,0,0,0,0,0,0,0,0,.000,0,.000,.000,.000,0,0,.---,0,0,1.98,13.2,1,2,0,2,1,2,3,0.80,51,41,14,0,0,127,.680,1,0,1,0,0,-.--,.333,13.68,1,4.33,8.56,1.98,5.27,3.95,1.98,11,2,0,0,0,2,1,0,3,1.000,0.21,2.08,13.2,14,0,0,0,0,0,0,.---,-.--,,
669459,Kyle Nelson,41,1,0,0,0,0,0,0,0,0,0,0,0,.000,0,.000,.000,.000,0,0,.---,0,0,1.49,36.1,2,0,0,0,9,0,6,0.99,144,109,41,0,0,361,.640,3,0,1,1,0,-.--,1.000,15.55,4,2.42,7.18,2.97,5.94,1.73,0.25,20,7,0,0,0,4,3,1,8,.875,0.17,1.75,36.1,41,1,0,1,0,0,0,.---,-.--,,
518516,Madison Bumgarner,27,27,133,175,87,45,3,20,103,45,0,164,9,.286,573,.347,.480,.827,5,15,.750,13,2443,4.83,141.2,6,13,0,0,0,0,76,1.48,629,425,27,0,0,1574,.640,9,0,1,2,275,0.76,.316,17.24,0,2.29,6.54,2.86,10.42,5.53,1.27,0,0,0,1,1,9,1,0,10,1.000,0.37,0.64,141.2,27,2,0,0,,,,,,,
453343,Mark Melancon,52,0,52,49,34,9,0,3,32,19,2,54,1,.290,186,.359,.387,.746,1,3,.750,4,727,5.09,46.0,3,10,17,20,0,3,26,1.59,207,138,52,0,0,457,.630,1,0,5,0,72,1.06,.231,15.80,41,1.68,6.26,3.72,10.57,6.65,0.59,3,1,0,1,0,6,3,0,9,1.000,0.17,1.76,46.0,52,1,0,0,0,0,0,.---,-.--,,
518876,Merrill Kelly,28,28,175,170,58,33,1,13,147,49,1,137,2,.219,627,.277,.337,.614,2,14,.875,14,2600,2.94,171.2,12,5,0,0,0,0,56,1.08,680,515,28,0,0,1711,.660,2,1,4,4,211,1.03,.706,15.15,0,3.00,7.71,2.57,7.18,3.04,0.68,0,0,0,1,1,16,14,1,31,.968,1.07,1.58,171.2,28,1,0,1,,,,,,,
606625,Reyes Moronta,22,0,14,28,11,3,0,5,27,10,0,17,2,.198,86,.296,.407,.703,0,2,1.000,3,394,4.18,23.2,0,0,0,0,0,0,11,1.14,98,71,22,0,0,247,.630,2,0,4,0,35,0.50,.---,16.65,6,2.70,10.27,3.80,6.46,4.18,1.90,4,1,0,0,0,1,0,1,2,.500,0.05,0.39,23.2,22,0,0,1,,,,,,,
642727,Sergio Alcantara,1,0,8,12,3,0,0,0,12,2,0,4,0,.114,35,.158,.114,.272,2,0,.000,0,165,,,,,,,,,,,,,,,,,,,,,,4,0.67,,,,,,,,,,,,0,0,1,0,0,0,0,.000,0.00,-.--,0.0,1,0,0,0,38,3,28,.167,-.--,,
656448,Stone Garrett,2,2,6,6,8,4,0,3,7,0,0,14,0,.424,33,.424,.818,1.242,0,1,1.000,1,117,,,,,,,,,,,,,,,,,,,,,,27,1.00,,,,,,,,,,,,3,0,0,0,0,0,0,.000,0.00,-.--,0.0,2,0,0,0,36,5,11,.478,11.00,,
642203,Taylor Widener,4,0,2,9,5,2,0,1,3,2,0,9,1,.391,23,.462,.609,1.071,0,0,.---,0,90,9.64,4.2,0,0,0,0,1,0,5,2.36,26,14,4,0,0,61,.680,1,0,0,0,14,0.22,.---,19.29,1,1.50,5.79,3.86,17.36,9.64,1.93,5,3,0,0,0,0,1,0,1,1.000,0.25,2.25,4.2,4,0,0,0,,,,,,,
594694,Wilmer Difo,2,1,1,1,0,0,0,0,1,0,0,0,0,.000,3,.000,.000,.000,0,0,.---,0,13,,,,,,,,,,,,,,,,,,,,,,0,1.00,,,,,,,,,,,,0,0,0,1,0,0,1,1.000,0.50,0.90,10.0,2,0,0,0,3,0,1,.000,-.--,,
668678,Zac Gallen,26,26,153,137,45,25,0,11,152,40,0,100,12,.186,539,.256,.293,.549,3,4,.571,10,2431,2.42,152.2,11,2,0,0,0,0,41,0.92,594,458,26,0,0,1565,.640,12,0,5,0,158,1.12,.846,15.92,0,3.80,8.96,2.36,5.90,2.65,0.65,0,0,0,1,2,16,7,1,24,.958,0.88,1.36,152.2,26,3,0,1,,,,,,,
605200,Zach Davies,22,22,123,123,52,17,2,15,85,39,0,98,2,.232,423,.296,.388,.684,4,6,.600,9,1877,3.74,113.0,2,4,0,0,0,0,47,1.21,470,339,22,0,0,1146,.610,2,0,1,1,164,1.00,.333,16.61,0,2.18,6.77,3.11,7.81,4.14,1.19,0,0,0,1,5,14,15,1,30,.967,1.32,2.31,113.0,22,1,0,0,,,,,,,
676265,,11,5,18,46,14,8,0,7,29,13,0,24,2,.205,117,.295,.453,.748,0,2,1.000,0,525,4.06,31.0,0,2,0,0,0,0,14,1.19,132,93,11,0,0,332,.630,2,0,1,0,53,0.39,.000,16.94,6,2.23,8.42,3.77,6.97,4.06,2.03,2,0,0,0,0,1,0,0,1,1.000,0.09,0.29,31.0,11,0,0,0,,,,,,,
676701,Alan Trejo,9,7,15,11,8,2,0,2,13,3,0,14,1,.264,53,.316,.415,.731,0,0,.---,1,212,,,,,,,,,,,,,,,,,,,,,,22,1.36,,,,,,,,,,,,0,0,0,22,6,1,29,.966,3.11,3.60,70.0,9,5,0,0,57,9,25,.316,26.50,,
517008,Alex Colome,49,0,68,30,29,15,2,3,30,19,2,52,0,.292,178,.357,.449,.806,1,5,.833,5,738,4.63,44.2,2,7,4,7,7,3,23,1.59,200,134,49,0,0,446,.600,0,1,4,0,80,2.27,.222,16.52,12,1.58,6.04,3.83,10.48,5.84,0.60,0,0,1,0,2,5,3,0,8,1.000,0.16,1.64,44.2,49,0,0,0,0,0,0,.---,-.--,,
596295,Austin Gomber,27,16,126,111,73,24,5,18,86,33,1,122,2,.277,441,.328,.476,.804,4,8,.667,12,1881,5.56,113.1,5,7,0,0,0,0,70,1.37,480,340,27,0,0,1199,.640,2,0,3,2,210,1.14,.417,16.60,0,2.61,6.83,2.62,9.69,5.80,1.43,9,3,0,1,3,8,6,0,14,1.000,0.52,1.12,113.1,27,1,0,0,,,,,,,
663898,Brendan Rodgers,123,123,156,112,67,28,3,11,92,40,0,130,2,.268,485,.323,.406,.729,0,0,.---,24,1919,,,,,,,,,,,,,,,,,,,,,,197,1.39,,,,,,,,,,,,0,0,5,379,204,10,593,.983,4.74,4.83,1086.1,123,91,0,5,532,60,223,.307,44.09,,
661531,Brian Serven,1,0,1,1,0,0,0,0,0,1,0,0,0,.000,2,.333,.000,.333,7,33,.825,1,8,0.00,1.0,0,0,0,0,0,0,0,1.00,3,3,1,0,0,4,.500,0,0,18,0,0,1.00,.---,8.00,1,0.00,0.00,9.00,0.00,0.00,0.00,0,0,1,0,0,0,3,0,3,1.000,3.00,13.50,2.0,1,0,0,0,174,16,78,.235,26.33,1,4.74
543068,C.J. Cron,23,23,111,122,71,26,3,26,145,34,5,135,7,.265,509,.318,.481,.799,0,0,.---,14,2217,,,,,,,,,,,,,,,,,,,,,,245,0.91,,,,,,,,,,,,1,0,4,0,0,0,0,.000,0.00,-.--,0.0,23,0,0,0,555,90,242,.319,19.58,,
608032,Carlos Estevez,55,0,41,57,26,8,2,6,47,21,1,42,1,.227,185,.306,.389,.695,0,0,.---,2,903,3.81,49.2,3,4,2,5,10,3,21,1.27,209,149,55,0,0,559,.620,1,0,6,0,72,0.72,.429,18.18,20,2.24,8.52,3.81,7.61,4.71,1.09,21,6,0,0,2,5,6,0,11,1.000,0.20,2.02,49.2,55,1,0,0,0,0,0,.---,-.--,,
641771,Chad Kuhl,23,23,103,145,74,25,6,22,92,50,1,127,4,.275,462,.348,.498,.846,5,6,.545,7,2019,5.38,117.0,6,8,0,0,0,0,70,1.51,521,351,23,1,1,1242,.620,4,0,4,0,230,0.71,.429,17.26,0,1.84,7.08,3.85,9.77,5.69,1.69,0,0,0,1,4,6,11,1,18,.944,0.74,1.31,117.0,23,0,0,1,,,,,,,
663385,Chad Smith,6,0,7,6,10,1,0,1,8,7,0,7,2,.250,28,.432,.393,.825,0,0,.---,0,142,12.86,7.0,0,0,0,0,0,0,10,2.00,37,21,6,0,0,77,.540,2,0,2,0,11,1.17,.---,20.29,1,1.14,10.29,9.00,9.00,12.86,1.29,2,1,0,0,0,0,0,1,1,.000,0.00,0.00,7.0,6,0,0,1,,,,,,,
453568,Charlie Blackmon,67,67,143,122,57,20,4,16,93,28,3,126,8,.264,477,.314,.423,.737,1,3,.750,9,1855,,,,,,,,,,,,,,,,,,,,,,202,1.17,,,,,,,,,,,,0,4,3,0,0,0,0,.000,0.00,-.--,0.0,67,0,0,0,520,74,174,.296,29.81,,
656582,Connor Joe,24,23,105,99,53,19,4,6,92,55,0,94,6,.242,389,.344,.357,.701,2,6,.750,7,1840,,,,,,,,,,,,,,,,,,,,,,139,1.06,,,,,,,,,,,,0,0,1,0,0,0,0,.000,0.00,-.--,0.0,24,0,0,0,451,26,149,.301,64.83,,
453268,Daniel Bard,49,0,54,44,15,9,0,3,54,24,1,31,3,.170,182,.276,.269,.545,0,5,1.000,1,815,2.15,50.1,4,4,28,31,0,3,12,1.09,210,151,49,0,0,516,.630,3,0,2,0,49,1.23,.500,16.19,40,2.25,9.66,4.29,5.54,2.68,0.54,2,0,0,0,1,5,1,0,6,1.000,0.12,1.08,50.1,49,0,0,0,0,0,0,.---,-.--,,
659275,Dinelson Lamet,13,0,7,13,14,6,0,2,16,9,0,16,1,.320,50,.419,.560,.979,0,0,.---,0,236,9.49,12.1,0,1,0,0,1,0,13,2.03,62,37,13,0,0,143,.610,1,0,3,0,28,0.54,.000,19.14,3,1.78,11.68,6.57,11.68,10.22,1.46,13,7,0,0,2,1,0,0,1,1.000,0.08,0.75,12.1,13,0,0,0,,,,,,,
660707,Elehuris Montero,10,10,20,30,17,12,0,5,46,4,0,32,1,.250,128,.278,.461,.739,0,0,.---,3,492,,,,,,,,,,,,,,,,,,,,,,59,0.67,,,,,,,,,,,,0,0,0,0,0,0,0,.000,0.00,-.--,0.0,10,0,0,0,133,15,45,.351,25.60,,
553869,Elias Diaz,87,79,89,72,22,16,2,7,66,23,0,66,2,.227,291,.286,.368,.654,13,45,.776,8,1222,,,,,,,,,,,,,,,,,,,,33,4,107,1.24,,,,,,,,,,,,1,0,2,44,549,10,603,.983,6.82,7.64,699.1,87,2,0,8,318,40,149,.268,41.57,2,5.19
641658,Garrett Hampson,2,0,53,40,27,6,3,2,52,21,0,39,1,.218,179,.300,.318,.618,1,10,.909,3,807,,,,,,,,,,,,,,,,,,,,,,57,1.33,,,,,,,,,,,,0,3,2,0,0,0,0,.000,0.00,-.--,0.0,2,0,0,0,206,14,81,.291,89.50,,
608566,German Marquez,26,26,181,140,90,41,3,25,124,53,0,156,2,.262,595,.322,.467,.789,1,9,.900,17,2412,4.86,153.2,8,10,0,0,0,0,83,1.36,656,461,26,0,0,1576,.650,2,2,7,2,278,1.29,.444,15.70,0,2.34,7.26,3.10,9.14,5.27,1.46,0,0,0,1,5,14,6,2,22,.909,0.77,1.18,153.2,26,1,0,2,,,,,,,
656234,Jake Bird,30,0,45,27,21,4,1,6,30,19,3,32,3,.244,131,.348,.427,.775,0,4,1.000,3,548,4.63,35.0,1,4,0,1,3,1,18,1.46,156,105,30,0,0,324,.590,3,0,2,0,56,1.67,.200,15.66,11,1.58,7.71,4.89,8.23,5.40,1.54,10,4,0,1,2,4,1,0,5,1.000,0.17,1.29,35.0,30,0,0,0,,,,,,,
468504,Jhoulys Chacin,34,0,46,54,44,18,1,7,36,20,0,53,2,.282,188,.355,.500,.855,0,1,1.000,4,760,7.83,46.0,4,2,0,0,2,0,40,1.59,211,138,34,0,0,475,.630,2,0,3,0,94,0.85,.667,16.52,7,1.80,7.04,3.91,10.37,8.61,1.37,31,8,0,0,1,8,1,0,9,1.000,0.26,1.76,46.0,34,3,0,0,,,,,,,
570632,Jose Urena,4,0,11,10,5,1,0,1,3,5,0,7,0,.241,29,.333,.379,.712,0,0,.---,0,121,3.52,7.2,0,0,0,0,0,0,3,1.57,36,23,4,0,0,74,.610,0,0,1,0,11,1.10,.---,15.78,1,0.60,3.52,5.87,8.22,5.87,1.17,4,3,0,0,2,0,0,0,0,.000,0.00,0.00,7.2,4,0,0,0,,,,,,,
664875,Justin Lawrence,26,0,31,18,16,5,1,2,40,18,0,30,1,.254,118,.355,.364,.719,1,3,.750,2,533,4.65,31.0,2,1,0,1,4,1,16,1.55,138,93,26,0,0,332,.620,1,0,0,0,43,1.72,.667,17.19,8,2.22,11.61,5.23,8.71,4.65,0.58,18,7,0,0,1,8,0,0,8,1.000,0.31,2.32,31.0,26,1,0,0,,,,,,,
607536,Kyle Freeland,27,27,166,166,85,38,7,18,112,46,0,165,15,.275,600,.338,.452,.790,5,13,.722,15,2497,4.63,153.2,8,9,0,0,0,0,79,1.37,670,461,27,0,0,1567,.630,15,0,4,1,271,1.00,.471,16.25,0,2.43,6.56,2.69,9.66,4.98,1.05,0,0,0,1,8,12,2,0,14,1.000,0.52,0.82,153.2,27,0,0,0,,,,,,,
669911,Michael Toglia,5,5,8,6,4,4,0,2,10,2,0,8,0,.250,32,.294,.563,.857,1,0,.000,0,133,,,,,,,,,,,,,,,,,,,,,,18,1.33,,,,,,,,,,,,0,0,0,1,8,0,9,1.000,1.80,1.93,42.0,5,0,0,0,34,7,8,.300,16.00,,
545341,Randal Grichuk,1,1,2,1,0,0,0,0,0,0,0,0,0,.000,3,.000,.000,.000,0,0,.---,0,10,0.00,1.0,0,0,0,0,0,0,0,0.00,3,3,1,0,0,6,.600,0,0,0,0,0,2.00,.---,10.00,1,-.--,0.00,0.00,0.00,0.00,0.00,0,0,0,0,0,0,0,0,0,.000,0.00,-.--,0.0,1,0,0,0,463,64,184,.330,28.93,,
663372,Ryan Feltner,15,14,78,68,49,14,4,13,65,24,0,77,5,.271,284,.334,.486,.820,1,8,.889,4,1257,5.85,72.1,2,7,0,0,0,0,47,1.40,318,217,15,0,0,793,.630,5,0,3,0,138,1.15,.222,17.38,0,2.71,8.09,2.99,9.58,6.10,1.62,3,0,1,0,4,6,7,0,13,1.000,0.87,1.63,72.1,15,0,0,0,,,,,,,
641857,Ryan McMahon,1,1,103,103,55,20,3,13,135,54,0,109,4,.244,447,.329,.389,.718,3,7,.700,5,2213,,,,,,,,,,,,,,,,,,,,,,174,1.00,,,,,,,,,,,,0,0,3,0,0,0,0,.000,0.00,-.--,0.0,1,0,0,0,508,58,191,.318,34.38,,
656248,Sean Bouchard,9,8,7,5,3,0,0,1,8,7,0,4,0,.167,24,.355,.292,.647,0,0,.---,1,131,,,,,,,,,,,,,,,,,,,,,,7,1.40,,,,,,,,,,,,0,0,0,0,20,0,20,1.000,2.22,2.57,70.1,9,0,0,0,31,3,15,.200,24.00,,
602074,Yonathan Daza,76,55,104,61,44,16,1,2,40,19,0,88,4,.304,289,.351,.388,.739,3,0,.000,10,1198,,,,,,,,,,,,,,,,,,,,,,112,1.70,,,,,,,,,,,,0,0,4,2,157,1,160,.994,2.09,2.83,506.0,76,1,0,0,316,28,114,.343,144.50,,
676265,,11,5,18,46,14,8,0,7,29,13,0,24,2,.205,117,.295,.453,.748,0,2,1.000,0,525,4.06,31.0,0,2,0,0,0,0,14,1.19,132,93,11,0,0,332,.630,2,0,1,0,53,0.39,.000,16.94,6,2.23,8.42,3.77,6.97,4.06,2.03,2,0,0,0,0,1,0,0,1,1.000,0.09,0.29,31.0,11,0,0,0,,,,,,,
493603,Adam Ottavino,56,0,50,45,13,5,1,6,66,14,2,41,4,.205,200,.268,.330,.598,2,16,.889,6,905,2.10,55.2,5,3,3,6,18,3,13,0.99,220,167,56,0,0,582,.640,4,0,6,1,66,1.11,.625,16.26,16,4.71,10.67,2.26,6.63,2.10,0.97,38,14,0,0,2,5,2,2,9,.778,0.13,1.15,55.2,56,0,0,1,,,,,,,
592222,Alex Claudio,1,0,2,0,0,0,0,0,1,0,0,1,0,.250,4,.250,.250,.500,0,0,.---,0,19,0.00,1.0,0,0,0,0,0,0,0,1.00,4,3,1,0,0,13,.680,0,0,0,0,1,2.00,.---,19.00,1,-.--,9.00,0.00,9.00,0.00,0.00,0,0,0,0,0,0,0,0,0,.000,0.00,0.00,1.0,1,0,0,0,,,,,,,
607043,Brandon Nimmo,129,126,146,132,83,27,6,13,97,53,0,133,15,.265,502,.351,.420,.771,2,0,.000,9,2336,,,,,,,,,,,,,,,,,,,,,,211,1.11,,,,,,,,,,,,0,3,3,4,263,0,267,1.000,2.07,2.17,1106.2,129,1,0,0,576,49,151,.304,38.62,,
471911,Carlos Carrasco,24,24,126,114,60,29,1,15,126,35,2,137,7,.273,502,.328,.424,.752,1,6,.857,16,2004,3.91,129.0,13,6,0,0,0,0,56,1.33,546,387,24,0,0,1335,.670,7,0,4,1,213,1.11,.684,15.53,0,3.60,8.79,2.44,9.56,4.19,1.05,0,0,1,0,1,13,13,1,27,.963,1.08,1.81,129.0,24,2,0,1,,,,,,,
605135,Chris Bassitt,26,26,174,139,60,24,1,15,153,41,0,142,11,.234,606,.294,.351,.645,3,7,.700,18,2558,3.24,161.1,13,7,0,0,0,0,58,1.13,661,484,26,0,0,1685,.660,11,1,3,1,213,1.25,.650,15.86,0,3.73,8.54,2.29,7.92,3.35,0.84,0,0,1,0,2,15,12,0,27,1.000,1.04,1.51,161.1,26,3,0,0,,,,,,,
596129,Daniel Vogelbach,5,0,59,58,29,10,1,12,67,40,1,54,0,.228,237,.338,.430,.768,0,0,.---,8,1230,,,,,,,,,,,,,,,,,,,,,,102,1.02,,,,,,,,,,,,0,0,1,1,5,1,7,.857,1.20,10.80,5.0,5,1,0,0,278,34,95,.264,19.75,,
573131,Darin Ruf,3,3,63,63,46,9,0,11,85,40,0,58,5,.216,268,.328,.373,.701,0,2,1.000,8,1303,0.00,2.0,0,0,0,0,0,0,0,0.50,7,6,1,0,0,10,.710,0,0,0,0,100,1.00,.---,7.00,1,-.--,0.00,0.00,4.50,0.00,0.00,0,0,0,0,1,0,3,0,3,1.000,1.00,1.23,22.0,3,0,0,0,314,38,104,.272,24.36,,
656849,David Peterson,21,17,94,71,40,17,1,9,110,41,0,83,7,.234,354,.323,.364,.687,0,1,1.000,9,1689,3.32,95.0,7,3,0,1,0,1,35,1.31,406,285,21,0,0,1012,.600,7,0,2,3,129,1.32,.700,17.78,0,2.68,10.42,3.88,7.86,3.79,0.85,2,0,0,1,3,12,1,3,16,.813,0.62,1.23,95.0,21,1,0,2,,,,,,,
571918,Deven Marrero,2,0,1,1,0,0,0,0,3,0,0,0,0,.000,5,.000,.000,.000,0,1,1.000,0,20,,,,,,,,,,,,,,,,,,,,,,0,1.00,,,,,,,,,,,,0,0,0,1,0,0,1,1.000,0.50,2.25,4.0,2,0,0,0,5,0,1,.000,-.--,,
500871,Eduardo Escobar,6,5,74,140,45,22,3,15,106,31,2,94,1,.230,408,.283,.409,.692,2,0,.000,3,1740,,,,,,,,,,,,,,,,,,,,,,167,0.53,,,,,,,,,,,,0,0,6,0,0,0,0,.000,0.00,-.--,0.0,6,0,0,0,446,50,220,.270,27.20,,
621242,Edwin Diaz,53,0,0,0,0,0,0,0,0,0,0,0,0,.000,0,.000,.000,.000,0,0,.---,0,0,1.52,53.1,3,1,29,32,4,3,9,0.90,206,160,53,0,0,563,.690,2,0,2,0,0,-.--,.750,15.39,42,5.94,17.04,2.87,5.23,1.52,0.51,6,2,0,0,0,1,3,1,5,.800,0.08,0.68,53.1,53,0,0,1,0,0,0,.---,-.--,,
596019,Francisco Lindor,2,2,130,152,82,20,4,21,113,56,2,140,9,.265,529,.342,.437,.779,4,15,.789,6,2435,,,,,,,,,,,,,,,,,,,,,,231,0.86,,,,,,,,,,,,0,0,6,0,0,0,0,.000,0.00,-.--,0.0,2,0,0,0,600,89,235,.297,25.19,,
594798,Jacob deGrom,7,7,28,37,8,3,0,3,63,4,0,20,0,.135,148,.158,.216,.374,0,3,1.000,1,577,1.66,43.1,5,1,0,0,0,0,8,0.55,152,130,7,0,0,404,.700,0,0,0,0,32,0.76,.833,13.32,0,15.75,13.08,0.83,4.15,1.66,0.62,0,0,0,0,0,1,3,0,4,1.000,0.57,0.84,43.1,7,0,0,0,,,,,,,
543510,James McCann,1,0,30,44,15,5,0,2,35,9,0,27,4,.201,134,.268,.284,.552,7,21,.750,5,567,,,,,,,,,,,,,,,,,,,,16,0,38,0.68,,,,,,,,,,,,2,0,2,0,1,0,1,1.000,1.00,4.50,2.0,1,0,0,0,149,13,55,.253,67.00,1,3.22
643446,Jeff McNeil,4,3,109,141,58,36,1,7,56,30,0,141,7,.318,443,.368,.451,.819,0,3,1.000,4,1723,,,,,,,,,,,,,,,,,,,,,,200,0.77,,,,,,,,,,,,0,0,4,0,0,0,0,.000,0.00,-.--,0.0,4,0,0,0,484,53,188,.349,63.29,,
570257,Joely Rodriguez,46,0,42,29,25,6,0,2,46,24,1,37,1,.245,151,.350,.325,.675,0,3,1.000,5,697,4.91,40.1,0,4,0,0,9,0,22,1.51,179,121,46,0,0,446,.640,1,0,2,0,49,1.45,.000,17.28,5,1.92,10.26,5.36,8.26,5.58,0.45,15,3,0,2,1,1,0,1,2,.500,0.02,0.23,40.1,46,0,0,0,0,0,0,.---,-.--,,
592192,Mark Canha,3,0,104,100,60,22,0,11,76,42,1,104,18,.272,382,.369,.416,.785,1,2,.667,3,1846,,,,,,,,,,,,,,,,,,,,,,159,1.04,,,,,,,,,,,,0,0,2,0,0,0,0,.000,0.00,-.--,0.0,3,0,0,0,444,52,175,.313,34.73,,
571710,Mychal Givens,15,0,18,10,12,6,0,3,14,4,0,20,1,.328,61,.373,.574,.947,1,0,.000,1,260,6.60,15.0,1,1,0,1,1,1,11,1.60,67,45,15,0,0,166,.640,1,0,1,1,35,1.80,.500,17.33,6,3.50,8.40,2.40,12.00,7.20,1.80,6,3,0,0,1,5,1,0,6,1.000,0.40,3.60,15.0,15,0,0,0,,,,,,,
624413,Pete Alonso,26,26,114,156,75,24,0,32,114,55,14,137,10,.267,513,.345,.501,.846,1,3,.750,16,2159,,,,,,,,,,,,,,,,,,,,,,257,0.73,,,,,,,,,,,,0,0,8,0,0,0,0,.000,0.00,-.--,0.0,26,0,0,0,586,106,244,.280,16.03,,
607625,Seth Lugo,53,0,0,0,0,0,0,0,0,0,0,0,0,.000,0,.000,.000,.000,0,0,.---,0,0,2.96,54.2,3,2,3,6,16,3,18,1.21,229,164,53,0,0,568,.620,1,0,2,0,0,-.--,.600,16.65,19,3.24,9.05,2.80,8.07,2.96,0.82,22,10,0,0,0,6,3,0,9,1.000,0.17,1.50,54.2,53,0,0,0,0,0,0,.---,-.--,,
516782,Starling Marte,1,0,140,93,76,24,5,16,97,26,0,136,13,.292,466,.347,.468,.815,9,18,.667,18,1920,,,,,,,,,,,,,,,,,,,,,,218,1.51,,,,,,,,,,,,0,0,0,0,0,0,0,.000,0.00,-.--,0.0,1,0,0,0,505,63,192,.340,29.12,,
592836,Taijuan Walker,24,24,145,125,52,22,1,11,96,40,1,117,6,.243,481,.308,.362,.670,2,8,.800,12,2049,3.60,127.2,10,4,0,0,0,0,51,1.23,529,383,24,0,0,1303,.640,6,0,0,5,174,1.16,.714,16.05,0,2.40,6.77,2.82,8.25,3.67,0.78,0,0,0,0,2,20,14,2,36,.944,1.42,2.41,127.2,24,0,0,2,,,,,,,
605253,Terrance Gore,1,0,0,0,0,0,0,0,1,0,0,0,0,.000,1,.000,.000,.000,0,1,1.000,0,6,,,,,,,,,,,,,,,,,,,,,,0,-.--,,,,,,,,,,,,0,0,0,0,0,0,0,.000,0.00,-.--,0.0,1,0,0,0,1,0,0,.---,-.--,,
621512,Tomas Nido,82,73,77,52,22,11,0,0,68,13,0,52,1,.221,235,.263,.268,.531,11,46,.807,9,897,,,,,,,,,,,,,,,,,,,,11,3,63,1.48,,,,,,,,,,,,2,12,2,22,716,5,743,.993,9.00,10.16,654.1,82,2,0,3,263,21,129,.308,-.--,3,3.51
488984,Tommy Hunter,15,0,16,21,7,3,0,4,18,5,0,19,0,.260,73,.308,.466,.774,0,2,1.000,1,294,2.45,18.1,0,1,0,0,1,0,5,1.31,79,55,15,0,0,204,.690,0,0,1,0,34,0.76,.000,16.04,7,3.60,8.84,2.45,9.33,3.44,1.96,4,2,0,1,0,2,1,0,3,1.000,0.20,1.50,18.1,15,0,0,0,0,0,0,.---,-.--,,
592866,Trevor Williams,24,9,60,89,26,10,2,10,64,21,1,68,2,.243,280,.300,.400,.700,2,1,.333,6,1146,2.92,74.0,2,5,1,2,1,1,24,1.20,304,222,24,0,0,733,.640,2,0,0,0,112,0.67,.286,15.49,5,3.05,7.78,2.55,8.27,3.16,1.22,12,8,0,1,0,4,4,0,8,1.000,0.33,0.97,74.0,24,1,0,0,0,0,0,.---,-.--,,
571980,Tyler Naquin,14,11,14,18,12,3,2,4,21,3,0,18,1,.254,71,.293,.521,.814,0,1,1.000,1,302,,,,,,,,,,,,,,,,,,,,,,37,0.78,,,,,,,,,,,,0,0,0,0,19,1,20,.950,1.36,1.78,96.0,14,0,0,0,75,11,34,.304,17.75,,
676265,,11,5,18,46,14,8,0,7,29,13,0,24,2,.205,117,.295,.453,.748,0,2,1.000,0,525,4.06,31.0,0,2,0,0,0,0,14,1.19,132,93,11,0,0,332,.630,2,0,1,0,53,0.39,.000,16.94,6,2.23,8.42,3.77,6.97,4.06,2.03,2,0,0,0,0,1,0,0,1,1.000,0.09,0.29,31.0,11,0,0,0,,,,,,,
621345,A.J. Minter,62,0,37,53,19,10,0,4,78,10,0,41,3,.201,204,.245,.309,.554,2,6,.750,3,921,2.20,57.1,5,4,5,9,26,4,14,0.89,222,172,62,0,0,618,.670,3,0,2,1,63,0.70,.556,16.06,11,7.80,12.24,1.57,6.44,2.98,0.63,20,6,0,2,3,2,2,0,4,1.000,0.06,0.63,57.1,62,0,0,0,,,,,,,
663586,Austin Riley,135,134,108,131,80,36,2,35,141,46,1,150,14,.285,526,.356,.561,.917,0,2,1.000,9,2237,,,,,,,,,,,,,,,,,,,,,,295,0.82,,,,,,,,,,,,0,0,4,244,82,12,338,.964,2.41,2.44,1202.2,135,17,0,5,590,89,232,.325,15.03,,
450203,Charlie Morton,26,26,116,131,67,20,2,21,175,52,0,121,15,.225,538,.309,.387,.696,1,10,.909,12,2443,4.01,146.0,7,5,0,0,0,0,65,1.18,610,438,26,0,0,1557,.640,15,0,3,3,208,0.89,.583,16.73,0,3.37,10.79,3.21,7.46,4.13,1.29,0,0,0,1,4,13,5,1,19,.947,0.69,1.11,146.0,26,1,0,1,,,,,,,
543521,Collin McHugh,48,0,47,62,18,7,0,4,64,13,1,44,5,.205,215,.264,.293,.557,0,1,1.000,4,935,2.73,59.1,2,2,0,5,11,5,18,0.96,235,178,48,0,0,617,.660,5,0,3,0,63,0.76,.500,15.76,3,4.92,9.71,1.97,6.67,2.73,0.61,32,9,0,0,2,2,5,0,7,1.000,0.15,1.07,59.1,48,1,0,0,,,,,,,
621020,Dansby Swanson,137,137,92,140,89,30,1,18,157,44,0,153,3,.284,538,.340,.444,.784,7,17,.708,8,2345,,,,,,,,,,,,,,,,,,,,,,239,0.66,,,,,,,,,,,,0,0,4,348,160,8,516,.984,3.71,3.74,1222.2,137,71,0,5,589,80,186,.368,29.89,,
571670,Dylan Lee,43,0,0,0,0,0,0,0,0,0,0,0,0,.000,0,.000,.000,.000,0,0,.---,0,0,3.48,41.1,1,2,3,5,6,2,16,1.23,171,124,43,0,0,447,.670,0,0,1,0,0,-.--,.333,16.11,12,3.18,7.62,2.40,8.71,4.35,0.87,7,1,0,0,0,3,0,0,3,1.000,0.07,0.66,41.1,43,0,0,0,0,0,0,.---,-.--,,
592696,Eddie Rosario,8,7,48,55,19,8,1,4,56,15,0,36,0,.187,193,.243,.301,.544,0,3,1.000,3,797,,,,,,,,,,,,,,,,,,,,,,58,0.87,,,,,,,,,,,,0,0,2,0,0,0,0,.000,0.00,-.--,0.0,8,0,0,0,210,19,65,.237,48.25,,
501303,Ehire Adrianza,1,0,2,1,2,1,0,0,2,1,0,1,0,.167,6,.286,.333,.619,0,0,.---,0,25,0.00,1.0,0,0,0,0,0,0,0,1.00,4,3,1,0,0,5,.420,0,0,0,0,2,2.00,.---,12.00,1,1.00,9.00,9.00,0.00,0.00,0.00,0,0,0,0,0,0,0,0,0,.000,0.00,-.--,0.0,1,0,0,0,7,0,2,.250,-.--,,
628338,Guillermo Heredia,4,0,12,19,10,2,1,3,31,6,0,9,0,.127,71,.195,.310,.505,0,0,.---,1,321,,,,,,,,,,,,,,,,,,,,,,22,0.63,,,,,,,,,,,,0,0,0,0,0,0,0,.000,0.00,-.--,0.0,4,0,0,0,77,6,35,.162,23.67,,
623451,Jackson Stephens,32,0,50,39,27,9,0,3,43,19,3,42,3,.244,172,.328,.349,.677,0,8,1.000,1,797,3.89,44.0,2,2,2,3,2,1,19,1.39,196,132,32,0,0,520,.650,3,0,1,0,60,1.28,.500,18.11,20,2.26,8.80,3.89,8.59,5.52,0.61,6,2,0,1,1,5,1,0,6,1.000,0.19,1.23,44.0,32,0,0,0,0,0,0,.---,-.--,,
543606,Jake Odorizzi,5,5,24,30,13,3,0,6,19,7,0,30,1,.291,103,.342,.495,.837,0,1,1.000,3,451,4.26,25.1,1,2,0,0,0,0,12,1.46,111,76,5,0,0,279,.620,1,0,0,0,51,0.80,.333,17.80,0,2.71,6.75,2.49,10.66,4.62,2.13,0,0,0,0,0,5,1,1,7,.857,1.20,2.16,25.1,5,1,0,1,,,,,,,
445926,Jesse Chavez,34,1,38,34,11,5,1,3,53,11,0,38,1,.236,161,.287,.335,.622,1,2,.667,2,703,1.90,42.2,2,1,0,0,8,0,9,1.15,175,128,34,0,0,487,.690,1,1,2,0,54,1.12,.667,16.48,7,4.82,11.18,2.32,8.02,2.32,0.63,21,6,0,1,1,4,1,0,5,1.000,0.15,1.07,42.2,34,0,0,0,,,,,,,
445276,Kenley Jansen,52,0,26,60,22,6,3,6,67,19,2,38,1,.201,189,.275,.360,.635,2,8,.800,0,842,3.68,51.1,5,1,32,38,0,6,21,1.11,211,154,52,0,0,571,.680,1,1,1,0,68,0.43,.833,16.40,43,3.53,11.75,3.33,6.66,3.86,1.05,4,3,0,0,2,2,1,0,3,1.000,0.06,0.53,51.1,52,0,0,0,,,,,,,
489446,Kirby Yates,8,0,6,8,4,3,0,2,5,4,0,6,0,.250,24,.345,.625,.970,0,0,.---,0,116,6.00,6.0,0,0,0,0,2,0,4,1.67,29,18,8,0,0,67,.580,0,0,2,0,15,0.75,.---,19.33,2,1.25,7.50,6.00,9.00,6.00,3.00,0,0,0,0,1,0,1,0,1,1.000,0.13,1.50,6.0,8,0,0,0,,,,,,,
657140,Kyle Wright,26,26,194,107,60,17,1,18,154,46,0,136,9,.231,589,.296,.355,.651,2,2,.500,23,2325,3.23,158.2,17,5,0,0,0,0,57,1.15,647,476,26,0,0,1551,.670,9,0,6,1,209,1.81,.773,14.65,0,3.35,8.74,2.61,7.71,3.40,1.02,0,0,1,0,2,22,19,0,41,1.000,1.58,2.34,158.2,26,1,0,0,,,,,,,
542303,Marcell Ozuna,65,65,100,130,52,15,0,21,111,28,0,96,2,.222,433,.270,.402,.672,1,2,.667,11,1851,,,,,,,,,,,,,,,,,,,,,,174,0.77,,,,,,,,,,,,0,0,4,0,0,0,0,.000,0.00,-.--,0.0,65,0,0,0,467,50,195,.246,20.62,,
621566,Matt Olson,137,137,127,136,74,41,0,28,139,66,6,129,3,.244,528,.330,.481,.811,0,0,.---,12,2474,,,,,,,,,,,,,,,,,,,,,,254,0.93,,,,,,,,,,,,0,0,3,84,1040,7,1131,.994,8.20,8.24,1227.2,137,90,0,0,600,90,225,.277,18.86,,
608331,Max Fried,26,26,193,135,49,23,2,8,149,28,2,138,3,.226,611,.262,.309,.571,3,3,.500,14,2445,2.48,163.1,13,5,0,0,0,0,45,1.02,646,490,26,0,0,1593,.650,3,0,7,2,189,1.43,.722,14.97,0,5.32,8.21,1.54,7.60,2.70,0.44,0,0,0,0,4,24,11,1,36,.972,1.35,1.93,163.1,26,0,0,0,,,,,,,
671739,Harris II,90,90,95,43,61,23,2,15,85,16,0,100,5,.310,323,.352,.533,.885,1,16,.941,5,1277,,,,,,,,,,,,,,,,,,,,,,172,2.21,,,,,,,,,,,,0,0,0,2,190,1,193,.995,2.13,2.13,810.2,90,0,0,0,344,51,102,.381,21.53,,
606115,Orlando Arcia,7,7,46,45,20,7,0,7,42,19,0,42,2,.243,173,.321,.405,.726,0,0,.---,7,749,,,,,,,,,,,,,,,,,,,,,,70,1.02,,,,,,,,,,,,0,0,2,0,0,0,0,.000,0.00,-.--,0.0,7,0,0,0,196,26,72,.278,24.71,,
628452,Raisel Iglesias,16,0,12,14,1,2,0,0,16,3,0,8,1,.163,49,.226,.204,.430,0,0,.---,1,221,0.61,14.2,0,0,1,2,7,1,1,0.75,54,44,16,0,0,146,.660,1,0,0,0,10,0.86,.---,15.07,6,5.33,9.82,1.84,4.91,0.61,0.00,3,0,0,1,0,1,2,0,3,1.000,0.19,1.93,14.2,16,0,0,0,,,,,,,
543257,Robbie Grossman,2,2,15,26,10,3,0,2,24,13,0,16,0,.198,81,.309,.309,.618,0,2,1.000,1,379,,,,,,,,,,,,,,,,,,,,,,25,0.58,,,,,,,,,,,,0,0,0,0,0,0,0,.000,0.00,-.--,0.0,2,0,0,0,94,13,39,.255,40.50,,
660670,Acuna Jr.,21,21,99,80,60,20,0,11,103,47,2,105,9,.273,384,.363,.411,.774,10,25,.714,6,1817,,,,,,,,,,,,,,,,,,,,,,158,1.24,,,,,,,,,,,,0,0,3,0,0,0,0,.000,0.00,-.--,0.0,21,0,0,0,443,39,117,.344,34.91,,
675911,Spencer Strider,29,18,81,96,38,16,1,6,183,41,1,76,3,.175,434,.250,.258,.508,1,3,.750,3,2069,2.69,120.2,10,4,0,1,2,1,36,0.97,480,362,29,0,0,1358,.660,3,0,6,1,112,0.84,.714,17.15,3,4.46,13.65,3.06,5.67,2.83,0.45,3,0,0,0,2,8,5,0,13,1.000,0.45,0.98,120.2,29,1,0,0,,,,,,,
518595,Travis d'Arnaud,3,3,89,76,53,19,1,16,75,17,0,87,10,.266,327,.322,.477,.799,11,39,.780,9,1358,,,,,,,,,,,,,,,,,,,,24,0,156,1.17,,,,,,,,,,,,0,0,0,0,0,0,0,.000,0.00,-.--,0.0,3,0,0,0,354,53,120,.301,20.44,3,3.46
554431,Tyler Matzek,34,0,27,44,16,6,0,3,27,17,2,21,2,.179,117,.290,.308,.598,1,2,.667,2,531,3.21,33.2,4,2,1,1,6,0,12,1.13,138,101,34,0,0,334,.630,2,0,4,0,36,0.61,.667,15.77,5,1.59,7.22,4.54,5.61,4.28,0.80,17,2,0,0,2,3,0,0,3,1.000,0.09,0.82,33.2,34,1,0,0,,,,,,,
687093,Vaughn Grissom,26,26,22,22,21,5,0,5,18,7,1,33,1,.347,95,.398,.558,.956,1,4,.800,0,377,,,,,,,,,,,,,,,,,,,,,,53,1.00,,,,,,,,,,,,0,0,0,53,41,1,95,.989,3.62,3.62,234.1,26,11,0,0,103,16,43,.389,19.00,,
661388,William Contreras,23,22,71,44,41,11,1,17,81,31,1,72,0,.270,267,.344,.509,.853,5,30,.857,5,1214,,,,,,,,,,,,,,,,,,,,19,1,136,1.61,,,,,,,,,,,,1,0,1,0,0,0,0,.000,0.00,-.--,0.0,23,0,0,0,299,38,115,.324,15.71,2,3.39
676265,,11,5,18,46,14,8,0,7,29,13,0,24,2,.205,117,.295,.453,.748,0,2,1.000,0,525,4.06,31.0,0,2,0,0,0,0,14,1.19,132,93,11,0,0,332,.630,2,0,1,0,53,0.39,.000,16.94,6,2.23,8.42,3.77,6.97,4.06,2.03,2,0,0,0,0,1,0,0,1,1.000,0.09,0.29,31.0,11,0,0,0,,,,,,,
605400,Aaron Nola,27,27,151,167,67,36,1,17,200,24,1,148,8,.223,663,.259,.357,.616,8,10,.556,8,2609,3.35,177.1,9,11,0,0,0,0,66,0.97,698,532,27,2,1,1806,.690,8,0,2,0,237,0.90,.450,14.71,0,8.33,10.15,1.22,7.51,3.40,0.86,0,0,0,3,0,13,7,2,22,.909,0.74,1.02,177.1,27,0,0,2,,,,,,,
664761,Alec Bohm,8,8,135,125,71,21,3,10,97,25,1,145,3,.294,493,.326,.410,.736,3,1,.250,15,1938,,,,,,,,,,,,,,,,,,,,,,202,1.08,,,,,,,,,,,,0,0,9,0,0,0,0,.000,0.00,-.--,0.0,8,0,0,0,530,64,188,.342,49.30,,
571479,Andrew Bellatti,50,1,22,42,22,13,0,5,70,19,1,41,1,.238,172,.313,.401,.714,2,3,.600,0,822,3.50,46.1,3,3,2,3,7,1,18,1.29,195,139,50,0,0,504,.610,1,0,1,2,69,0.52,.500,17.74,12,3.68,13.60,3.69,7.96,4.27,0.97,27,9,0,0,3,3,1,0,4,1.000,0.08,0.78,46.1,50,0,0,0,0,0,0,.---,-.--,,
663559,Bailey Falter,15,11,48,78,31,13,2,13,55,13,0,62,6,.258,240,.309,.492,.801,2,3,.600,5,946,4.02,62.2,4,3,0,0,0,0,28,1.20,262,188,15,0,0,646,.680,6,0,1,1,118,0.62,.571,15.10,3,4.23,7.90,1.87,8.90,4.45,1.87,0,0,0,0,3,3,3,0,6,1.000,0.40,0.87,62.2,15,0,0,0,,,,,,,
543272,Brad Hand,51,0,40,46,14,8,1,1,36,23,1,29,6,.196,148,.324,.284,.608,0,3,1.000,3,743,2.36,42.0,3,2,5,7,12,2,11,1.24,180,126,51,0,0,454,.610,6,0,1,0,42,0.87,.600,17.69,14,1.57,7.71,4.93,6.21,3.00,0.21,17,8,0,1,2,1,3,1,5,.800,0.08,0.86,42.0,51,0,0,1,,,,,,,
669016,Brandon Marsh,2,2,15,10,6,2,1,1,22,2,0,14,0,.230,61,.254,.344,.598,1,1,.500,1,231,,,,,,,,,,,,,,,,,,,,,,21,1.50,,,,,,,,,,,,0,0,0,0,4,0,4,1.000,2.00,2.12,17.0,2,0,0,0,63,8,25,.342,61.00,,
547180,Bryce Harper,67,67,70,65,54,24,1,15,65,34,6,88,3,.310,284,.385,.560,.945,4,9,.692,11,1213,,,,,,,,,,,,,,,,,,,,,,159,1.08,,,,,,,,,,,,0,0,4,0,0,0,0,.000,0.00,-.--,0.0,67,0,0,0,325,52,112,.351,18.93,,
681082,Bryson Stott,59,52,92,106,45,15,2,9,66,28,0,82,1,.237,346,.296,.370,.666,3,8,.727,3,1521,,,,,,,,,,,,,,,,,,,,,,128,0.87,,,,,,,,,,,,0,0,0,114,69,2,185,.989,3.10,3.60,458.1,59,26,0,1,375,41,162,.269,38.44,,
641401,Connor Brogdon,37,0,23,41,11,6,0,5,39,7,0,33,0,.246,134,.282,.403,.685,1,2,.667,0,546,2.88,34.1,2,0,2,4,6,2,11,1.17,143,103,37,0,0,361,.660,0,0,2,0,54,0.56,1.000,15.90,7,5.57,10.22,1.83,8.65,2.88,1.31,24,8,0,1,1,1,2,0,3,1.000,0.08,0.79,34.1,37,0,0,0,,,,,,,
650911,Cristopher Sanchez,13,3,42,26,19,5,0,5,32,15,1,27,4,.213,127,.315,.370,.685,1,1,.500,1,559,5.03,34.0,2,2,0,0,2,0,19,1.24,146,102,13,0,0,350,.630,4,0,0,0,47,1.62,.500,16.44,2,2.13,8.47,3.97,7.15,5.03,1.32,11,6,0,0,0,5,2,0,7,1.000,0.54,1.85,34.0,13,0,0,0,,,,,,,
502085,David Robertson,14,0,0,0,0,0,0,0,1,0,0,0,0,.000,1,.000,.000,.000,0,0,.---,0,6,2.93,15.1,1,3,4,6,3,2,5,1.43,67,46,14,0,0,170,.600,0,0,1,0,0,-.--,.250,18.33,8,2.33,12.33,5.28,7.63,3.52,1.17,0,0,0,0,0,2,2,0,4,1.000,0.29,2.40,15.1,14,0,0,0,1,0,1,.---,-.--,,
664848,Donny Sands,1,0,2,0,0,0,0,0,1,0,0,0,0,.000,3,.000,.000,.000,0,0,.---,1,13,,,,,,,,,,,,,,,,,,,,0,0,0,2.00,,,,,,,,,,,,0,0,0,0,1,0,1,1.000,1.00,4.50,2.0,1,0,0,0,3,0,3,.000,-.--,0,4.50
624641,Edmundo Sosa,2,0,8,12,7,7,0,2,9,1,0,15,2,.357,42,.391,.667,1.058,0,3,1.000,2,162,,,,,,,,,,,,,,,,,,,,,,28,0.67,,,,,,,,,,,,0,1,1,0,1,0,1,1.000,0.50,3.00,3.0,2,0,0,0,47,12,17,.406,21.00,,
596117,Garrett Stubbs,4,0,6,2,7,1,1,3,0,1,0,7,0,.467,15,.500,1.267,1.767,6,17,.739,1,55,21.00,3.0,0,0,0,0,0,0,7,2.67,16,9,3,0,0,33,.600,0,0,8,0,19,3.00,.---,18.33,3,0.00,0.00,3.00,21.00,21.00,9.00,0,0,0,0,0,0,0,0,0,.000,0.00,-.--,0.0,4,0,0,0,101,16,30,.344,17.80,2,4.14
592663,J.T. Realmuto,2,1,106,106,63,23,5,15,102,38,1,113,10,.268,422,.339,.453,.792,27,35,.565,6,1863,,,,,,,,,,,,,,,,,,,,31,1,191,1.00,,,,,,,,,,,,0,0,5,0,0,0,0,.000,0.00,-.--,0.0,2,0,0,0,475,71,176,.316,28.13,2,3.83
516416,Jean Segura,74,73,89,64,35,8,0,9,43,19,1,77,5,.283,272,.340,.412,.752,3,13,.813,11,1058,,,,,,,,,,,,,,,,,,,,,,112,1.39,,,,,,,,,,,,0,0,1,166,134,4,304,.987,4.05,4.28,631.1,74,45,0,2,297,28,107,.308,30.22,,
621237,Jose Alvarado,50,0,0,0,0,0,0,0,1,0,0,0,0,.000,1,.000,.000,.000,0,0,.---,0,5,3.92,41.1,3,2,1,3,16,2,18,1.43,182,124,50,0,0,456,.610,1,0,5,1,0,-.--,.600,17.95,7,2.74,13.72,5.01,7.84,4.57,0.44,22,7,0,0,0,6,0,0,6,1.000,0.12,1.32,41.1,50,1,0,0,1,0,1,.---,-.--,,
502043,Kyle Gibson,27,27,163,141,78,26,2,20,118,43,0,143,9,.255,560,.317,.416,.733,3,2,.400,15,2376,4.57,145.2,9,6,0,0,0,0,74,1.28,617,437,27,0,0,1509,.640,9,0,3,1,233,1.16,.600,16.31,0,2.74,7.29,2.66,8.84,4.82,1.24,0,0,0,1,4,13,10,1,24,.958,0.85,1.43,145.2,27,1,0,1,,,,,,,
656941,Kyle Schwarber,15,15,94,119,82,19,2,36,177,66,3,104,3,.211,492,.307,.478,.785,1,6,.857,9,2434,,,,,,,,,,,,,,,,,,,,,,235,0.79,,,,,,,,,,,,0,0,2,0,0,0,0,.000,0.00,-.--,0.0,15,0,0,0,563,78,167,.242,13.67,,
663837,Matt Vierling,1,0,68,77,35,8,1,5,61,21,0,61,3,.232,263,.292,.327,.619,4,7,.636,7,1147,,,,,,,,,,,,,,,,,,,,,,86,0.88,,,,,,,,,,,,0,0,4,0,0,0,0,.000,0.00,-.--,0.0,1,0,0,0,291,23,126,.279,52.60,,
665155,Nick Maton,3,2,8,7,10,2,1,3,14,7,0,12,1,.300,40,.408,.625,1.033,0,0,.---,0,208,27.00,1.0,0,0,0,0,0,0,3,4.00,7,3,1,0,0,16,.730,0,0,0,0,25,1.14,.---,22.00,1,-.--,0.00,0.00,36.00,27.00,0.00,0,0,0,0,1,1,5,0,6,1.000,2.00,3.38,16.2,3,0,0,0,49,12,18,.375,13.33,,
656793,Nick Nelson,38,2,44,73,32,14,1,1,61,31,0,55,4,.243,226,.336,.327,.663,2,4,.667,2,1055,4.57,61.0,3,2,0,0,2,0,31,1.41,268,183,38,0,0,636,.600,4,0,10,0,74,0.60,.600,17.30,7,1.97,9.00,4.57,8.11,4.72,0.15,17,4,0,0,7,4,3,1,8,.875,0.18,1.03,61.0,38,0,0,1,,,,,,,
592789,Noah Syndergaard,6,6,35,43,19,6,4,2,21,6,0,44,0,.310,142,.338,.451,.789,2,3,.600,4,510,4.63,35.0,3,1,0,0,0,0,18,1.43,149,105,6,1,0,345,.680,0,0,1,0,64,0.81,.750,14.57,0,3.50,5.40,1.54,11.31,4.89,0.51,0,0,0,1,0,3,4,1,8,.875,1.17,1.80,35.0,6,1,0,1,,,,,,,
624133,Ranger Suarez,24,24,170,90,61,29,1,10,110,49,0,121,2,.248,487,.319,.374,.693,2,0,.000,15,2128,3.52,127.2,8,5,0,0,0,0,50,1.33,542,383,24,0,0,1331,.630,2,1,4,0,182,1.89,.615,16.67,0,2.24,7.75,3.45,8.53,4.30,0.70,0,0,0,2,2,23,12,0,35,1.000,1.46,2.48,127.2,24,0,0,0,,,,,,,
656555,Rhys Hoskins,4,4,102,138,72,27,2,26,141,65,0,128,5,.252,507,.342,.467,.809,1,2,.667,9,2504,,,,,,,,,,,,,,,,,,,,,,237,0.74,,,,,,,,,,,,1,0,2,0,0,0,0,.000,0.00,-.--,0.0,4,0,0,0,580,66,171,.298,19.50,,
656322,Sam Coonrod,8,0,8,8,5,1,0,0,8,5,0,4,2,.154,26,.314,.192,.506,0,0,.---,2,155,4.15,8.2,0,0,0,0,2,0,4,1.04,35,26,8,0,0,97,.630,2,0,0,0,5,1.00,.---,17.88,2,1.60,8.31,5.19,4.15,5.19,0.00,1,0,0,0,2,0,1,1,2,.500,0.13,1.13,8.2,8,0,0,1,,,,,,,
657697,Vinny Nittoli,2,0,3,2,0,0,0,0,1,1,0,0,1,.000,6,.250,.000,.250,0,0,.---,0,40,0.00,2.0,0,0,0,0,1,0,0,0.50,8,6,2,0,0,26,.650,1,0,0,0,0,1.50,.---,20.00,0,1.00,4.50,4.50,0.00,0.00,0.00,0,0,0,0,0,0,0,0,0,.000,0.00,0.00,2.0,2,0,0,0,,,,,,,
676265,,11,5,18,46,14,8,0,7,29,13,0,24,2,.205,117,.295,.453,.748,0,2,1.000,0,525,4.06,31.0,0,2,0,0,0,0,14,1.19,132,93,11,0,0,332,.630,2,0,1,0,53,0.39,.000,16.94,6,2.23,8.42,3.77,6.97,4.06,2.03,2,0,0,0,0,1,0,0,1,1.000,0.09,0.29,31.0,11,0,0,0,,,,,,,
677053,Andrew Nardi,6,0,0,0,0,0,0,0,0,0,0,0,0,.000,0,.000,.000,.000,0,0,.---,0,0,17.47,5.2,0,1,0,0,1,0,11,3.53,37,17,6,0,0,109,.610,0,0,1,0,0,-.--,.000,31.41,3,1.33,12.71,9.53,22.24,19.06,1.59,2,2,0,0,0,0,0,0,0,.000,0.00,0.00,5.2,6,0,0,0,0,0,0,.---,-.--,,
541645,Avisail Garcia,9,9,97,62,29,8,0,7,100,14,0,78,4,.233,335,.270,.319,.589,0,4,1.000,11,1264,,,,,,,,,,,,,,,,,,,,,,107,1.56,,,,,,,,,,,,0,0,2,0,0,0,0,.000,0.00,-.--,0.0,9,0,0,0,355,31,152,.309,47.86,,
605119,Brian Anderson,4,4,73,44,31,13,1,6,83,32,2,59,4,.229,258,.322,.357,.679,0,1,1.000,6,1209,,,,,,,,,,,,,,,,,,,,,,92,1.66,,,,,,,,,,,,0,0,1,0,0,0,0,.000,0.00,-.--,0.0,4,0,0,0,295,22,111,.312,43.00,,
650559,La Cruz,4,0,66,61,24,10,0,7,71,14,0,51,1,.206,247,.250,.332,.582,0,3,1.000,5,991,,,,,,,,,,,,,,,,,,,,,,82,1.08,,,,,,,,,,,,0,0,2,0,0,0,0,.000,0.00,-.--,0.0,4,0,0,0,264,21,113,.257,35.29,,
641779,Charles Leblanc,13,13,16,23,8,5,0,2,24,4,0,26,1,.292,89,.330,.416,.746,2,3,.600,0,367,,,,,,,,,,,,,,,,,,,,,,37,0.70,,,,,,,,,,,,0,0,0,20,7,1,28,.964,2.08,2.23,109.0,13,2,0,1,94,4,35,.381,44.50,,
642121,Cole Sulser,34,0,0,0,0,0,0,0,0,0,0,0,0,.000,0,.000,.000,.000,0,0,.---,0,0,5.46,29.2,1,3,2,5,5,3,18,1.62,131,89,34,0,0,356,.650,0,0,0,1,0,-.--,.250,18.34,11,2.62,10.31,3.94,10.62,6.37,1.52,17,3,0,0,0,3,3,0,6,1.000,0.18,1.86,29.2,34,1,0,0,0,0,0,.---,-.--,,
571670,Dylan Floro,43,0,0,0,0,0,0,0,0,0,0,0,0,.000,0,.000,.000,.000,0,0,.---,0,0,3.48,41.1,1,2,3,5,6,2,16,1.23,171,124,43,0,0,447,.670,0,0,1,0,0,-.--,.333,16.11,12,3.18,7.62,2.40,8.71,4.35,0.87,7,1,0,0,0,3,0,0,3,1.000,0.07,0.66,41.1,43,0,0,0,0,0,0,.---,-.--,,
665795,Edward Cabrera,9,9,44,43,13,3,0,5,55,25,0,27,5,.160,169,.286,.266,.552,1,2,.667,3,847,2.39,49.0,4,2,0,0,0,0,13,1.06,199,147,9,0,0,508,.600,5,0,2,0,45,1.02,.667,17.29,0,2.20,10.10,4.59,4.96,2.39,0.92,0,0,0,0,0,2,5,0,7,1.000,0.78,1.29,49.0,9,1,0,0,,,,,,,
643265,Garrett Cooper,45,45,94,77,30,26,2,7,105,36,0,93,8,.255,364,.332,.396,.728,0,0,.---,5,1655,,,,,,,,,,,,,,,,,,,,,,144,1.22,,,,,,,,,,,,0,0,5,0,0,0,0,.000,0.00,-.--,0.0,45,0,0,0,413,43,123,.335,52.00,,
623211,Huascar Brazoban,15,0,20,14,9,4,0,2,28,14,0,18,1,.225,80,.347,.350,.697,2,0,.000,2,434,2.91,21.2,0,1,0,0,1,0,7,1.48,95,65,15,0,0,254,.590,1,0,3,0,28,1.43,.000,20.03,2,2.00,11.63,5.82,7.48,3.74,0.83,2,1,0,0,0,3,1,1,5,.800,0.27,1.71,21.2,15,0,0,1,,,,,,,
668709,JJ Bleday,2,2,20,45,12,9,1,4,42,22,0,25,1,.189,132,.310,.364,.674,1,3,.750,2,657,,,,,,,,,,,,,,,,,,,,,,48,0.44,,,,,,,,,,,,0,0,0,0,2,0,2,1.000,1.00,1.00,18.0,2,0,0,0,155,7,55,.244,33.00,,
607732,Jacob Stallings,1,1,82,83,24,11,0,4,74,24,0,67,4,.220,304,.285,.296,.581,12,52,.813,13,1304,,,,,,,,,,,,,,,,,,,,30,2,90,0.99,,,,,,,,,,,,0,1,1,0,0,0,0,.000,0.00,-.--,0.0,1,0,0,0,334,30,135,.278,76.00,0,3.88
656257,Jeff Brigham,6,0,5,17,7,1,0,0,12,6,0,11,0,.250,44,.340,.273,.613,1,2,.667,0,211,4.63,11.2,0,0,1,1,0,0,6,1.46,51,35,6,0,0,132,.630,0,0,1,0,12,0.29,.---,18.09,1,2.00,9.26,4.63,8.49,5.40,0.00,2,0,0,1,0,2,0,0,2,1.000,0.33,1.64,11.2,6,0,0,0,,,,,,,
666464,Jerar Encarnacion,2,2,14,8,5,3,0,2,23,1,0,12,0,.214,56,.224,.375,.599,0,2,1.000,1,236,,,,,,,,,,,,,,,,,,,,,,21,1.75,,,,,,,,,,,,0,0,1,0,0,0,0,.000,0.00,-.--,0.0,2,0,0,0,58,12,25,.313,28.00,,
666200,Jesus Luzardo,13,13,63,67,30,14,2,6,82,27,0,47,0,.183,257,.260,.323,.583,1,1,.500,4,1159,3.36,72.1,3,6,0,0,0,0,27,1.02,286,217,13,0,0,731,.630,0,0,4,1,83,0.94,.333,16.02,0,3.04,10.20,3.36,5.85,3.73,0.75,0,0,0,1,1,10,1,1,12,.917,0.85,1.38,72.1,13,2,0,1,,,,,,,
621563,Joey Wendle,1,0,113,74,24,20,1,3,41,14,0,74,5,.248,298,.291,.352,.643,2,11,.846,4,1130,,,,,,,,,,,,,,,,,,,,,,105,1.53,,,,,,,,,,,,0,1,3,0,0,0,0,.000,0.00,-.--,0.0,1,0,0,0,321,30,90,.276,99.33,,
542932,Jon Berti,2,0,78,54,36,14,2,3,65,34,0,68,3,.258,264,.348,.360,.708,4,32,.889,4,1156,,,,,,,,,,,,,,,,,,,,,,95,1.44,,,,,,,,,,,,0,0,1,0,0,0,0,.000,0.00,-.--,0.0,2,0,0,0,302,21,115,.330,88.00,,
650331,Lewin Diaz,2,1,27,27,8,4,0,2,30,9,0,17,1,.170,100,.243,.270,.513,0,1,1.000,2,473,,,,,,,,,,,,,,,,,,,,,,27,1.00,,,,,,,,,,,,0,0,1,0,0,0,0,.000,0.00,-.--,0.0,2,0,0,0,111,6,35,.217,50.00,,
663897,Luke Williams,2,0,20,25,18,4,1,1,36,8,1,24,0,.229,105,.283,.314,.597,4,11,.733,1,455,,,,,,,,,,,,,,,,,,,,,,33,0.80,,,,,,,,,,,,0,0,0,0,0,0,0,.000,0.00,-.--,0.0,2,0,0,0,113,3,50,.338,105.00,,
500743,Miguel Rojas,116,113,134,128,32,15,2,6,55,23,1,93,4,.229,406,.275,.320,.595,3,9,.750,9,1569,,,,,,,,,,,,,,,,,,,,,,130,1.05,,,,,,,,,,,,0,1,3,287,159,6,452,.987,3.84,4.20,955.2,116,58,0,5,437,31,147,.250,67.67,,
663743,Nick Fortes,10,8,37,48,30,4,1,7,33,13,0,36,5,.234,154,.314,.409,.723,8,18,.692,5,608,,,,,,,,,,,,,,,,,,,,13,0,63,0.77,,,,,,,,,,,,0,0,0,0,0,0,0,.000,0.00,-.--,0.0,10,0,0,0,172,18,67,.254,22.00,1,3.79
641154,Pablo Lopez,27,27,160,124,64,34,5,18,149,46,1,131,7,.234,561,.298,.408,.706,1,5,.833,15,2445,3.66,150.0,8,9,0,0,0,0,61,1.18,617,450,27,0,0,1592,.650,7,0,4,0,229,1.29,.471,16.30,0,3.24,8.94,2.76,7.86,3.84,1.08,0,0,0,0,3,10,11,2,23,.913,0.78,1.26,150.0,27,2,0,2,,,,,,,
542947,Richard Bleier,46,1,60,36,17,21,0,3,27,10,3,54,1,.309,175,.348,.480,.828,1,3,.750,2,657,3.19,42.1,2,2,0,3,4,3,15,1.51,188,127,46,0,0,463,.700,1,0,3,2,84,1.67,.500,15.52,10,2.70,5.74,2.13,11.48,3.61,0.64,24,12,0,1,1,7,5,0,12,1.000,0.26,2.57,42.1,46,0,0,0,0,0,0,.---,-.--,,
645261,Sandy Alcantara,28,28,237,149,62,29,6,14,177,47,1,151,7,.213,710,.267,.330,.597,3,19,.864,18,2843,2.43,196.2,12,7,0,0,0,0,53,1.01,768,590,28,4,1,1933,.680,7,0,3,2,234,1.59,.632,14.46,0,3.77,8.10,2.15,6.91,2.84,0.64,0,0,0,0,4,21,17,0,38,1.000,1.36,1.74,196.2,28,1,0,0,,,,,,,
595345,Steven Okert,55,0,0,0,0,0,0,0,0,0,0,0,0,.000,0,.000,.000,.000,0,0,.---,0,0,2.45,47.2,5,2,0,4,17,4,13,1.09,199,143,55,0,0,553,.640,5,0,1,0,0,-.--,.714,18.06,5,2.81,11.14,3.97,5.85,2.64,1.32,15,4,0,0,0,2,1,0,3,1.000,0.05,0.57,47.2,55,0,0,0,0,0,0,.---,-.--,,
663432,Tanner Scott,29,0,13,40,16,1,1,5,36,13,0,26,0,.228,114,.305,.386,.691,0,3,1.000,1,521,3.30,30.0,1,3,12,16,1,4,11,1.30,128,90,29,0,0,336,.640,0,0,1,0,44,0.33,.250,17.37,20,2.77,10.80,3.90,7.80,4.80,1.50,3,0,0,0,1,1,1,0,2,1.000,0.07,0.60,30.0,29,0,0,0,,,,,,,
667297,Tommy Nance,27,2,31,25,19,8,1,3,49,19,3,40,3,.276,145,.371,.407,.778,0,8,1.000,3,662,4.42,36.2,0,3,0,0,1,0,18,1.61,167,110,27,0,0,405,.610,3,0,5,0,59,1.24,.000,18.05,7,2.58,12.03,4.66,9.82,4.66,0.74,12,8,0,0,0,4,1,0,5,1.000,0.19,1.25,36.2,27,0,0,0,,,,,,,
669432,Trevor Rogers,21,21,91,103,65,31,1,14,96,42,0,109,5,.276,395,.350,.466,.816,0,8,1.000,9,1819,5.51,99.2,4,11,0,0,0,0,61,1.52,446,299,21,0,0,1163,.640,5,0,5,1,184,0.88,.267,18.25,0,2.29,8.67,3.79,9.84,5.87,1.26,0,0,0,0,4,12,1,2,15,.867,0.62,1.18,99.2,21,0,0,2,,,,,,,
676265,,11,5,18,46,14,8,0,7,29,13,0,24,2,.205,117,.295,.453,.748,0,2,1.000,0,525,4.06,31.0,0,2,0,0,0,0,14,1.19,132,93,11,0,0,332,.630,2,0,1,0,53,0.39,.000,16.94,6,2.23,8.42,3.77,6.97,4.06,2.03,2,0,0,0,0,1,0,0,1,1.000,0.09,0.29,31.0,11,0,0,0,,,,,,,
669743,Alex Call,3,0,7,12,7,1,1,2,8,3,0,10,0,.270,37,.325,.514,.839,1,1,.500,1,172,,,,,,,,,,,,,,,,,,,,,,19,0.58,,,,,,,,,,,,0,0,0,0,0,0,0,.000,0.00,-.--,0.0,3,0,0,0,40,8,12,.296,18.50,,
600921,Andres Machado,40,0,51,48,26,14,0,5,39,20,0,45,1,.250,180,.324,.411,.735,0,7,1.000,2,792,4.27,46.1,1,0,0,0,3,0,22,1.40,204,139,40,0,0,507,.640,1,0,3,0,74,1.06,1.000,17.09,11,1.95,7.58,3.88,8.74,5.05,0.97,20,2,0,0,3,6,3,1,10,.900,0.23,1.76,46.1,40,0,0,1,,,,,,,
434671,Anibal Sanchez,10,10,48,63,27,5,0,12,35,23,1,42,3,.226,186,.319,.446,.765,0,5,1.000,8,913,4.56,51.1,2,5,0,0,0,0,26,1.27,214,154,10,0,0,547,.600,3,0,2,0,83,0.76,.286,17.79,0,1.52,6.14,4.03,7.36,4.73,2.10,0,0,0,1,1,3,4,2,9,.778,0.70,1.24,51.1,10,0,0,2,,,,,,,
682928,CJ Abrams,2,0,41,32,16,5,0,2,27,4,0,29,6,.232,125,.285,.320,.605,2,1,.333,4,445,,,,,,,,,,,,,,,,,,,,,,40,1.28,,,,,,,,,,,,0,2,2,0,0,0,0,.000,0.00,-.--,0.0,2,0,0,0,139,11,60,.276,62.50,,
605218,Edwards Jr.,49,0,55,53,19,3,0,6,49,22,0,39,1,.201,194,.283,.309,.592,1,1,.500,2,881,2.89,53.0,5,3,2,4,11,2,17,1.15,219,159,49,0,0,566,.640,1,0,2,0,60,1.04,.625,16.62,7,2.23,8.32,3.74,6.62,3.23,1.02,18,4,0,0,2,5,4,0,9,1.000,0.18,1.53,53.0,49,0,0,0,,,,,,,
514917,Cesar Hernandez,3,3,142,141,61,27,4,1,102,41,0,128,7,.252,508,.315,.327,.642,4,9,.692,9,2145,,,,,,,,,,,,,,,,,,,,,,166,1.01,,,,,,,,,,,,0,3,2,1,8,0,9,1.000,3.00,3.52,23.0,3,1,0,0,561,32,170,.312,508.00,,
676265,Cory Abbott,11,5,18,46,14,8,0,7,29,13,0,24,2,.205,117,.295,.453,.748,0,2,1.000,0,525,4.06,31.0,0,2,0,0,0,0,14,1.19,132,93,11,0,0,332,.630,2,0,1,0,53,0.39,.000,16.94,6,2.23,8.42,3.77,6.97,4.06,2.03,2,0,0,0,0,1,0,0,1,1.000,0.09,0.29,31.0,11,0,0,0,,,,,,,
541640,Erasmo Ramirez,51,2,79,76,25,8,2,9,53,12,1,67,5,.247,271,.289,.391,.680,0,1,1.000,11,1031,2.84,73.0,4,1,0,0,3,0,23,1.08,292,219,51,0,0,696,.680,5,0,0,0,106,1.04,.800,14.12,8,4.42,6.53,1.48,8.26,3.08,1.11,29,9,0,1,3,6,4,1,11,.909,0.20,1.23,73.0,51,0,0,1,,,,,,,
607200,Erick Fedde,22,22,110,115,61,18,0,15,82,50,0,112,0,.271,413,.345,.424,.769,2,11,.846,9,1989,5.08,106.1,6,9,0,0,0,0,60,1.52,469,319,22,0,0,1201,.600,0,0,6,0,175,0.96,.400,18.71,0,1.64,6.94,4.23,9.48,5.16,1.27,0,0,0,0,6,10,14,0,24,1.000,1.09,2.04,106.1,22,1,0,0,,,,,,,
640451,Hunter Harvey,28,0,17,29,9,6,1,0,32,9,0,20,0,.211,95,.271,.295,.566,0,3,1.000,3,452,2.67,27.0,1,0,0,1,3,1,8,1.07,107,81,28,0,0,292,.650,0,0,1,0,28,0.59,1.000,16.74,7,3.56,10.67,3.00,6.67,3.00,0.00,10,4,0,0,3,1,2,0,3,1.000,0.11,1.00,27.0,28,0,0,0,,,,,,,
545121,Ildemaro Vargas,24,24,27,36,10,6,0,3,13,4,0,31,2,.295,105,.330,.438,.768,1,2,.667,2,383,,,,,,,,,,,,,,,,,,,,,,46,0.75,,,,,,,,,,,,0,1,1,55,20,2,77,.974,3.13,3.23,209.0,24,6,0,2,113,13,40,.311,35.00,,
459429,Jake McGee,6,0,3,10,4,1,0,2,4,1,0,7,0,.292,24,.320,.583,.903,0,0,.---,0,93,6.35,5.2,0,0,0,1,0,1,4,1.41,25,17,6,0,0,66,.710,0,0,0,0,14,0.30,.---,16.41,0,4.00,6.35,1.59,11.12,6.35,3.18,0,0,0,0,0,0,0,0,0,.000,0.00,0.00,5.2,6,0,0,0,,,,,,,
608841,Joey Meneses,19,19,35,24,21,8,0,7,30,5,0,43,1,.328,131,.355,.550,.905,0,0,.---,9,547,,,,,,,,,,,,,,,,,,,,,,72,1.46,,,,,,,,,,,,0,0,1,1,44,3,48,.938,2.37,2.56,158.0,19,1,0,0,138,18,63,.379,18.71,,
641943,Josh Palacios,1,0,9,8,6,1,0,0,9,0,0,7,0,.212,33,.212,.242,.454,0,1,1.000,0,141,,,,,,,,,,,,,,,,,,,,,,8,1.13,,,,,,,,,,,,0,0,0,0,0,0,0,.000,0.00,-.--,0.0,1,0,0,0,33,2,18,.292,-.--,,
680686,Josiah Gray,25,25,86,158,75,17,4,36,145,60,1,121,6,.240,505,.325,.503,.828,4,9,.692,5,2330,5.06,131.2,7,9,0,0,0,0,74,1.37,577,395,25,0,0,1414,.610,6,0,7,0,254,0.54,.438,17.70,0,2.42,9.91,4.10,8.27,5.13,2.46,0,0,1,0,5,7,3,0,10,1.000,0.40,0.69,131.2,25,0,0,0,,,,,,,
660688,Keibert Ruiz,1,1,118,130,33,22,0,7,50,30,0,99,6,.251,394,.313,.360,.673,20,51,.718,9,1538,,,,,,,,,,,,,,,,,,,,35,4,142,0.91,,,,,,,,,,,,1,1,2,0,0,0,0,.000,0.00,-.--,0.0,1,0,0,0,433,36,191,.271,56.29,4,5.11
640448,Kyle Finnegan,56,0,56,46,25,9,1,7,57,21,2,46,0,.227,203,.296,.384,.680,0,4,1.000,6,890,3.72,55.2,5,3,8,12,14,4,23,1.20,226,167,56,0,0,581,.650,0,1,0,0,78,1.22,.625,15.99,16,2.71,9.22,3.40,7.44,4.04,1.13,23,10,0,0,2,8,2,0,10,1.000,0.18,1.64,55.2,56,0,0,0,,,,,,,
657041,Lane Thomas,1,0,92,111,51,22,1,15,110,31,0,101,4,.246,410,.303,.415,.718,3,5,.625,8,1772,,,,,,,,,,,,,,,,,,,,,,170,0.83,,,,,,,,,,,,0,0,4,0,0,0,0,.000,0.00,-.--,0.0,1,0,0,0,449,46,181,.298,27.33,,
671277,Luis Garcia,59,58,86,54,23,17,2,6,64,5,0,82,1,.291,282,.302,.429,.731,4,2,.333,4,1032,,,,,,,,,,,,,,,,,,,,,,121,1.59,,,,,,,,,,,,0,1,3,128,69,13,210,.938,3.34,3.52,503.1,59,27,0,10,292,33,128,.353,47.00,,
572228,Luke Voit,69,68,52,73,38,18,0,13,110,39,1,67,3,.225,298,.317,.416,.733,1,1,.500,5,1382,,,,,,,,,,,,,,,,,,,,,,124,0.71,,,,,,,,,,,,0,0,4,0,0,0,0,.000,0.00,-.--,0.0,69,0,0,0,344,48,133,.302,22.92,,
666168,Mason Thompson,12,0,18,15,1,0,0,0,8,3,0,6,1,.130,46,.200,.130,.330,0,0,.---,0,190,0.66,13.2,1,0,1,1,0,0,1,0.66,51,41,12,0,0,123,.650,1,0,0,0,6,1.20,1.000,13.90,6,2.67,5.27,1.98,3.95,0.66,0.00,3,0,0,1,0,1,5,0,6,1.000,0.50,4.15,13.2,12,0,0,0,,,,,,,
443558,Nelson Cruz,120,119,133,88,50,16,0,10,115,49,1,104,4,.238,437,.318,.343,.661,0,4,1.000,16,1960,,,,,,,,,,,,,,,,,,,,,,150,1.51,,,,,,,,,,,,2,0,3,0,0,0,0,.000,0.00,-.--,0.0,120,0,0,0,495,64,196,.298,43.70,,
502179,Paolo Espino,36,16,99,115,50,18,0,19,80,19,0,112,2,.279,402,.311,.465,.776,2,1,.333,4,1639,4.28,101.0,0,7,0,0,0,0,48,1.30,427,303,36,1,0,1055,.640,2,0,1,0,187,0.86,.000,16.23,17,4.21,7.13,1.69,9.98,4.46,1.69,9,2,0,0,4,11,13,0,24,1.000,0.67,2.14,101.0,36,0,0,0,,,,,,,
571578,Patrick Corbin,27,27,146,133,106,30,4,25,118,46,1,183,5,.317,578,.371,.512,.883,5,13,.722,10,2349,6.28,134.2,6,17,0,0,0,0,94,1.70,631,404,27,1,0,1498,.640,5,0,2,3,296,1.10,.261,17.44,0,2.57,7.89,3.07,12.23,7.08,1.67,0,0,0,1,1,15,8,0,23,1.000,0.85,1.54,134.2,27,0,0,0,,,,,,,
656180,Riley Adams,1,0,22,24,8,1,0,3,30,9,0,17,1,.183,93,.262,.290,.552,4,16,.800,1,422,,,,,,,,,,,,,,,,,,,,13,0,27,0.92,,,,,,,,,,,,0,0,0,0,0,0,0,.000,0.00,-.--,0.0,1,0,0,0,103,6,38,.233,31.00,0,4.52
518553,Steve Cishek,59,0,49,51,32,2,1,10,65,25,1,50,11,.238,210,.344,.400,.744,2,3,.600,1,1027,4.79,56.1,1,4,1,3,6,2,30,1.33,251,169,59,0,0,638,.620,11,0,3,0,84,0.96,.200,18.23,9,2.60,10.38,3.99,7.99,5.11,1.60,31,14,0,1,4,2,2,0,4,1.000,0.07,0.64,56.1,59,0,0,0,,,,,,,
668663,Tres Barrera,14,13,7,9,2,1,0,0,11,2,0,6,0,.182,33,.229,.212,.441,1,11,.917,1,125,,,,,,,,,,,,,,,,,,,,6,0,7,0.78,,,,,,,,,,,,0,0,0,1,76,0,77,1.000,5.50,6.79,102.0,14,0,0,0,35,4,14,.273,-.--,0,5.56
645302,Victor Robles,2,0,78,88,40,9,2,4,87,17,0,70,9,.224,312,.283,.304,.587,2,14,.875,3,1211,,,,,,,,,,,,,,,,,,,,,,95,0.89,,,,,,,,,,,,0,10,1,0,0,0,0,.000,0.00,-.--,0.0,2,0,0,0,349,28,124,.297,78.00,,
425794,Adam Wainwright,28,28,189,173,65,32,3,14,134,45,1,166,6,.252,658,.304,.374,.678,5,6,.545,14,2768,3.33,173.0,10,9,0,0,0,0,64,1.22,713,519,28,1,0,1795,.650,6,0,5,0,246,1.09,.526,16.00,0,2.98,6.97,2.34,8.64,3.38,0.73,0,0,0,0,4,13,17,0,30,1.000,1.07,1.56,173.0,28,0,0,0,,,,,,,
405395,Albert Pujols,54,47,2,1,4,0,0,2,0,1,0,3,0,.500,6,.571,1.500,2.071,0,0,.---,0,27,36.00,1.0,0,0,0,0,0,0,4,4.00,7,3,1,0,0,16,.590,0,0,0,0,9,2.00,.---,27.00,1,0.00,0.00,9.00,27.00,36.00,18.00,0,0,0,0,0,0,0,0,0,.000,0.00,-.--,0.0,54,0,0,0,277,43,125,.249,15.12,,
669467,Andre Pallante,38,10,154,55,37,16,1,8,69,35,2,105,1,.276,381,.337,.386,.723,2,5,.714,15,1611,3.27,99.0,6,5,0,0,7,0,36,1.41,419,297,38,0,0,998,.620,1,0,4,0,147,2.80,.545,16.27,2,1.97,6.27,3.18,9.55,3.36,0.73,19,9,0,1,1,12,11,0,23,1.000,0.61,2.09,99.0,38,1,0,0,,,,,,,
668800,Andrew Knizner,1,0,54,61,24,8,0,2,49,25,0,47,6,.224,210,.324,.290,.614,6,19,.760,8,899,0.00,0.2,0,0,0,0,0,0,0,1.50,3,2,1,0,0,8,.730,0,0,15,0,61,0.89,.---,16.50,1,-.--,0.00,0.00,13.50,0.00,0.00,2,2,3,1,0,0,0,0,0,.000,0.00,-.--,0.0,1,0,0,0,242,22,94,.283,105.00,3,3.98
641512,Ben DeLuzio,4,2,1,0,2,0,0,0,1,1,0,1,0,.333,3,.500,.333,.833,0,0,.---,0,13,,,,,,,,,,,,,,,,,,,,,,1,1.00,,,,,,,,,,,,0,0,0,0,4,0,4,1.000,1.00,3.27,11.0,4,0,0,0,4,0,1,.500,-.--,,
680977,Brendan Donovan,16,11,98,69,48,18,1,3,59,46,1,94,10,.297,317,.400,.388,.788,3,2,.400,7,1579,,,,,,,,,,,,,,,,,,,,,,123,1.42,,,,,,,,,,,,0,1,2,0,0,0,0,.000,0.00,-.--,0.0,16,0,0,0,376,38,106,.354,105.67,,
608717,Chris Stratton,12,0,18,11,6,2,0,0,17,9,0,16,0,.262,61,.352,.295,.647,0,0,.---,3,269,2.76,16.1,2,0,0,0,0,0,5,1.53,71,49,12,0,0,166,.620,0,0,0,0,18,1.64,1.000,16.47,5,1.89,9.37,4.96,8.82,3.31,0.00,10,5,0,0,1,1,2,0,3,1.000,0.25,1.69,16.1,12,1,0,0,,,,,,,
572816,Corey Dickerson,18,15,55,61,24,13,1,5,35,9,1,61,1,.290,210,.320,.433,.753,0,0,.---,2,842,,,,,,,,,,,,,,,,,,,,,,91,0.90,,,,,,,,,,,,0,0,2,0,0,0,0,.000,0.00,-.--,0.0,18,0,0,0,222,28,88,.326,42.00,,
606149,Giovanny Gallegos,49,0,30,61,22,9,1,6,61,13,1,40,0,.213,188,.260,.367,.627,0,1,1.000,3,856,3.33,51.1,2,5,13,19,9,6,19,1.03,205,154,49,0,0,581,.680,0,1,2,0,69,0.49,.286,16.68,28,4.69,10.69,2.28,7.01,3.86,1.05,6,2,0,1,3,5,3,0,8,1.000,0.16,1.41,51.1,49,0,0,0,,,,,,,
656427,Jack Flaherty,4,4,14,13,7,2,2,1,12,10,0,14,2,.269,52,.406,.442,.848,0,0,.---,2,271,4.15,13.0,0,1,0,0,0,0,6,1.85,65,39,4,0,0,160,.590,2,0,0,0,23,1.08,.000,20.85,0,1.20,8.31,6.92,9.69,4.85,0.69,0,0,0,1,0,1,0,2,3,.333,0.25,0.69,13.0,4,0,0,2,,,,,,,
663765,Jake Woodford,18,1,45,36,9,6,0,1,17,9,1,29,1,.234,124,.285,.306,.591,0,1,1.000,9,506,2.04,35.1,4,0,0,0,1,0,8,1.08,137,106,18,0,0,330,.650,1,0,2,0,38,1.25,1.000,14.32,11,1.89,4.33,2.29,7.39,2.29,0.25,8,2,0,0,3,0,2,0,2,1.000,0.11,0.51,35.1,18,0,0,0,,,,,,,
664942,James Naile,7,0,14,8,5,0,0,2,5,2,0,8,0,.229,35,.270,.400,.670,0,1,1.000,1,126,5.00,9.0,0,0,0,0,0,0,5,1.11,37,27,7,0,0,85,.670,0,0,0,0,14,1.75,.---,14.00,4,2.50,5.00,2.00,8.00,5.00,2.00,3,0,0,0,0,2,3,0,5,1.000,0.71,5.00,9.0,7,0,0,0,,,,,,,
668941,JoJo Romero,2,0,4,0,3,0,0,1,1,1,0,4,0,.444,9,.500,.778,1.278,0,0,.---,1,34,13.50,2.0,0,0,0,0,0,0,3,2.50,10,6,2,0,0,19,.560,0,0,0,0,7,4.00,.---,17.00,1,1.00,4.50,4.50,18.00,13.50,4.50,0,0,0,0,0,0,0,0,0,.000,0.00,0.00,2.0,2,0,0,0,0,0,0,.---,-.--,,
663855,Jordan Hicks,32,8,70,35,32,7,1,4,60,34,0,42,7,.205,205,.335,.307,.642,1,5,.833,9,993,4.97,58.0,3,6,0,1,7,1,32,1.31,248,174,32,0,0,587,.590,7,0,5,0,63,2.00,.333,17.12,2,1.76,9.31,5.28,6.52,4.97,0.62,16,4,0,0,2,8,4,0,12,1.000,0.38,1.86,58.0,32,0,0,0,,,,,,,
656756,Jordan Montgomery,21,21,130,109,48,20,0,15,97,23,0,103,7,.236,436,.285,.385,.670,2,5,.714,8,1713,3.69,114.2,3,3,0,0,0,0,47,1.10,469,344,21,0,0,1138,.660,7,0,3,2,168,1.19,.500,14.94,0,4.22,7.61,1.81,8.08,3.77,1.18,0,0,0,2,1,13,4,0,17,1.000,0.81,1.34,114.2,21,1,0,0,,,,,,,
500779,Jose Quintana,7,7,39,30,16,5,1,1,25,12,0,38,0,.290,131,.347,.366,.713,0,0,.---,9,588,3.15,34.1,2,1,0,0,0,0,12,1.46,145,103,7,0,0,372,.630,0,0,0,0,48,1.30,.667,17.13,0,2.08,6.55,3.15,9.96,4.19,0.26,0,0,1,0,1,5,3,0,8,1.000,1.14,2.12,34.1,7,0,0,0,,,,,,,
663457,Lars Nootbaar,5,2,62,62,42,10,3,11,58,39,0,51,1,.224,228,.333,.439,.772,0,4,1.000,2,1083,,,,,,,,,,,,,,,,,,,,,,100,1.00,,,,,,,,,,,,0,0,5,0,0,0,0,.000,0.00,-.--,0.0,5,0,0,0,273,35,83,.244,20.73,,
571945,Miles Mikolas,28,28,207,180,71,26,1,21,127,31,0,147,6,.225,654,.264,.364,.628,1,3,.750,15,2712,3.32,176.1,11,10,0,0,0,0,65,1.01,699,529,28,1,0,1806,.670,6,1,1,0,238,1.15,.524,15.38,0,4.10,6.48,1.58,7.50,3.62,1.07,0,0,1,0,7,13,14,0,27,1.000,0.96,1.38,176.1,28,1,0,0,,,,,,,
571448,Nolan Arenado,14,13,88,191,67,37,1,28,66,44,3,146,6,.300,487,.362,.552,.914,3,4,.571,14,2050,,,,,,,,,,,,,,,,,,,,,,269,0.46,,,,,,,,,,,,0,0,4,0,0,0,0,.000,0.00,-.--,0.0,14,0,0,0,541,90,218,.297,17.39,,
669357,Nolan Gorman,16,11,38,71,44,12,0,14,98,25,0,63,2,.233,270,.303,.433,.736,0,1,1.000,2,1246,,,,,,,,,,,,,,,,,,,,,,117,0.54,,,,,,,,,,,,0,0,0,0,0,0,0,.000,0.00,-.--,0.0,16,0,0,0,297,35,128,.310,19.29,,
657557,Paul DeJong,56,47,30,50,16,8,0,6,62,19,0,26,4,.157,166,.257,.313,.570,2,3,.600,2,783,,,,,,,,,,,,,,,,,,,,,,52,0.60,,,,,,,,,,,,0,0,2,161,61,5,227,.978,3.96,4.61,433.0,56,37,0,2,191,24,76,.200,27.67,,
502671,Paul Goldschmidt,19,19,101,113,99,35,0,35,119,72,1,161,4,.328,491,.416,.613,1.029,0,6,1.000,6,2384,,,,,,,,,,,,,,,,,,,,,,301,0.89,,,,,,,,,,,,2,0,3,0,0,0,0,.000,0.00,-.--,0.0,19,0,0,0,572,109,184,.371,14.03,,
664854,Ryan Helsley,45,0,29,53,8,5,0,4,81,17,1,22,0,.119,185,.193,.211,.404,0,1,1.000,3,816,0.98,55.1,9,1,14,18,6,4,6,0.70,202,166,45,0,0,548,.670,0,0,1,0,39,0.55,.900,14.75,27,4.76,13.17,2.77,3.58,1.30,0.65,21,3,0,0,0,1,5,0,6,1.000,0.13,0.98,55.1,45,1,0,0,,,,,,,
669242,Tommy Edman,2,0,149,132,87,27,4,13,96,40,2,135,5,.265,510,.324,.410,.734,3,26,.897,9,2047,,,,,,,,,,,,,,,,,,,,,,209,1.13,,,,,,,,,,,,0,1,1,0,1,0,1,1.000,0.50,3.00,3.0,2,0,0,0,557,53,173,.303,39.23,,
641933,Tyler O'Neill,1,1,73,83,51,9,1,13,95,33,0,71,4,.225,315,.301,.384,.685,4,11,.733,9,1483,,,,,,,,,,,,,,,,,,,,,,121,0.88,,,,,,,,,,,,0,0,7,0,0,0,0,.000,0.00,-.--,0.0,1,0,0,0,359,57,142,.271,24.23,,
425877,Yadier Molina,1,0,57,82,17,8,0,4,34,5,0,50,1,.224,223,.245,.314,.559,10,14,.583,7,840,18.00,2.0,0,0,0,0,0,0,4,3.00,12,6,2,0,0,27,.680,0,0,14,0,70,0.70,.---,20.00,2,-.--,4.50,0.00,27.00,18.00,9.00,0,0,0,0,0,0,0,0,0,.000,0.00,0.00,1.0,1,0,0,0,229,19,89,.249,55.75,1,3.53
668868,Zack Thompson,15,1,35,21,7,2,0,2,18,10,0,16,0,.178,90,.260,.267,.527,0,0,.---,1,426,2.13,25.1,1,1,1,1,1,0,6,1.03,100,76,15,0,0,277,.650,0,0,1,0,24,1.67,.500,16.82,4,1.80,6.39,3.55,5.68,2.49,0.71,4,3,0,0,0,2,3,0,5,1.000,0.33,1.80,25.1,15,0,0,0,,,,,,,
676265,,11,5,18,46,14,8,0,7,29,13,0,24,2,.205,117,.295,.453,.748,0,2,1.000,0,525,4.06,31.0,0,2,0,0,0,0,14,1.19,132,93,11,0,0,332,.630,2,0,1,0,53,0.39,.000,16.94,6,2.23,8.42,3.77,6.97,4.06,2.03,2,0,0,0,0,1,0,0,1,1.000,0.09,0.29,31.0,11,0,0,0,,,,,,,
605288,Adrian Houser,18,17,107,81,57,18,2,8,65,37,0,90,0,.265,340,.334,.400,.734,2,5,.714,9,1533,4.83,85.2,5,9,0,0,0,0,46,1.48,380,257,18,0,0,932,.610,0,0,1,0,136,1.32,.357,17.89,1,1.76,6.83,3.89,9.46,5.99,0.84,0,0,0,0,3,6,10,0,16,1.000,0.89,1.69,85.2,18,0,0,0,,,,,,,
457705,Andrew McCutchen,67,67,116,130,61,21,0,15,98,44,0,111,3,.246,451,.315,.392,.707,6,8,.571,9,2021,,,,,,,,,,,,,,,,,,,,,,177,0.89,,,,,,,,,,,,0,0,4,0,0,0,0,.000,0.00,-.--,0.0,67,0,0,0,502,60,197,.281,30.07,,
502202,Brad Boxberger,57,0,32,64,18,4,2,5,54,26,1,43,1,.229,188,.321,.351,.672,0,7,1.000,4,909,2.98,51.1,3,3,1,8,26,7,17,1.34,220,154,57,0,0,581,.640,1,0,0,0,66,0.50,.500,17.71,6,2.08,9.47,4.56,7.54,3.16,0.88,26,11,0,2,3,2,2,1,5,.800,0.07,0.71,51.1,57,0,0,0,,,,,,,
605540,Brandon Woodruff,22,22,84,131,50,24,1,15,141,36,0,101,4,.222,455,.284,.378,.662,5,5,.500,4,2048,3.41,121.1,9,4,0,0,0,0,46,1.13,499,364,22,0,0,1356,.660,4,0,2,0,172,0.64,.692,16.88,0,3.92,10.46,2.67,7.49,3.71,1.11,0,0,2,1,1,12,6,0,18,1.000,0.82,1.34,121.1,22,1,0,0,,,,,,,
608718,Brent Suter,45,0,61,55,26,11,1,6,45,20,0,49,2,.234,209,.307,.383,.690,2,3,.600,5,921,3.63,57.0,5,3,0,0,1,0,23,1.21,232,171,45,0,0,575,.620,2,0,0,2,80,1.11,.625,16.16,13,2.25,7.11,3.16,7.74,4.11,0.95,15,7,0,1,0,8,2,1,11,.909,0.22,1.58,57.0,45,0,0,1,,,,,,,
592885,Christian Yelich,31,31,148,80,87,21,4,12,135,74,5,126,4,.259,486,.360,.393,.753,2,16,.889,9,2339,,,,,,,,,,,,,,,,,,,,,,191,1.85,,,,,,,,,,,,0,1,2,0,0,0,0,.000,0.00,-.--,0.0,31,0,0,0,567,48,164,.334,40.50,,
669203,Corbin Burnes,28,28,149,141,63,23,4,20,214,46,0,122,12,.196,624,.263,.341,.604,4,5,.556,10,2822,2.93,172.0,10,6,0,0,0,0,56,0.98,684,516,28,0,0,1783,.630,12,0,10,1,213,1.06,.625,16.41,0,4.65,11.20,2.41,6.38,3.30,1.05,0,0,0,0,2,14,25,2,41,.951,1.39,2.04,172.0,28,3,0,2,,,,,,,
642207,Devin Williams,58,0,42,32,13,4,0,2,80,25,0,26,2,.145,179,.256,.201,.457,2,4,.667,3,931,1.69,53.1,6,3,11,12,25,1,10,0.96,207,160,58,0,0,588,.630,2,0,4,1,36,1.31,.667,17.46,17,3.20,13.50,4.22,4.39,2.19,0.34,10,2,0,0,1,4,3,0,7,1.000,0.12,1.19,53.1,58,0,0,0,,,,,,,
641778,Eric Lauer,26,26,107,175,69,20,3,27,138,52,0,129,2,.237,545,.303,.433,.736,3,6,.667,7,2442,3.91,145.0,10,7,0,0,0,0,63,1.25,606,435,26,0,0,1576,.650,2,2,4,2,236,0.61,.588,16.84,0,2.65,8.57,3.23,8.01,4.28,1.68,0,0,3,0,4,10,9,0,19,1.000,0.73,1.18,145.0,26,0,0,0,,,,,,,
642547,Freddy Peralta,15,15,59,76,27,10,2,5,76,25,0,47,3,.184,255,.263,.298,.561,3,4,.571,0,1220,3.45,70.1,4,3,0,0,0,0,27,1.02,286,211,15,0,0,747,.610,3,0,1,0,76,0.78,.571,17.35,0,3.04,9.73,3.20,6.01,3.45,0.64,0,0,0,1,2,8,4,0,12,1.000,0.80,1.54,70.1,15,0,0,0,,,,,,,
669003,Garrett Mitchell,12,8,3,5,4,1,0,1,14,3,0,4,0,.154,26,.241,.308,.549,0,3,1.000,0,123,,,,,,,,,,,,,,,,,,,,,,8,0.60,,,,,,,,,,,,0,0,0,0,17,0,17,1.000,1.42,2.07,74.1,12,0,0,0,29,6,12,.273,26.00,,
571948,Hoby Milner,58,0,62,46,25,12,0,4,55,13,0,52,6,.248,210,.306,.362,.668,0,1,1.000,5,931,3.70,56.0,3,2,0,1,9,1,23,1.16,234,168,58,0,0,585,.630,6,0,1,1,76,1.35,.600,16.63,9,4.23,8.84,2.09,8.36,4.02,0.64,32,4,0,2,3,10,4,0,14,1.000,0.24,2.25,56.0,58,1,0,0,,,,,,,
592669,Hunter Renfroe,7,7,80,113,49,18,1,25,99,33,1,99,4,.256,387,.319,.501,.820,1,1,.500,9,1679,,,,,,,,,,,,,,,,,,,,,,194,0.71,,,,,,,,,,,,0,1,3,0,0,0,0,.000,0.00,-.--,0.0,7,0,0,0,428,62,172,.278,15.48,,
607054,Jace Peterson,12,9,65,50,38,13,2,8,72,25,2,63,2,.257,245,.327,.424,.751,1,11,.917,8,1192,0.00,1.0,0,0,0,0,0,0,0,0.00,3,3,1,0,0,5,.630,0,0,0,0,104,1.30,.---,8.00,1,-.--,0.00,0.00,0.00,0.00,0.00,0,0,0,2,3,1,20,0,21,1.000,1.75,2.42,78.0,12,0,0,0,277,32,112,.327,30.62,,
669920,Jason Alexander,16,9,87,53,39,12,2,8,37,26,0,73,3,.300,243,.366,.465,.831,3,3,.500,9,993,5.03,62.2,2,2,0,0,0,0,35,1.58,279,188,16,0,0,614,.620,3,0,1,0,113,1.64,.500,15.85,3,1.42,5.31,3.73,10.48,5.60,1.15,3,1,0,0,7,13,2,1,16,.938,0.94,2.18,62.2,16,2,0,1,,,,,,,
623437,Justin Topa,,,,,,,,,,,,,,,,,,,,,,,,,,,,,,,,,,,,,,,,,,,,,,,,,,,,,,,,,,,,,,,,,,,,,,,,,,,,,,,
669374,Keston Hiura,22,20,27,31,31,4,1,14,95,20,0,48,7,.240,200,.329,.480,.809,1,5,.833,1,972,,,,,,,,,,,,,,,,,,,,,,96,0.87,,,,,,,,,,,,0,0,1,0,0,0,0,.000,0.00,-.--,0.0,22,0,0,0,228,30,90,.370,14.29,,
543939,Kolten Wong,1,0,105,102,56,21,4,11,74,36,1,90,13,.247,364,.333,.418,.751,4,14,.778,5,1735,,,,,,,,,,,,,,,,,,,,,,152,1.03,,,,,,,,,,,,0,2,5,0,0,0,0,.000,0.00,-.--,0.0,1,0,0,0,420,37,136,.278,33.09,,
606131,Luis Perdomo,10,0,28,9,6,1,0,2,5,2,0,16,0,.276,58,.300,.397,.697,0,1,1.000,4,178,3.68,14.2,1,0,0,0,1,0,6,1.23,60,44,10,0,0,121,.680,0,0,0,0,23,3.11,1.000,12.14,3,2.50,3.07,1.23,9.82,3.68,1.23,5,2,0,0,0,2,2,1,5,.800,0.40,2.57,14.2,10,0,0,1,,,,,,,
649966,Luis Urias,23,21,79,112,47,12,1,15,90,48,0,79,9,.223,355,.326,.389,.715,2,1,.333,6,1768,,,,,,,,,,,,,,,,,,,,,,138,0.71,,,,,,,,,,,,0,0,5,52,33,3,88,.966,3.70,4.01,191.2,23,10,0,2,417,43,153,.251,23.67,,
456713,Matt Bush,16,0,12,12,10,1,0,4,21,5,2,11,1,.200,55,.274,.436,.710,0,0,.---,1,238,4.11,15.1,0,1,2,6,5,4,7,1.04,62,46,16,0,0,160,.670,1,0,1,0,24,1.00,.000,15.52,3,4.20,12.33,2.93,6.46,5.87,2.35,2,0,0,0,1,1,0,0,1,1.000,0.06,0.60,15.1,16,0,0,0,,,,,,,
670712,Mike Brosseau,1,0,22,28,12,4,0,5,40,13,0,31,3,.256,121,.343,.413,.756,0,2,1.000,0,571,0.00,3.0,0,0,0,0,0,0,0,1.00,13,9,3,0,0,24,.550,0,0,0,0,50,0.79,.---,14.67,3,0.00,0.00,3.00,6.00,0.00,0.00,1,0,0,0,0,0,0,0,0,.000,0.00,-.--,0.0,1,0,0,0,137,19,48,.342,24.20,,
553882,Omar Narvaez,1,1,52,72,19,11,1,4,49,26,1,48,3,.218,220,.308,.332,.640,9,31,.775,3,1017,,,,,,,,,,,,,,,,,,,,21,0,73,0.72,,,,,,,,,,,,3,0,1,0,0,0,0,.000,0.00,-.--,0.0,1,0,0,0,250,21,89,.262,55.00,4,3.85
657265,Peter Strzelecki,19,0,13,29,10,7,0,1,29,10,2,21,1,.241,87,.317,.356,.673,0,1,1.000,1,422,3.00,24.0,2,1,0,2,2,2,8,1.29,103,72,19,0,0,274,.650,1,0,0,0,31,0.45,.667,17.58,9,2.90,10.88,3.75,7.88,3.75,0.38,3,1,0,2,3,4,1,0,5,1.000,0.26,1.88,24.0,19,1,0,0,,,,,,,
642133,Rowdy Tellez,8,8,122,126,54,22,0,28,103,54,9,102,5,.226,452,.314,.460,.774,1,2,.667,18,2061,,,,,,,,,,,,,,,,,,,,,,208,0.97,,,,,,,,,,,,0,0,1,0,0,0,0,.000,0.00,-.--,0.0,8,0,0,0,512,76,181,.230,16.14,,
573124,Taylor Rogers,15,0,0,0,0,0,0,0,0,0,0,0,0,.000,0,.000,.000,.000,0,0,.---,0,0,5.65,14.1,2,2,3,4,2,1,9,1.26,62,43,15,0,0,169,.670,1,0,1,0,0,-.--,.500,17.51,4,4.60,14.44,3.14,8.16,6.91,2.51,3,0,0,0,0,2,2,0,4,1.000,0.27,2.57,14.1,15,0,0,0,0,0,0,.---,-.--,,
621438,Tyrone Taylor,1,0,74,87,39,16,2,15,90,19,0,71,5,.222,320,.275,.425,.700,1,3,.750,10,1318,,,,,,,,,,,,,,,,,,,,,,136,0.85,,,,,,,,,,,,0,0,2,0,0,0,0,.000,0.00,-.--,0.0,1,0,0,0,346,44,137,.258,21.33,,
605170,Victor Caratini,1,1,76,52,23,8,0,9,56,27,1,47,9,.204,230,.311,.357,.668,14,30,.682,10,1063,27.00,1.0,0,0,0,0,0,0,3,3.00,7,3,1,0,0,7,.500,1,0,21,0,82,1.46,.---,14.00,1,0.00,0.00,9.00,18.00,27.00,0.00,0,0,2,0,1,0,0,0,0,.000,0.00,-.--,0.0,1,0,0,0,267,30,99,.229,25.56,5,3.98
642715,Willy Adames,2,2,91,139,71,24,0,26,135,39,0,107,1,.229,468,.287,.447,.734,2,5,.714,10,2032,,,,,,,,,,,,,,,,,,,,,,209,0.65,,,,,,,,,,,,0,0,4,0,0,0,0,.000,0.00,-.--,0.0,2,0,0,0,512,79,212,.260,18.00,,
676265,,11,5,18,46,14,8,0,7,29,13,0,24,2,.205,117,.295,.453,.748,0,2,1.000,0,525,4.06,31.0,0,2,0,0,0,0,14,1.19,132,93,11,0,0,332,.630,2,0,1,0,53,0.39,.000,16.94,6,2.23,8.42,3.77,6.97,4.06,2.03,2,0,0,0,0,1,0,0,1,1.000,0.09,0.29,31.0,11,0,0,0,,,,,,,
592716,Adrian Sampson,16,14,77,89,35,17,1,8,55,19,0,80,1,.266,301,.312,.409,.721,1,3,.750,9,1285,3.76,76.2,1,5,0,0,0,0,32,1.29,321,230,16,0,0,808,.630,1,1,0,0,123,0.87,.167,16.76,2,2.89,6.46,2.23,9.39,4.11,0.94,1,0,0,0,0,10,4,0,14,1.000,0.88,1.66,76.2,16,0,0,0,,,,,,,
663845,Alfonso Rivas,2,0,46,34,22,5,1,3,71,24,1,48,2,.244,197,.329,.325,.654,1,4,.800,1,936,,,,,,,,,,,,,,,,,,,,,,64,1.35,,,,,,,,,,,,0,0,2,0,0,0,0,.000,0.00,-.--,0.0,2,0,0,0,225,24,78,.360,65.67,,
676714,Brandon Hughes,45,0,0,0,0,0,0,0,0,0,0,0,0,.000,0,.000,.000,.000,0,0,.---,0,0,3.26,47.0,2,2,3,7,4,4,17,1.04,195,141,45,0,0,515,.640,6,0,3,0,0,-.--,.500,17.11,8,3.75,11.49,3.06,6.32,3.64,1.72,18,5,0,0,0,1,3,0,4,1.000,0.09,0.77,47.0,45,0,0,0,0,0,0,.---,-.--,,
666624,Christopher Morel,2,0,80,56,49,16,4,13,111,29,0,80,2,.248,323,.312,.443,.755,6,9,.600,5,1379,,,,,,,,,,,,,,,,,,,,,,143,1.43,,,,,,,,,,,,0,2,2,0,0,0,0,.000,0.00,-.--,0.0,2,0,0,0,358,38,135,.333,24.85,,
623520,David Bote,1,1,7,8,9,3,0,1,28,3,0,14,2,.246,57,.306,.351,.657,0,1,1.000,0,260,,,,,,,,,,,,,,,,,,,,,,20,0.88,,,,,,,,,,,,0,0,0,0,0,0,0,.000,0.00,-.--,0.0,1,0,0,0,62,3,29,.464,57.00,,
592767,Drew Smyly,19,19,87,106,42,21,1,15,76,23,0,92,4,.256,360,.307,.444,.751,1,9,.900,5,1571,3.84,91.1,5,8,0,0,0,0,39,1.26,388,274,19,0,0,1050,.670,4,0,3,1,160,0.82,.385,17.20,0,3.30,7.49,2.27,9.07,4.14,1.48,0,0,0,0,1,8,2,0,10,1.000,0.53,0.99,91.1,19,0,0,0,,,,,,,
657272,Erich Uelmen,17,0,22,19,13,5,0,3,14,8,0,20,5,.270,74,.375,.459,.834,0,1,1.000,2,338,5.79,18.2,2,1,0,1,3,1,12,1.50,88,56,17,0,0,195,.580,5,0,1,0,34,1.16,.667,18.11,5,1.75,6.75,3.86,9.64,6.27,1.45,13,5,0,0,1,0,1,1,2,.500,0.06,0.50,18.2,17,0,0,1,,,,,,,
614177,Franmil Reyes,12,10,53,52,24,9,0,9,104,14,0,56,1,.213,263,.254,.350,.604,0,2,1.000,8,1110,0.00,1.0,0,0,0,0,0,0,0,0.00,3,3,1,0,0,6,.600,1,0,0,0,92,1.02,.---,10.00,1,-.--,9.00,0.00,0.00,0.00,0.00,1,1,0,0,2,1,18,0,19,1.000,1.58,2.11,81.0,12,0,0,0,280,28,122,.309,29.22,,
664023,Ian Happ,10,9,129,100,63,36,2,16,130,50,3,133,6,.272,489,.345,.452,.797,4,7,.636,10,2201,,,,,,,,,,,,,,,,,,,,,,221,1.29,,,,,,,,,,,,0,0,3,0,0,0,0,.000,0.00,-.--,0.0,10,0,0,0,548,64,228,.338,30.56,,
665871,Javier Assad,4,3,19,14,5,3,0,2,12,7,0,15,0,.250,60,.328,.400,.728,1,1,.500,0,275,2.93,15.1,0,1,0,0,0,0,5,1.43,67,46,4,0,0,166,.600,0,0,1,0,24,1.36,.000,17.93,0,1.71,7.04,4.11,8.80,2.93,1.17,0,0,0,0,0,2,2,0,4,1.000,1.00,2.40,15.1,4,0,0,0,,,,,,,
669093,Jeremiah Estrada,3,0,2,3,2,1,1,1,3,2,0,3,0,.300,10,.385,.900,1.285,0,1,1.000,0,56,6.75,2.2,0,0,0,0,0,0,2,1.88,13,8,3,0,0,34,.610,0,0,0,0,9,0.67,.---,21.00,2,1.50,10.13,6.75,10.13,6.75,3.38,3,3,0,0,1,0,1,0,1,1.000,0.33,4.50,2.2,3,0,0,0,,,,,,,
655889,Manuel Rodriguez,5,0,9,5,3,1,0,0,3,2,0,5,0,.227,22,.292,.273,.565,0,0,.---,1,72,3.00,6.0,1,0,1,2,1,1,2,1.17,24,18,5,0,0,48,.670,0,0,1,0,6,1.80,1.000,12.00,2,1.50,4.50,3.00,7.50,4.50,0.00,2,0,0,0,0,0,0,0,0,.000,0.00,0.00,6.0,5,0,0,0,,,,,,,
573186,Marcus Stroman,20,20,136,93,52,19,1,12,90,29,0,98,1,.237,413,.287,.375,.662,3,7,.700,5,1742,3.73,108.2,3,6,0,0,0,0,45,1.17,447,326,20,0,0,1123,.640,1,1,1,0,155,1.46,.333,16.03,0,3.10,7.45,2.40,8.12,4.31,0.99,0,0,0,1,3,16,8,0,24,1.000,1.20,2.00,108.2,20,2,0,0,,,,,,,
643410,Leiter Jr.,28,4,63,46,30,6,2,10,61,22,2,47,5,.219,215,.303,.405,.708,2,4,.667,5,951,4.34,58.0,2,7,1,4,3,3,28,1.19,244,174,28,0,0,591,.620,5,0,3,0,87,1.37,.222,16.40,9,2.77,9.47,3.41,7.29,4.66,1.55,10,5,0,0,2,8,2,0,10,1.000,0.36,1.55,58.0,28,1,0,0,,,,,,,
641684,Michael Hermosillo,2,0,6,6,2,1,0,0,14,4,0,2,3,.071,28,.257,.107,.364,0,0,.---,0,150,,,,,,,,,,,,,,,,,,,,,,3,1.00,,,,,,,,,,,,0,0,0,0,0,0,0,.000,0.00,0.00,5.0,2,0,0,0,35,2,14,.143,-.--,,
621074,Michael Rucker,32,0,46,47,22,6,1,6,38,15,0,41,0,.241,170,.299,.394,.693,0,0,.---,3,746,4.26,44.1,3,1,0,0,4,0,21,1.26,187,133,32,0,0,473,.630,0,0,4,0,67,0.98,.750,16.83,9,2.53,7.71,3.05,8.32,4.47,1.22,21,5,0,0,2,6,3,0,9,1.000,0.28,1.84,44.1,32,1,0,0,,,,,,,
676369,Nelson Velazquez,6,2,33,35,18,5,1,6,49,15,0,30,1,.204,147,.282,.374,.656,1,4,.800,5,632,,,,,,,,,,,,,,,,,,,,,,55,0.94,,,,,,,,,,,,0,0,0,0,0,0,0,.000,0.00,-.--,0.0,6,0,0,0,163,19,69,.261,24.50,,
663611,Nick Madrigal,58,52,89,41,19,7,0,0,27,14,0,52,3,.251,207,.308,.285,.593,1,3,.750,6,863,,,,,,,,,,,,,,,,,,,,,,59,2.17,,,,,,,,,,,,0,2,0,144,106,1,251,.996,4.31,4.65,484.1,58,46,0,1,226,7,75,.289,-.--,,
663538,Nico Hoerner,121,116,131,130,48,20,5,8,51,26,3,124,6,.285,435,.333,.409,.742,2,17,.895,10,1661,,,,,,,,,,,,,,,,,,,,,,178,1.01,,,,,,,,,,,,0,0,1,329,112,11,452,.976,3.64,3.90,1018.2,121,54,0,7,468,47,157,.308,54.38,,
664731,P.J. Higgins,1,0,37,41,18,7,1,6,48,14,0,36,2,.228,158,.297,.399,.696,2,11,.846,1,702,,,,,,,,,,,,,,,,,,,,11,1,63,0.90,,,,,,,,,,,,0,3,1,0,0,0,0,.000,0.00,-.--,0.0,1,0,0,0,178,24,66,.286,26.33,2,5.81
542364,Rafael Ortega,21,18,69,101,33,14,1,6,73,44,2,70,2,.230,305,.324,.341,.665,7,11,.611,9,1474,,,,,,,,,,,,,,,,,,,,,,104,0.68,,,,,,,,,,,,1,1,7,0,0,0,0,.000,0.00,-.--,0.0,21,0,0,0,360,32,137,.275,50.83,,
592858,Rowan Wick,56,0,56,49,35,11,2,8,58,27,2,71,1,.310,229,.379,.480,.859,1,3,.750,7,1019,4.45,56.2,4,7,9,14,4,5,28,1.73,262,170,56,0,0,660,.650,1,0,3,0,110,1.14,.364,17.98,17,2.15,9.21,4.29,11.28,5.56,1.27,16,5,0,1,4,6,4,1,11,.909,0.18,1.61,56.2,56,0,0,1,,,,,,,
656794,Sean Newcomb,3,0,4,7,4,2,0,1,4,4,0,7,0,.318,22,.423,.545,.968,0,3,1.000,0,97,7.20,5.0,0,0,0,0,0,0,4,2.20,26,15,3,0,0,58,.600,0,0,1,0,12,0.57,.---,19.40,0,1.00,7.20,7.20,12.60,7.20,1.80,4,4,0,0,0,1,1,0,2,1.000,0.67,3.60,5.0,3,0,0,0,,,,,,,
673548,Seiya Suzuki,1,1,72,93,46,22,1,12,95,37,3,92,3,.264,349,.337,.436,.773,4,8,.667,8,1630,,,,,,,,,,,,,,,,,,,,,,152,0.77,,,,,,,,,,,,0,0,3,0,0,0,0,.000,0.00,-.--,0.0,1,0,0,0,392,44,137,.327,29.08,,
489119,Wade Miley,5,5,29,21,9,2,1,1,18,10,0,17,1,.200,85,.292,.282,.574,0,0,.---,2,340,3.13,23.0,1,0,0,0,0,0,8,1.17,96,69,5,0,0,211,.620,1,0,0,0,24,1.38,1.000,14.78,0,1.80,7.04,3.91,6.65,3.52,0.39,0,0,0,0,0,1,0,0,1,1.000,0.20,0.39,23.0,5,0,0,0,,,,,,,
543228,Yan Gomes,9,9,77,67,19,8,0,6,34,7,0,53,2,.233,227,.259,.348,.607,13,27,.675,13,804,,,,,,,,,,,,,,,,,,,,15,0,79,1.15,,,,,,,,,,,,2,1,3,0,0,0,0,.000,0.00,-.--,0.0,9,0,0,0,240,20,114,.247,37.83,1,4.06
656716,Zach McKinstry,2,1,3,3,4,0,0,1,4,3,0,1,0,.091,11,.286,.364,.650,0,0,.---,0,68,,,,,,,,,,,,,,,,,,,,,,4,1.00,,,,,,,,,,,,0,0,0,0,0,0,0,.000,0.00,-.--,0.0,2,0,0,0,14,2,6,.000,11.00,,
676265,,11,5,18,46,14,8,0,7,29,13,0,24,2,.205,117,.295,.453,.748,0,2,1.000,0,525,4.06,31.0,0,2,0,0,0,0,14,1.19,132,93,11,0,0,332,.630,2,0,1,0,53,0.39,.000,16.94,6,2.23,8.42,3.77,6.97,4.06,2.03,2,0,0,0,0,1,0,0,1,1.000,0.09,0.29,31.0,11,0,0,0,,,,,,,
546991,Almora Jr.,1,1,72,51,26,10,1,5,46,17,0,48,1,.223,215,.282,.349,.631,2,3,.600,9,846,,,,,,,,,,,,,,,,,,,,,,75,1.41,,,,,,,,,,,,0,1,1,0,0,0,0,.000,0.00,-.--,0.0,1,0,0,0,235,29,112,.261,43.00,,
664670,Alejo Lopez,5,4,26,27,11,4,1,0,13,7,1,29,2,.305,95,.365,.368,.733,1,3,.750,1,375,5.40,1.2,0,0,0,0,0,0,1,0.60,6,5,2,0,0,10,.830,0,0,0,0,35,0.96,.---,7.20,2,-.--,0.00,0.00,5.40,5.40,5.40,1,0,0,0,0,0,0,0,0,.000,0.00,-.--,0.0,5,0,0,0,104,5,38,.354,-.--,,
664747,Alexis Diaz,51,0,30,61,15,3,0,5,73,26,1,25,3,.134,187,.248,.230,.478,0,5,1.000,1,935,1.83,54.0,6,2,6,10,13,4,11,0.94,218,162,51,0,0,587,.630,3,0,7,0,43,0.49,.750,17.31,13,2.81,12.17,4.33,4.17,2.50,0.83,23,4,0,0,2,3,2,1,6,.833,0.10,0.83,54.0,51,0,0,1,,,,,,,
606157,Aristides Aquino,1,0,33,39,19,6,0,7,76,10,0,36,0,.196,184,.237,.342,.579,2,2,.500,0,786,,,,,,,,,,,,,,,,,,,,,,63,0.85,,,,,,,,,,,,0,0,0,0,0,0,0,.000,0.00,-.--,0.0,1,0,0,0,194,25,95,.287,26.29,,
605521,Art Warren,39,0,27,37,29,3,2,6,40,22,1,37,2,.264,140,.370,.443,.813,1,9,.900,4,655,6.50,36.0,2,3,3,6,4,3,26,1.64,165,108,39,0,0,405,.620,2,0,0,0,62,0.73,.400,18.19,15,1.82,10.00,5.50,9.25,7.25,1.50,20,10,0,0,1,2,1,0,3,1.000,0.08,0.75,36.0,39,0,0,0,,,,,,,
519222,Austin Romine,1,0,9,6,2,1,0,0,7,2,0,4,0,.154,26,.214,.192,.406,0,7,1.000,0,115,,,,,,,,,,,,,,,,,,,,3,0,5,1.50,,,,,,,,,,,,0,0,0,0,0,0,0,.000,0.00,-.--,0.0,1,0,0,0,28,0,16,.211,-.--,0,4.29
571656,Buck Farmer,34,0,30,34,16,7,0,2,42,19,0,31,1,.230,135,.327,.326,.653,2,2,.500,0,667,3.72,36.1,1,1,1,2,3,1,15,1.38,157,109,34,0,0,414,.620,1,0,4,1,44,0.88,.500,18.36,8,2.21,10.40,4.71,7.68,3.96,0.50,24,9,0,1,1,4,4,1,9,.889,0.24,2.00,36.1,34,0,0,0,,,,,,,
502624,Chase Anderson,3,2,5,2,8,1,0,2,6,6,0,5,0,.294,17,.458,.706,1.164,1,2,.667,1,111,12.60,5.0,0,2,0,0,0,0,7,2.20,24,15,3,0,0,59,.530,0,0,0,0,12,2.50,.000,22.20,1,1.00,10.80,10.80,9.00,14.40,3.60,0,0,0,0,1,0,0,0,0,.000,0.00,0.00,5.0,3,0,0,0,,,,,,,
642020,Chuckie Robinson,10,8,10,4,2,0,0,1,9,0,0,3,0,.115,26,.115,.231,.346,2,4,.667,1,107,,,,,,,,,,,,,,,,,,,,0,0,6,2.50,,,,,,,,,,,,0,0,0,4,61,0,65,1.000,6.50,8.60,68.0,10,0,0,0,26,3,10,.125,26.00,1,3.84
571882,Derek Law,2,0,3,2,5,0,0,1,2,1,0,4,1,.444,9,.462,.778,1.240,0,1,1.000,0,55,4.50,2.0,0,1,0,1,0,1,1,2.50,13,6,2,0,0,34,.620,1,0,1,0,7,1.50,.000,27.50,1,2.00,9.00,4.50,18.00,22.50,4.50,0,0,0,0,2,0,0,1,1,.000,0.00,0.00,2.0,2,0,0,0,,,,,,,
456781,Donovan Solano,25,23,58,46,20,12,0,3,46,15,1,64,4,.302,212,.356,.401,.757,0,0,.---,4,911,,,,,,,,,,,,,,,,,,,,,,85,1.26,,,,,,,,,,,,0,0,2,0,0,0,0,.000,0.00,-.--,0.0,25,0,0,0,233,22,95,.370,70.67,,
518585,Fernando Cruz,3,0,0,3,1,1,0,0,4,4,0,2,0,.222,9,.462,.333,.795,0,1,1.000,0,53,3.86,2.1,0,0,0,0,0,0,1,2.57,13,7,3,0,0,28,.530,0,0,1,0,3,0.00,.---,22.71,0,1.00,15.43,15.43,7.71,3.86,0.00,2,2,0,0,0,0,0,0,0,.000,0.00,0.00,2.1,3,0,0,0,,,,,,,
519326,Hunter Strickland,56,0,33,73,34,14,1,7,47,31,1,52,7,.257,202,.370,.441,.811,0,10,1.000,5,943,5.33,52.1,3,3,7,11,4,4,31,1.59,243,157,56,0,0,584,.620,7,0,1,0,89,0.45,.500,18.02,25,1.52,8.08,5.33,8.94,5.85,1.20,14,4,0,0,3,4,2,0,6,1.000,0.11,1.04,52.1,56,0,0,0,,,,,,,
664139,Ian Gibaut,1,0,1,3,0,0,0,0,0,0,0,1,1,.200,5,.333,.200,.533,0,0,.---,0,28,0.00,1.1,0,0,0,0,0,0,0,0.75,6,4,1,0,0,19,.680,1,0,0,0,1,0.33,.---,21.00,0,-.--,0.00,0.00,6.75,0.00,0.00,0,0,0,0,0,0,0,0,0,.000,0.00,0.00,1.1,1,0,0,0,,,,,,,
641584,Jake Fraley,7,7,40,38,27,7,0,9,34,20,1,37,1,.250,148,.341,.480,.821,1,3,.750,0,698,,,,,,,,,,,,,,,,,,,,,,71,1.05,,,,,,,,,,,,0,0,1,0,0,0,0,.000,0.00,-.--,0.0,7,0,0,0,170,22,47,.264,16.44,,
669270,Joel Kuhnel,43,0,0,0,0,0,0,0,0,0,0,0,0,.000,0,.000,.000,.000,0,0,.---,0,0,5.55,47.0,2,3,1,3,4,2,29,1.32,202,141,43,0,0,485,.670,5,0,0,0,0,-.--,.400,15.38,11,4.27,9.00,2.11,9.77,5.55,0.96,11,4,0,0,0,3,6,1,10,.900,0.21,1.72,47.0,43,0,0,1,0,0,0,.---,-.--,,
663697,Jonathan India,9,9,63,87,41,14,1,9,73,21,1,81,11,.266,304,.336,.408,.744,4,2,.333,5,1340,,,,,,,,,,,,,,,,,,,,,,124,0.72,,,,,,,,,,,,0,0,0,0,0,0,0,.000,0.00,-.--,0.0,9,0,0,0,336,33,88,.324,33.78,,
676480,Jose Barrero,30,29,17,26,8,1,0,2,49,5,0,16,0,.148,108,.186,.213,.399,1,2,.667,2,418,,,,,,,,,,,,,,,,,,,,,,23,0.65,,,,,,,,,,,,0,0,0,71,32,4,107,.963,3.43,3.62,256.2,30,13,0,3,113,8,68,.246,54.00,,
643290,Justin Dunn,6,6,19,38,15,7,0,9,20,14,0,26,2,.257,101,.356,.594,.950,2,5,.714,3,465,4.82,28.0,1,2,0,0,0,0,15,1.43,119,84,6,0,0,281,.600,2,0,0,0,60,0.50,.333,16.61,0,1.43,6.43,4.50,8.36,4.82,2.89,0,0,0,1,1,3,1,0,4,1.000,0.67,1.29,28.0,6,0,0,0,,,,,,,
571657,Kyle Farmer,4,4,123,119,52,22,1,10,81,28,0,114,14,.265,431,.327,.390,.717,3,4,.571,16,1764,,,,,,,,,,,,,,,,,,,,,,168,1.03,,,,,,,,,,,,0,2,4,0,0,0,0,.000,0.00,-.--,0.0,4,0,0,0,479,63,164,.302,43.10,,
570666,Luis Cessa,41,5,61,46,32,6,2,10,44,18,0,54,2,.266,203,.329,.463,.792,1,5,.833,7,830,4.97,54.1,3,2,0,1,5,1,30,1.33,225,163,41,0,0,530,.640,2,0,2,0,94,1.33,.600,15.28,1,2.44,7.29,2.98,8.94,5.30,1.66,19,8,0,0,2,8,6,1,15,.933,0.34,2.33,54.1,41,2,0,0,,,,,,,
501985,Mike Minor,17,17,75,118,61,24,0,20,70,32,4,108,7,.293,368,.359,.522,.881,0,14,1.000,7,1560,5.70,90.0,4,10,0,0,0,0,57,1.56,410,270,17,0,0,998,.640,7,0,1,0,192,0.64,.286,17.33,0,2.19,7.00,3.20,10.80,6.10,2.00,0,0,0,0,3,5,4,0,9,1.000,0.53,0.90,90.0,17,1,0,0,,,,,,,
666157,Nick Lodolo,14,14,50,67,34,13,1,8,91,30,0,70,13,.252,278,.352,.392,.744,2,6,.750,3,1284,3.95,73.0,3,5,0,0,0,0,32,1.37,321,219,14,0,0,807,.630,13,0,6,0,109,0.75,.375,17.59,0,3.03,11.22,3.70,8.63,4.19,0.99,0,0,0,0,0,8,1,0,9,1.000,0.64,1.11,73.0,14,0,0,0,,,,,,,
669222,Nick Senzel,4,4,89,98,42,12,0,4,70,27,0,80,5,.240,334,.305,.311,.616,4,8,.667,6,1321,,,,,,,,,,,,,,,,,,,,,,104,0.91,,,,,,,,,,,,9,2,1,0,0,0,0,.000,0.00,-.--,0.0,4,0,0,0,378,24,120,.291,83.50,,
665665,Reiver Sanmartin,35,4,1,0,0,0,0,0,1,0,0,0,0,.000,2,.000,.000,.000,0,0,.---,0,7,7.04,46.0,4,4,0,0,6,0,36,1.78,212,138,35,0,0,530,.620,0,2,2,0,0,1.00,.500,18.67,3,1.64,7.04,4.30,11.74,7.63,1.37,22,8,0,0,0,2,3,0,5,1.000,0.14,0.98,46.0,35,0,0,0,2,0,0,.000,-.--,,
668715,Spencer Steer,1,1,4,6,3,2,0,1,5,5,0,4,0,.211,19,.375,.474,.849,0,0,.---,1,95,,,,,,,,,,,,,,,,,,,,,,9,0.67,,,,,,,,,,,,0,0,0,0,0,0,0,.000,0.00,-.--,0.0,1,0,0,0,24,3,7,.231,19.00,,
656413,Stuart Fairchild,4,2,2,3,1,0,0,0,3,0,0,0,0,.000,8,.000,.000,.000,0,0,.---,0,31,,,,,,,,,,,,,,,,,,,,,,0,0.67,,,,,,,,,,,,0,0,0,0,6,0,6,1.000,1.50,3.18,17.0,4,0,0,0,8,0,8,.000,-.--,,
670770,TJ Friedl,1,0,36,53,25,6,5,5,25,9,0,41,5,.272,151,.325,.477,.802,0,6,1.000,3,640,,,,,,,,,,,,,,,,,,,,,,72,0.68,,,,,,,,,,,,0,0,4,0,0,0,0,.000,0.00,-.--,0.0,1,0,0,0,169,19,49,.288,30.20,,
676265,,11,5,18,46,14,8,0,7,29,13,0,24,2,.205,117,.295,.453,.748,0,2,1.000,0,525,4.06,31.0,0,2,0,0,0,0,14,1.19,132,93,11,0,0,332,.630,2,0,1,0,53,0.39,.000,16.94,6,2.23,8.42,3.77,6.97,4.06,2.03,2,0,0,0,0,1,0,0,1,1.000,0.09,0.29,31.0,11,0,0,0,,,,,,,
592325,Ben Gamel,16,16,81,82,37,18,2,7,85,38,1,76,3,.235,323,.321,.368,.689,1,5,.833,3,1469,,,,,,,,,,,,,,,,,,,,,,119,0.99,,,,,,,,,,,,0,0,1,0,0,0,0,.000,0.00,-.--,0.0,16,0,0,0,365,40,116,.297,46.14,,
668804,Bryan Reynolds,13,13,114,103,59,14,4,21,116,47,4,113,8,.255,444,.335,.446,.781,3,6,.667,10,1880,,,,,,,,,,,,,,,,,,,,,,198,1.11,,,,,,,,,,,,0,0,2,0,0,0,0,.000,0.00,-.--,0.0,13,0,0,0,501,49,161,.298,21.14,,
669060,Bryse Wilson,20,16,105,94,68,24,1,17,58,22,1,110,6,.306,360,.350,.519,.869,2,6,.750,11,1426,6.11,88.1,2,8,0,0,0,0,60,1.49,396,265,20,0,0,925,.650,6,0,1,0,187,1.12,.200,16.14,0,2.64,5.91,2.24,11.21,6.93,1.73,4,3,1,1,6,3,4,0,7,1.000,0.35,0.72,88.1,20,0,0,0,,,,,,,
668751,Cal Mitchell,6,6,48,35,13,6,0,4,40,9,0,32,0,.209,153,.252,.327,.579,0,1,1.000,3,594,,,,,,,,,,,,,,,,,,,,,,50,1.37,,,,,,,,,,,,0,1,1,0,0,0,0,.000,0.00,-.--,0.0,6,0,0,0,164,13,64,.255,38.25,,
608328,De Jong,32,0,44,75,14,8,0,6,47,23,1,34,3,.172,198,.267,.303,.570,1,2,.667,6,918,1.86,58.0,4,1,1,2,2,1,12,0.98,227,174,32,0,0,569,.620,3,0,4,0,60,0.59,.800,15.83,12,2.04,7.29,3.57,5.28,2.17,0.93,19,4,1,1,1,4,2,1,7,.857,0.19,0.93,58.0,32,0,0,1,,,,,,,
621249,Underwood Jr.,39,1,48,42,28,11,0,1,43,21,1,49,4,.271,181,.357,.348,.705,2,1,.333,3,794,4.70,46.0,1,6,0,1,9,1,24,1.52,207,138,39,0,0,495,.620,4,0,4,0,63,1.14,.143,17.26,6,2.05,8.41,4.11,9.59,5.48,0.20,14,2,0,0,1,3,3,0,6,1.000,0.15,1.17,46.0,39,1,0,0,,,,,,,
656185,Greg Allen,1,1,27,20,12,4,0,1,30,9,0,18,2,.194,93,.279,.269,.548,1,7,.875,2,423,,,,,,,,,,,,,,,,,,,,,,25,1.35,,,,,,,,,,,,0,2,0,0,0,0,0,.000,0.00,-.--,0.0,1,0,0,0,106,6,45,.274,93.00,,
660829,Hoy Park,2,2,18,11,7,2,0,2,15,4,0,11,1,.216,51,.276,.373,.649,0,1,1.000,0,237,,,,,,,,,,,,,,,,,,,,,,19,1.64,,,,,,,,,,,,0,2,2,0,4,1,5,.800,2.00,3.00,12.0,2,0,0,0,60,6,16,.250,25.50,,
664141,JT Brubaker,25,25,143,111,74,34,2,14,137,49,0,140,8,.265,528,.335,.417,.752,3,5,.625,14,2174,4.35,132.1,3,11,0,0,0,0,64,1.43,588,397,25,0,0,1403,.650,8,2,6,1,220,1.29,.214,16.43,0,2.80,9.32,3.33,9.52,5.03,0.95,0,0,0,0,3,14,5,3,22,.864,0.76,1.30,132.1,25,2,0,2,,,,,,,
669261,Jack Suwinski,1,1,56,60,33,9,0,14,85,26,1,50,4,.199,251,.285,.402,.687,2,2,.500,5,1162,,,,,,,,,,,,,,,,,,,,,,101,0.93,,,,,,,,,,,,0,0,0,0,0,0,0,.000,0.00,-.--,0.0,1,0,0,0,281,25,111,.237,17.93,,
641511,Jason Delay,40,34,21,25,12,3,0,1,37,7,0,25,2,.231,108,.291,.287,.578,5,25,.833,2,469,,,,,,,,,,,,,,,,,,,,15,2,31,0.84,,,,,,,,,,,,1,0,0,10,250,4,264,.985,6.50,7.67,305.2,40,1,0,2,117,7,27,.343,108.00,0,4.50
670912,Johan Oviedo,14,1,21,27,9,6,1,4,26,7,0,26,1,.260,100,.315,.460,.775,0,3,1.000,2,442,3.20,25.1,2,1,0,1,0,1,9,1.30,108,76,14,0,0,296,.670,1,1,1,0,46,0.78,.667,17.45,3,3.71,9.24,2.49,9.24,3.20,1.42,12,6,0,0,0,2,3,0,5,1.000,0.36,1.80,25.1,14,1,0,0,,,,,,,
663647,Ke'Bryan Hayes,2,2,115,105,45,20,3,6,106,41,0,103,3,.241,428,.311,.343,.654,4,15,.789,9,1898,,,,,,,,,,,,,,,,,,,,,,147,1.10,,,,,,,,,,,,0,0,1,0,0,0,0,.000,0.00,-.--,0.0,2,0,0,0,473,36,160,.306,71.33,,
621028,Kevin Newman,1,1,65,63,28,16,2,1,44,12,0,64,2,.272,235,.312,.370,.682,2,5,.714,5,884,,,,,,,,,,,,,,,,,,,,,,87,1.03,,,,,,,,,,,,0,0,1,0,0,0,0,.000,0.00,-.--,0.0,1,0,0,0,250,18,76,.330,235.00,,
544365,Manny Banuelos,4,0,11,6,2,2,0,0,8,3,0,7,0,.219,32,.286,.281,.567,0,0,.---,0,136,2.16,8.1,0,0,1,1,0,0,2,1.20,35,25,4,0,0,82,.600,0,0,0,0,9,1.83,.---,16.32,3,2.67,8.64,3.24,7.56,2.16,0.00,2,2,0,0,0,5,0,0,5,1.000,1.25,5.63,8.1,4,0,0,0,,,,,,,
656308,Michael Chavis,5,3,73,88,34,14,2,14,112,14,1,84,2,.238,353,.268,.408,.676,1,1,.500,3,1335,,,,,,,,,,,,,,,,,,,,,,144,0.83,,,,,,,,,,,,0,0,4,0,0,0,0,.000,0.00,-.--,0.0,5,0,0,0,373,43,160,.303,25.21,,
664337,Miguel Yajure,9,1,23,20,18,9,0,1,8,12,1,24,2,.320,75,.427,.480,.907,0,1,1.000,2,337,8.66,17.2,1,1,0,0,0,0,17,2.04,89,53,9,0,0,204,.610,2,0,1,0,36,1.15,.500,19.08,2,0.67,4.08,6.11,12.23,9.17,0.51,2,1,0,0,0,2,2,0,4,1.000,0.44,2.12,17.2,9,0,0,0,,,,,,,
656605,Mitch Keller,26,24,150,112,69,26,2,12,109,48,0,140,8,.277,506,.347,.407,.754,1,14,.933,19,2200,4.22,130.0,5,10,0,0,0,0,61,1.45,567,390,26,0,0,1378,.630,8,1,1,0,206,1.34,.333,16.92,0,2.27,7.55,3.32,9.69,4.78,0.83,0,0,0,2,3,13,8,1,22,.955,0.81,1.45,130.0,26,2,0,1,,,,,,,
665833,Oneil Cruz,4,4,54,39,29,8,3,13,94,16,1,52,0,.218,238,.267,.441,.708,4,6,.600,2,998,,,,,,,,,,,,,,,,,,,,,,105,1.38,,,,,,,,,,,,0,0,1,0,0,0,0,.000,0.00,-.--,0.0,4,0,0,0,255,39,96,.295,18.31,,
672710,Roansy Contreras,16,13,58,91,31,17,1,10,70,33,1,64,2,.226,283,.311,.399,.710,3,5,.625,3,1246,3.41,74.0,4,4,0,0,0,0,28,1.31,318,222,16,0,0,807,.650,2,0,7,0,113,0.64,.500,16.84,1,2.12,8.51,4.01,7.78,3.77,1.22,0,0,0,0,0,4,5,0,9,1.000,0.56,1.09,74.0,16,0,0,0,,,,,,,
596112,Robert Stephenson,3,0,0,3,2,1,0,1,5,0,0,3,1,.273,11,.333,.636,.969,1,0,.000,0,57,6.00,3.0,0,0,0,0,0,0,2,1.00,12,9,3,0,0,36,.630,1,0,0,0,7,0.00,.---,19.00,1,-.--,15.00,0.00,9.00,6.00,3.00,1,0,0,0,0,0,0,0,0,.000,0.00,0.00,3.0,3,0,0,0,,,,,,,
666801,Rodolfo Castro,1,1,42,31,13,4,3,6,49,13,0,37,2,.233,159,.299,.409,.708,3,4,.571,4,660,,,,,,,,,,,,,,,,,,,,,,65,1.35,,,,,,,,,,,,0,0,0,0,0,0,0,.000,0.00,-.--,0.0,1,0,0,0,174,12,57,.298,26.50,,
672779,Tucupita Marcano,1,0,44,45,18,6,2,2,44,10,0,32,1,.201,159,.251,.302,.553,1,2,.667,1,667,,,,,,,,,,,,,,,,,,,,,,48,0.98,,,,,,,,,,,,0,5,1,0,0,0,0,.000,0.00,0.00,1.0,1,0,0,0,176,13,60,.263,79.50,,
595881,Tyler Beede,6,0,13,11,5,1,0,1,4,6,0,14,0,.333,42,.417,.429,.846,0,0,.---,1,175,4.66,9.2,0,0,0,0,0,0,5,2.07,48,29,6,0,0,105,.600,0,0,1,0,18,1.18,.---,18.10,3,0.67,3.72,5.59,13.03,4.66,0.93,2,1,0,0,0,1,0,0,1,1.000,0.17,1.00,9.2,6,0,0,0,,,,,,,
623168,Tyler Heineman,1,0,6,2,2,2,0,0,4,0,0,4,0,.267,15,.267,.400,.667,1,4,.800,1,53,,,,,,,,,,,,,,,,,,,,1,0,6,3.00,,,,,,,,,,,,0,1,0,0,0,0,0,.000,0.00,-.--,0.0,1,0,0,0,16,1,6,.364,-.--,0,6.12
640444,Wil Crowe,54,1,82,57,29,7,1,6,63,31,0,54,3,.213,254,.304,.319,.623,0,0,.---,8,1207,3.41,68.2,5,8,3,9,15,6,26,1.24,290,206,54,0,0,732,.610,3,0,2,0,81,1.44,.385,17.58,17,2.03,8.26,4.06,7.08,3.80,0.79,19,6,0,1,1,5,5,2,12,.833,0.19,1.32,68.2,54,0,0,2,,,,,,,
670990,Yohan Ramirez,7,0,4,11,7,2,0,3,10,6,0,7,2,.219,32,.375,.563,.938,0,1,1.000,0,158,7.56,8.1,1,0,0,1,0,1,7,1.56,40,25,7,0,0,92,.580,2,0,1,0,18,0.36,1.000,18.96,3,1.67,10.80,6.48,7.56,7.56,3.24,2,0,0,0,0,2,1,0,3,1.000,0.43,3.38,8.1,7,0,0,0,,,,,,,
605507,Zach Thompson,26,22,134,112,71,20,1,19,81,43,0,129,2,.284,455,.347,.457,.804,2,10,.833,12,1926,5.24,111.2,3,10,0,0,0,0,65,1.54,501,335,26,0,0,1214,.630,2,0,5,0,208,1.20,.231,17.25,0,1.88,6.53,3.47,10.40,5.72,1.53,0,0,0,0,1,5,5,0,10,1.000,0.38,0.81,111.2,26,0,0,0,,,,,,,
676265,,11,5,18,46,14,8,0,7,29,13,0,24,2,.205,117,.295,.453,.748,0,2,1.000,0,525,4.06,31.0,0,2,0,0,0,0,14,1.19,132,93,11,0,0,332,.630,2,0,1,0,53,0.39,.000,16.94,6,2.23,8.42,3.77,6.97,4.06,2.03,2,0,0,0,0,1,0,0,1,1.000,0.09,0.29,31.0,11,0,0,0,,,,,,,
