,playername,gamesPlayed,groundOuts,airOuts,runs,doubles,triples,homeRuns,strikeOuts,baseOnBalls,intentionalWalks,hits,hitByPitch,atBats,caughtStealing,stolenBases,groundIntoDoublePlay,plateAppearances,totalBases,leftOnBase,sacBunts,sacFlies,catchersInterference,avg,obp,slg,ops,rbi,groundOutsToAirouts,strikeOutsperplateAppearance,homeRunsperplateAppearance,hitsperplateAppearance,rbiperplateAppearance,babip,avg_mean,avg_std,normalized_avg,avg_z_score,babip_mean,babip_std,normalized_babip,babip_z_score,ops_mean,ops_std,normalized_ops,ops_z_score,hits_mean,hits_std,normalized_hits,hits_z_score,rbi_mean,rbi_std,normalized_rbi,rbi_z_score
605131,Austin Barnes,4,48,38,27,5,0,7,27,21,0,32,3,144,6,15,5,169.0,58,73.0,0,1,0,0.222,0.331,0.403,0.734,23.0,1.26,0.15976331360946747,0.04142011834319527,0.1893491124260355,0.13609467455621302,0.22522522522522523,0.24522500000000003,0.035177170627174285,90.52910592313181,-0.6602293358425695,0.294652673484853,0.03995439588894287,76.43752984199656,-1.7376673258333863,0.7160625,0.09848702545203575,102.50501876582001,0.1821305894626262,77.7625,38.44517250979863,41.15094036328564,-1.1903315036065032,39.90625,23.763191470590066,57.63508222396241,-0.7114469460435736
621035,Chris Taylor,3,46,83,39,23,3,8,139,40,2,74,4,339,1,9,4,386.0,127,174.0,0,3,0,0.218,0.306,0.375,0.681,34.0,0.55,0.3601036269430052,0.02072538860103627,0.19170984455958548,0.08808290155440414,0.3384615384615385,0.24522500000000003,0.035177170627174285,88.89795086145375,-0.7739394475054447,0.294652673484853,0.03995439588894287,114.86796792255731,1.0964717148635275,0.7160625,0.09848702545203575,95.10343021733438,-0.3560113612840893,77.7625,38.44517250979863,95.16154959009805,-0.09786664369996112,39.90625,23.763191470590066,85.19968676585748,-0.24854616044775493
641355,Cody Bellinger,122,89,133,61,22,3,17,132,36,0,86,2,436,2,12,7,478.0,165,216.0,0,4,0,0.197,0.259,0.378,0.637,55.0,0.67,0.27615062761506276,0.03556485355648536,0.1799163179916318,0.11506276150627615,0.23711340206185566,0.24522500000000003,0.035177170627174285,80.334386787644,-1.370917533735539,0.294652673484853,0.03995439588894287,80.47217059241947,-1.4401236745747168,0.7160625,0.09848702545203575,88.95871519595006,-0.8027707166209861,77.7625,38.44517250979863,110.59315222633018,0.21426617341619372,39.90625,23.763191470590066,137.82302270947534,0.6351735211442626
518692,Freddie Freeman,137,122,157,101,44,2,18,89,64,7,174,5,535,2,11,5,611.0,276,184.0,0,7,0,0.325,0.398,0.516,0.914,86.0,0.78,0.14566284779050737,0.029459901800327332,0.28477905073649756,0.1407528641571195,0.3586206896551724,0.24522500000000003,0.035177170627174285,132.5313487613416,2.267806039476466,0.294652673484853,0.03995439588894287,121.70963372358736,1.6010257381471795,0.7160625,0.09848702545203575,127.64248930784672,2.009782497659021,77.7625,38.44517250979863,223.7582382253657,2.5032401656013294,39.90625,23.763191470590066,215.50509005481598,1.939712098732479
666158,Gavin Lux,28,105,80,62,18,7,6,79,46,0,108,0,369,2,7,3,418.0,158,173.0,0,3,0,0.293,0.368,0.428,0.796,42.0,1.31,0.18899521531100477,0.014354066985645933,0.2583732057416268,0.10047846889952153,0.3554006968641115,0.24522500000000003,0.035177170627174285,119.48210826791721,1.3581251461734638,0.294652673484853,0.03995439588894287,120.61682409353102,1.5204340355467654,0.7160625,0.09848702545203575,111.163480841407,0.8116551356191626,77.7625,38.44517250979863,138.88442372608904,0.7865096714624776,39.90625,23.763191470590066,105.2466718872357,0.08810895634920413
593643,Hanser Alberto,5,45,35,12,8,2,2,23,2,0,32,0,135,1,0,4,137.0,50,72.0,0,0,0,0.237,0.248,0.37,0.618,14.0,1.29,0.1678832116788321,0.014598540145985401,0.23357664233576642,0.10218978102189781,0.2727272727272727,0.24522500000000003,0.035177170627174285,96.6459374044245,-0.2338164171067881,0.294652673484853,0.03995439588894287,92.55889977230855,-0.5487606624944125,0.7160625,0.09848702545203575,86.30531552762503,-0.9956895291528279,77.7625,38.44517250979863,41.15094036328564,-1.1903315036065032,39.90625,23.763191470590066,35.0822239624119,-1.0901839524401526
608336,Joey Gallo,1,29,61,32,4,1,12,106,40,0,37,0,233,0,2,0,273.0,79,122.0,0,0,0,0.159,0.282,0.339,0.621,24.0,0.48,0.3882783882783883,0.04395604395604396,0.13553113553113552,0.08791208791208792,0.21739130434782608,0.24522500000000003,0.035177170627174285,64.8384137017025,-2.4511635945328534,0.294652673484853,0.03995439588894287,73.77883315184016,-1.9337388895024827,0.7160625,0.09848702545203575,86.72427336999213,-0.9652286640162213,77.7625,38.44517250979863,47.580774795049024,-1.0602761631414386,39.90625,23.763191470590066,60.1409553641347,-0.6693650564439537
457759,Justin Turner,50,84,140,54,32,0,11,76,44,1,112,5,404,0,3,12,461.0,177,172.0,0,8,0,0.277,0.349,0.438,0.787,73.0,0.60,0.1648590021691974,0.02386117136659436,0.24295010845986983,0.15835140997830802,0.31076923076923074,0.24522500000000003,0.035177170627174285,112.95748802120502,0.9032846995219644,0.294652673484853,0.03995439588894287,105.46967963798441,0.4033738197212457,0.7160625,0.09848702545203575,109.90660731430566,0.7202725402093428,77.7625,38.44517250979863,144.02829127149977,0.8905539438345292,39.90625,23.763191470590066,182.92873923257636,1.3926475339374205
571970,Max Muncy,22,74,124,60,17,1,19,122,74,1,77,2,391,0,2,2,473.0,153,183.0,0,6,0,0.197,0.323,0.391,0.714,57.0,0.60,0.25792811839323465,0.040169133192389,0.16279069767441862,0.12050739957716702,0.2265625,0.24522500000000003,0.035177170627174285,80.334386787644,-1.370917533735539,0.294652673484853,0.03995439588894287,76.89137767543342,-1.7041972971914352,0.7160625,0.09848702545203575,99.7119664833726,-0.020941844781417814,77.7625,38.44517250979863,99.01945024915608,-0.019833439420922413,39.90625,23.763191470590066,142.83476898981988,0.7193373003435024
605141,Mookie Betts,116,109,159,106,32,3,33,87,48,0,135,7,486,1,12,8,545.0,272,171.0,0,4,0,0.278,0.349,0.56,0.909,74.0,0.69,0.1596330275229358,0.060550458715596334,0.24770642201834864,0.13577981651376148,0.2756756756756757,0.24522500000000003,0.035177170627174285,113.36527678662453,0.9317122274376832,0.294652673484853,0.03995439588894287,93.55953652660381,-0.4749664558044062,0.7160625,0.09848702545203575,126.94422623723487,1.95901438909801,77.7625,38.44517250979863,173.6055296576113,1.488808509973826,39.90625,23.763191470590066,185.43461237274863,1.4347294235370405
607208,Trea Turner,136,140,144,85,35,2,19,109,38,1,169,3,556,3,24,9,605.0,265,232.0,0,6,2,0.304,0.348,0.477,0.825,91.0,0.97,0.18016528925619835,0.03140495867768595,0.2793388429752066,0.15041322314049588,0.3456221198156682,0.24522500000000003,0.035177170627174285,123.96778468753185,1.6708279532463708,0.294652673484853,0.03995439588894287,117.29814487274126,1.2756905766386688,0.7160625,0.09848702545203575,115.21340665095575,1.1061101652730252,77.7625,38.44517250979863,217.3284037936023,2.373184825136265,39.90625,23.763191470590066,228.03445575567736,2.1501215467305785
669257,Will Smith,20,87,153,58,23,1,21,78,51,3,111,9,425,9,41,8,489.0,199,198.0,0,4,0,0.261,0.35,0.468,0.818,81.0,0.57,0.15950920245398773,0.04294478527607362,0.22699386503067484,0.1656441717791411,0.2727272727272727,0.24522500000000003,0.035177170627174285,106.4328677744928,0.4484442528704634,0.294652673484853,0.03995439588894287,92.55889977230855,-0.5487606624944125,0.7160625,0.09848702545203575,114.23583835209914,1.03503481328761,77.7625,38.44517250979863,142.74232438514707,0.8645428757415163,39.90625,23.763191470590066,202.9757243539546,1.7293026507343796
673490,Ha-Seong Kim,109,112,131,49,25,3,8,87,43,0,111,6,437,2,9,9,490.0,166,183.0,1,3,0,0.254,0.327,0.38,0.707,51.0,0.85,0.17755102040816326,0.0163265306122449,0.22653061224489796,0.10408163265306122,0.2985507246376812,0.24522500000000003,0.035177170627174285,103.57834641655622,0.2494515574604317,0.294652673484853,0.03995439588894287,101.32293086186048,0.09756251010935481,0.7160625,0.09848702545203575,98.73439818451601,-0.09201719676683322,77.7625,38.44517250979863,142.74232438514707,0.8645428757415163,39.90625,23.763191470590066,127.79953014878622,0.4668459627457831
630105,Jake Cronenworth,2,101,175,80,26,3,15,112,62,3,124,16,506,0,2,1,593.0,201,193.0,0,6,3,0.245,0.342,0.397,0.739,72.0,0.58,0.18887015177065766,0.025295109612141653,0.209106239460371,0.12141652613827993,0.2831168831168831,0.24522500000000003,0.035177170627174285,99.9082475277806,-0.006396193781037601,0.294652673484853,0.03995439588894287,96.08495309696794,-0.28872393415820313,0.7160625,0.09848702545203575,103.20328183643186,0.2328986980236372,77.7625,38.44517250979863,159.45989390773187,1.2026867609506842,39.90625,23.763191470590066,180.42286609240406,1.3505656443378007
595751,Jorge Alfaro,10,52,43,25,13,0,7,92,10,0,61,4,245,5,23,5,262.0,95,116.0,0,3,0,0.249,0.286,0.388,0.674,38.0,1.21,0.3511450381679389,0.026717557251908396,0.23282442748091603,0.1450381679389313,0.3624161073825503,0.24522500000000003,0.035177170627174285,101.53940258945863,0.10731391788183765,0.294652673484853,0.03995439588894287,122.99773258333622,1.6960194839649771,0.7160625,0.09848702545203575,94.12586191847778,-0.4270867132695047,77.7625,38.44517250979863,78.44398006751327,-0.4360105289091289,39.90625,23.763191470590066,95.22317932654659,-0.0802186020492754
640492,Jose Azocar,3,43,38,17,6,3,0,34,12,0,39,0,152,5,4,4,166.0,51,77.0,1,1,0,0.257,0.309,0.336,0.645,8.0,1.13,0.20481927710843373,0.0,0.23493975903614459,0.04819277108433735,0.3277310924369748,0.24522500000000003,0.035177170627174285,104.80171271281475,0.33473414120758815,0.294652673484853,0.03995439588894287,111.2262409028582,0.8279043698737544,0.7160625,0.09848702545203575,90.07593610892903,-0.7215417429233685,77.7625,38.44517250979863,50.15270856775438,-1.0082540269554128,39.90625,23.763191470590066,20.04698512137823,-1.342675290037872
605137,Josh Bell,17,42,26,20,4,0,3,28,22,0,23,0,119,0,0,0,142.0,36,65.0,0,0,1,0.193,0.319,0.303,0.622,11.0,1.62,0.19718309859154928,0.02112676056338028,0.1619718309859155,0.07746478873239436,0.22727272727272727,0.24522500000000003,0.035177170627174285,78.70323172596594,-1.4846276453984144,0.294652673484853,0.03995439588894287,77.13241647692381,-1.6864213489653272,0.7160625,0.09848702545203575,86.86392598411452,-0.9550750423040191,77.7625,38.44517250979863,29.577238386111553,-1.4244311164436192,39.90625,23.763191470590066,27.564604541895065,-1.2164296212390122
665742,Juan Soto,1,29,34,22,3,1,3,17,27,0,23,1,103,0,0,1,132.0,37,44.0,0,0,1,0.223,0.389,0.359,0.748,6.0,0.85,0.12878787878787878,0.022727272727272728,0.17424242424242425,0.045454545454545456,0.24096385542168675,0.24522500000000003,0.035177170627174285,90.93689468855132,-0.6318018079268507,0.294652673484853,0.03995439588894287,81.7789475899915,-1.343752467498184,0.7160625,0.09848702545203575,104.46015536353322,0.324281293433457,77.7625,38.44517250979863,29.577238386111553,-1.4244311164436192,39.90625,23.763191470590066,15.035238841033674,-1.4268390692371116
595777,Jurickson Profar,6,141,149,73,32,2,14,88,69,0,119,4,493,1,5,11,570.0,197,189.0,2,2,0,0.241,0.338,0.4,0.738,55.0,0.95,0.1543859649122807,0.02456140350877193,0.20877192982456141,0.09649122807017543,0.26717557251908397,0.24522500000000003,0.035177170627174285,98.27709246610254,-0.12010630544391286,0.294652673484853,0.03995439588894287,90.6747491408112,-0.6877115860328443,0.7160625,0.09848702545203575,103.06362922230949,0.222745076311435,77.7625,38.44517250979863,153.03005947596847,1.0726314204856195,39.90625,23.763191470590066,137.82302270947534,0.6351735211442626
671277,Luis Garcia,59,89,54,23,17,2,6,64,5,0,83,1,286,4,2,4,296.0,122,129.0,1,3,0,0.29,0.302,0.427,0.729,34.0,1.65,0.21621621621621623,0.02027027027027027,0.28040540540540543,0.11486486486486487,0.3515981735159817,0.24522500000000003,0.035177170627174285,118.25874197165867,1.2728425624263073,0.294652673484853,0.03995439588894287,119.32631370950585,1.4252624464505546,0.7160625,0.09848702545203575,101.80675569520817,0.1313624809016152,77.7625,38.44517250979863,106.73525156727214,0.13623296913715502,39.90625,23.763191470590066,85.19968676585748,-0.24854616044775493
592518,Manny Machado,13,106,131,85,34,1,26,110,54,9,149,1,494,1,7,11,551.0,263,215.0,0,2,0,0.302,0.37,0.532,0.902,88.0,0.81,0.1996370235934664,0.047186932849364795,0.27041742286751363,0.15970961887477314,0.3416666666666667,0.24522500000000003,0.035177170627174285,123.15220715669281,1.6139728974149332,0.294652673484853,0.03995439588894287,115.9557327703088,1.176691378653143,0.7160625,0.09848702545203575,125.96665793837829,1.8879390371125948,77.7625,38.44517250979863,191.60906606654876,1.8529634632760066,39.90625,23.763191470590066,220.51683633516052,2.0238758779317187
663757,Trent Grisham,132,108,108,55,15,2,17,128,57,1,79,6,414,0,6,3,486.0,149,180.0,7,2,0,0.191,0.296,0.36,0.656,52.0,1.00,0.26337448559670784,0.03497942386831276,0.16255144032921812,0.10699588477366255,0.22878228782287824,0.24522500000000003,0.035177170627174285,77.88765419512693,-1.541482701229852,0.294652673484853,0.03995439588894287,77.64473511034987,-1.6486392597467356,0.7160625,0.09848702545203575,91.61211486427511,-0.6098519040891442,77.7625,38.44517250979863,101.59138402186143,0.03218869676510339,39.90625,23.763191470590066,130.3054032889585,0.5089278523454029
571976,Wil Myers,36,39,53,23,11,0,4,68,15,1,52,1,209,1,1,6,228.0,75,114.0,0,3,0,0.249,0.298,0.359,0.657,30.0,0.74,0.2982456140350877,0.017543859649122806,0.22807017543859648,0.13157894736842105,0.34285714285714286,0.24522500000000003,0.035177170627174285,101.53940258945863,0.10731391788183765,0.294652673484853,0.03995439588894287,116.35975971375933,1.2064872537750002,0.7160625,0.09848702545203575,91.75176747839748,-0.5996982823769421,77.7625,38.44517250979863,66.87027809033917,-0.6701101417462451,39.90625,23.763191470590066,75.17619420516837,-0.4168737188462345
677950,Alek Thomas,103,124,75,43,17,1,8,69,22,0,87,3,350,3,4,6,380.0,130,142.0,0,5,0,0.249,0.295,0.371,0.666,38.0,1.65,0.18157894736842106,0.021052631578947368,0.22894736842105262,0.1,0.2841726618705036,0.24522500000000003,0.035177170627174285,101.53940258945863,0.10731391788183765,0.294652673484853,0.03995439588894287,96.44326606970762,-0.26229933856288623,0.7160625,0.09848702545203575,93.00864100549882,-0.5083156869671223,77.7625,38.44517250979863,111.87911911268284,0.24027724150920662,39.90625,23.763191470590066,95.22317932654659,-0.0802186020492754
572233,Christian Walker,10,117,154,73,20,1,32,103,64,2,114,7,482,2,0,13,559.0,232,215.0,0,6,0,0.237,0.331,0.481,0.812,78.0,0.76,0.18425760286225404,0.057245080500894455,0.2039355992844365,0.13953488372093023,0.23229461756373937,0.24522500000000003,0.035177170627174285,96.6459374044245,-0.2338164171067881,0.294652673484853,0.03995439588894287,78.83675882400597,-1.5607307915365294,0.7160625,0.09848702545203575,113.39792266736492,0.9741130830143978,77.7625,38.44517250979863,146.6002250442051,0.942576080020555,39.90625,23.763191470590066,195.45810493343774,1.60305698193552
669450,Cooper Hummel,16,40,30,17,7,3,2,56,21,0,27,1,153,0,4,4,175.0,46,66.0,0,0,0,0.176,0.28,0.301,0.581,14.0,1.33,0.32,0.011428571428571429,0.15428571428571428,0.08,0.2631578947368421,0.24522500000000003,0.035177170627174285,71.77082271383422,-1.9678956199656341,0.294652673484853,0.03995439588894287,89.31121907854335,-0.7882681754356575,0.7160625,0.09848702545203575,81.13816880509731,-1.3713735325043093,77.7625,38.44517250979863,34.72110593152226,-1.3203868440715676,39.90625,23.763191470590066,35.0822239624119,-1.0901839524401526
662139,Daulton Varsho,14,110,120,67,20,3,24,116,41,0,109,5,448,6,12,6,502.0,207,154.0,2,5,2,0.243,0.311,0.462,0.773,68.0,0.92,0.23107569721115537,0.04780876494023904,0.21713147410358566,0.13545816733067728,0.2715654952076677,0.24522500000000003,0.035177170627174285,99.09266999694157,-0.06325124961247523,0.294652673484853,0.03995439588894287,92.16461265932749,-0.5778382519249791,0.7160625,0.09848702545203575,107.95147071659248,0.578121836238512,77.7625,38.44517250979863,140.1703906124417,0.8125207395554905,39.90625,23.763191470590066,170.39937353171496,1.1822380859393211
656896,Emmanuel Rivera,2,57,48,24,8,3,6,46,11,0,47,2,198,0,0,7,211.0,79,89.0,0,0,0,0.237,0.284,0.399,0.683,22.0,1.19,0.21800947867298578,0.02843601895734597,0.22274881516587677,0.10426540284360189,0.2808219178082192,0.24522500000000003,0.035177170627174285,96.6459374044245,-0.2338164171067881,0.294652673484853,0.03995439588894287,95.30608172902092,-0.3461635539447966,0.7160625,0.09848702545203575,95.38273544557913,-0.3357041178596849,77.7625,38.44517250979863,60.440443658575795,-0.8001654822113096,39.90625,23.763191470590066,55.12920908379013,-0.7535288356431935
672695,Geraldo Perdomo,117,127,94,54,10,2,4,88,45,0,72,5,369,2,8,3,431.0,98,146.0,11,1,0,0.195,0.29,0.266,0.556,35.0,1.35,0.20417633410672853,0.009280742459396751,0.16705336426914152,0.08120649651972157,0.2446043165467626,0.24522500000000003,0.035177170627174285,79.51880925680497,-1.4277725895669766,0.294652673484853,0.03995439588894287,83.01445687012807,-1.2526370584404456,0.7160625,0.09848702545203575,77.64685345203806,-1.6252140753093631,77.7625,38.44517250979863,92.5896158173927,-0.14988877988598692,39.90625,23.763191470590066,87.70555990602976,-0.20646427084813504
664983,Jake McCarthy,8,65,52,44,14,2,8,54,18,0,70,4,238,1,16,2,263.0,112,87.0,2,1,0,0.294,0.352,0.471,0.823,38.0,1.25,0.20532319391634982,0.030418250950570342,0.2661596958174905,0.1444866920152091,0.3502824858757062,0.24522500000000003,0.035177170627174285,119.88989703333672,1.3865526740891827,0.294652673484853,0.03995439588894287,118.87979217460347,1.3923327121621776,0.7160625,0.09848702545203575,114.934101422711,1.085802921848621,77.7625,38.44517250979863,90.01768204468735,-0.20191091607201275,39.90625,23.763191470590066,95.22317932654659,-0.0802186020492754
668942,Josh Rojas,4,96,108,59,21,1,8,81,49,2,104,1,381,3,19,7,439.0,151,135.0,4,4,0,0.273,0.354,0.396,0.75,47.0,0.89,0.1845102505694761,0.018223234624145785,0.23690205011389523,0.1070615034168565,0.32432432432432434,0.24522500000000003,0.035177170627174285,111.32633295952697,0.7895745878590892,0.294652673484853,0.03995439588894287,110.07004297247506,0.7426379545806815,0.7160625,0.09848702545203575,104.73946059177794,0.3445885368578614,77.7625,38.44517250979863,133.74055618067834,0.682465399090426,39.90625,23.763191470590066,117.7760375880971,0.29851840434730353
606466,Ketel Marte,34,112,133,61,36,2,10,89,49,2,104,5,434,1,4,12,492.0,174,176.0,0,4,0,0.24,0.321,0.401,0.722,46.0,0.84,0.18089430894308944,0.02032520325203252,0.21138211382113822,0.09349593495934959,0.27728613569321536,0.24522500000000003,0.035177170627174285,97.86930370068303,-0.14853383335963166,0.294652673484853,0.03995439588894287,94.10609868688994,-0.434659000724467,0.7160625,0.09848702545203575,100.82918739635156,0.06028712891619979,77.7625,38.44517250979863,133.74055618067834,0.682465399090426,39.90625,23.763191470590066,115.27016444792481,0.25643651474768364
642851,Austin Wynns,5,35,35,10,7,0,1,35,9,0,29,3,132,4,13,7,146.0,39,68.0,1,1,3,0.22,0.283,0.295,0.578,15.0,1.00,0.23972602739726026,0.00684931506849315,0.19863013698630136,0.10273972602739725,0.28865979381443296,0.24522500000000003,0.035177170627174285,89.71352839229279,-0.7170843916740072,0.294652673484853,0.03995439588894287,97.96612072120631,-0.14999299919532888,0.7160625,0.09848702545203575,80.71921096273019,-1.401834397640916,77.7625,38.44517250979863,37.29303970422762,-1.2683647078855418,39.90625,23.763191470590066,37.588097102584186,-1.0481020628405326
543063,Brandon Crawford,97,92,89,40,13,2,8,82,32,3,76,8,337,1,1,9,379.0,117,170.0,0,2,0,0.226,0.306,0.347,0.653,45.0,1.03,0.21635883905013192,0.021108179419525065,0.20052770448548812,0.11873350923482849,0.27309236947791166,0.24522500000000003,0.035177170627174285,92.16026098480987,-0.5465192241796942,0.294652673484853,0.03995439588894287,92.68280726865704,-0.5396228256552879,0.7160625,0.09848702545203575,91.19315702190801,-0.6403127692257509,77.7625,38.44517250979863,97.73348336280341,-0.04584450751393532,39.90625,23.763191470590066,112.76429130775254,0.21435462514806378
681584,David Villar,1,15,19,12,3,1,4,36,15,0,19,3,88,0,0,2,107.0,36,43.0,0,1,0,0.216,0.346,0.409,0.755,12.0,0.79,0.3364485981308411,0.037383177570093455,0.17757009345794392,0.11214953271028037,0.30612244897959184,0.24522500000000003,0.035177170627174285,88.08237333061473,-0.8307945033368824,0.294652673484853,0.03995439588894287,103.89264260157086,0.28707167858626065,0.7160625,0.09848702545203575,105.4377236623898,0.3953566454188724,77.7625,38.44517250979863,24.433370840700853,-1.5284753888156708,39.90625,23.763191470590066,30.07047768206735,-1.1743477316393924
446334,Evan Longoria,14,44,60,29,12,0,12,68,24,1,55,2,225,0,0,6,253.0,103,105.0,0,2,0,0.244,0.32,0.458,0.778,32.0,0.73,0.26877470355731226,0.04743083003952569,0.21739130434782608,0.12648221343873517,0.2925170068027211,0.24522500000000003,0.035177170627174285,99.50045876236109,-0.03482372169675641,0.294652673484853,0.03995439588894287,99.2751918192788,-0.053452608520680324,0.7160625,0.09848702545203575,108.64973378720433,0.628889944799523,77.7625,38.44517250979863,70.7281787493972,-0.5920769374672064,39.90625,23.763191470590066,80.18794048551293,-0.3327099396469947
592626,Joc Pederson,11,65,93,49,17,0,22,83,35,3,86,7,324,2,3,5,369.0,169,117.0,0,3,0,0.265,0.347,0.522,0.869,62.0,0.70,0.22493224932249323,0.05962059620596206,0.23306233062330622,0.16802168021680217,0.2882882882882883,0.24522500000000003,0.035177170627174285,108.06402283617085,0.5621543645333387,0.294652673484853,0.03995439588894287,97.8400381977556,-0.1592912382971617,0.7160625,0.09848702545203575,121.35812167234003,1.5528695206099221,77.7625,38.44517250979863,110.59315222633018,0.21426617341619372,39.90625,23.763191470590066,155.36413469068128,0.9297467483416018
663698,Joey Bart,2,41,35,26,5,0,10,88,21,0,47,4,211,11,33,3,236.0,82,99.0,0,0,1,0.223,0.305,0.389,0.694,21.0,1.17,0.3728813559322034,0.0423728813559322,0.19915254237288135,0.08898305084745763,0.3274336283185841,0.24522500000000003,0.035177170627174285,90.93689468855132,-0.6318018079268507,0.294652673484853,0.03995439588894287,111.12528674728492,0.8204592787449199,0.7160625,0.09848702545203575,96.91891420092519,-0.2240142790254618,77.7625,38.44517250979863,60.440443658575795,-0.8001654822113096,39.90625,23.763191470590066,52.62333594361785,-0.7956107252428134
664774,Wade Jr.,10,34,61,22,6,1,8,41,20,0,33,3,166,0,0,0,192.0,65,58.0,2,1,0,0.199,0.295,0.392,0.687,24.0,0.56,0.21354166666666666,0.041666666666666664,0.171875,0.125,0.211864406779661,0.24522500000000003,0.035177170627174285,81.14996431848303,-1.3140624779041015,0.294652673484853,0.03995439588894287,71.90310010560694,-2.072069039294451,0.7160625,0.09848702545203575,95.9413459020686,-0.2950896310108761,77.7625,38.44517250979863,42.436907249638324,-1.1643204355134902,39.90625,23.763191470590066,60.1409553641347,-0.6693650564439537
573262,Mike Yastrzemski,1,87,119,59,26,2,12,117,56,0,85,5,404,1,5,3,469.0,151,183.0,0,4,0,0.21,0.311,0.374,0.685,45.0,0.73,0.24946695095948826,0.0255863539445629,0.1812366737739872,0.09594882729211088,0.2616487455197133,0.24522500000000003,0.035177170627174285,85.63564073809765,-1.0013596708311954,0.294652673484853,0.03995439588894287,88.79904004440118,-0.8260399695912651,0.7160625,0.09848702545203575,95.66204067382387,-0.31539687443528047,77.7625,38.44517250979863,109.3071853399775,0.18825510532318082,39.90625,23.763191470590066,112.76429130775254,0.21435462514806378
642731,Thairo Estrada,1,141,99,60,19,2,12,78,27,0,108,11,420,3,17,9,464.0,167,190.0,1,5,0,0.257,0.315,0.398,0.713,53.0,1.42,0.16810344827586207,0.02586206896551724,0.23275862068965517,0.11422413793103449,0.2865671641791045,0.24522500000000003,0.035177170627174285,104.80171271281475,0.33473414120758815,0.294652673484853,0.03995439588894287,97.25591856672423,-0.20236845347938656,0.7160625,0.09848702545203575,99.57231386925022,-0.03109546649362001,77.7625,38.44517250979863,138.88442372608904,0.7865096714624776,39.90625,23.763191470590066,132.81127642913077,0.5510097419450228
600303,La Stella,42,52,57,16,14,0,2,29,10,0,42,1,177,0,0,4,191.0,62,76.0,0,3,0,0.237,0.277,0.35,0.627,14.0,0.91,0.1518324607329843,0.010471204188481676,0.2198952879581152,0.07329842931937172,0.2684563758389262,0.24522500000000003,0.035177170627174285,96.6459374044245,-0.2338164171067881,0.294652673484853,0.03995439588894287,91.10943154321201,-0.6556549551829542,0.7160625,0.09848702545203575,87.56218905472636,-0.9043069337430081,77.7625,38.44517250979863,54.01060922681241,-0.9302208226763741,39.90625,23.763191470590066,35.0822239624119,-1.0901839524401526
527038,Wilmer Flores,23,96,171,65,26,1,17,86,49,1,107,10,455,0,0,7,519.0,186,169.0,0,5,0,0.235,0.32,0.409,0.729,63.0,0.56,0.16570327552986513,0.03275529865125241,0.20616570327552985,0.12138728323699421,0.25210084033613445,0.24522500000000003,0.035177170627174285,95.83035987358546,-0.29067147293822576,0.294652673484853,0.03995439588894287,85.55864684835245,-1.0650100496324744,0.7160625,0.09848702545203575,101.80675569520817,0.1313624809016152,77.7625,38.44517250979863,137.59845683973637,0.7604986033694647,39.90625,23.763191470590066,157.87000783085355,0.9718286379412217
663898,Brendan Rodgers,124,157,112,67,28,3,11,94,40,0,130,2,488,0,0,24,535.0,197,225.0,0,5,0,0.266,0.321,0.404,0.725,60.0,1.40,0.17570093457943925,0.020560747663551402,0.24299065420560748,0.11214953271028037,0.30670103092783507,0.24522500000000003,0.035177170627174285,108.47181160159036,0.5905818924490575,0.294652673484853,0.03995439588894287,104.08900326628172,0.30155273718745823,0.7160625,0.09848702545203575,101.24814523871868,0.0907479940528064,77.7625,38.44517250979863,167.17569522584793,1.3587531695087616,39.90625,23.763191470590066,150.35238841033674,0.8455829691423621
661531,Brian Serven,1,49,43,18,3,1,6,34,13,0,34,1,158,7,33,5,174.0,57,78.0,1,1,1,0.215,0.277,0.361,0.638,16.0,1.14,0.19540229885057472,0.034482758620689655,0.19540229885057472,0.09195402298850575,0.23529411764705882,0.24522500000000003,0.035177170627174285,87.67458456519522,-0.8592220312526012,0.294652673484853,0.03995439588894287,79.85473705846229,-1.4856576984116363,0.7160625,0.09848702545203575,89.09836781007245,-0.792617094908784,77.7625,38.44517250979863,43.722874135991,-1.1383093674204774,39.90625,23.763191470590066,40.09397024275646,-1.0060201732409129
543068,C.J. Cron,23,111,123,72,26,3,27,146,36,5,136,7,512,0,0,14,560.0,249,242.0,0,4,1,0.266,0.32,0.486,0.806,92.0,0.90,0.26071428571428573,0.048214285714285716,0.24285714285714285,0.16428571428571428,0.3177842565597668,0.24522500000000003,0.035177170627174285,108.47181160159036,0.5905818924490575,0.294652673484853,0.03995439588894287,107.85045755782117,0.5789496389636385,0.7160625,0.09848702545203575,112.56000698263071,0.9131913527411846,77.7625,38.44517250979863,174.891496543964,1.514819578066839,39.90625,23.763191470590066,230.54032889584963,2.1922034363301983
453568,Charlie Blackmon,68,144,124,57,20,4,16,94,29,3,126,8,481,1,3,9,525.0,202,178.0,4,3,0,0.262,0.313,0.42,0.733,74.0,1.16,0.17904761904761904,0.030476190476190476,0.24,0.14095238095238094,0.29411764705882354,0.24522500000000003,0.035177170627174285,106.84065653991233,0.47687178078618225,0.294652673484853,0.03995439588894287,99.81842132307787,-0.013390927684569214,0.7160625,0.09848702545203575,102.36536615169764,0.17197696775042398,77.7625,38.44517250979863,162.03182768043723,1.25470889713671,39.90625,23.763191470590066,185.43461237274863,1.4347294235370405
656582,Connor Joe,24,105,99,53,19,4,6,92,55,0,94,6,389,2,6,7,451.0,139,149.0,0,1,0,0.242,0.344,0.357,0.701,26.0,1.06,0.2039911308203991,0.013303769401330377,0.20842572062084258,0.057649667405764965,0.3013698630136986,0.24522500000000003,0.035177170627174285,98.68488123152206,-0.09167877752819405,0.294652673484853,0.03995439588894287,102.27969746529072,0.1681214139119178,0.7160625,0.09848702545203575,97.89648249978178,-0.1529389270400464,77.7625,38.44517250979863,120.88088731715159,0.42235471816029696,39.90625,23.763191470590066,65.15270164447925,-0.585201277244714
660707,Elehuris Montero,10,20,31,18,12,0,5,46,5,0,32,1,129,0,0,3,135.0,59,46.0,0,0,0,0.248,0.281,0.457,0.738,15.0,0.65,0.34074074074074073,0.037037037037037035,0.23703703703703705,0.1111111111111111,0.34615384615384615,0.24522500000000003,0.035177170627174285,101.13161382403915,0.07888638996611884,0.294652673484853,0.03995439588894287,117.47860355716087,1.2889989079586048,0.7160625,0.09848702545203575,103.06362922230949,0.222745076311435,77.7625,38.44517250979863,41.15094036328564,-1.1903315036065032,39.90625,23.763191470590066,37.588097102584186,-1.0481020628405326
553869,Elias Diaz,88,90,72,24,17,2,9,66,23,0,70,2,296,13,47,8,323.0,118,149.0,0,2,1,0.236,0.294,0.399,0.693,47.0,1.25,0.2043343653250774,0.02786377708978328,0.21671826625386997,0.14551083591331268,0.273542600896861,0.24522500000000003,0.035177170627174285,96.23814863900499,-0.2622439450225069,0.294652673484853,0.03995439588894287,92.83560799285358,-0.5283541927819289,0.7160625,0.09848702545203575,96.77926158680282,-0.23416790073766403,77.7625,38.44517250979863,90.01768204468735,-0.20191091607201275,39.90625,23.763191470590066,117.7760375880971,0.29851840434730353
641658,Garrett Hampson,2,53,40,27,6,3,2,52,21,0,39,1,179,2,10,3,206.0,57,81.0,3,2,0,0.218,0.3,0.318,0.618,14.0,1.33,0.2524271844660194,0.009708737864077669,0.18932038834951456,0.06796116504854369,0.29133858267716534,0.24522500000000003,0.035177170627174285,88.89795086145375,-0.7739394475054447,0.294652673484853,0.03995439588894287,98.87525513734799,-0.08294683811262031,0.7160625,0.09848702545203575,86.30531552762503,-0.9956895291528279,77.7625,38.44517250979863,50.15270856775438,-1.0082540269554128,39.90625,23.763191470590066,35.0822239624119,-1.0901839524401526
641857,Ryan McMahon,1,103,104,57,20,3,15,136,55,0,111,4,451,3,7,5,513.0,182,193.0,0,3,0,0.246,0.331,0.404,0.735,60.0,0.99,0.2651072124756335,0.029239766081871343,0.21637426900584794,0.11695906432748537,0.31683168316831684,0.24522500000000003,0.035177170627174285,100.31603629320011,0.022031334134681214,0.294652673484853,0.03995439588894287,107.52717069258289,0.5551081223981593,0.7160625,0.09848702545203575,102.64467137994238,0.19228421117482838,77.7625,38.44517250979863,142.74232438514707,0.8645428757415163,39.90625,23.763191470590066,150.35238841033674,0.8455829691423621
602074,Yonathan Daza,76,105,61,45,17,1,2,41,20,0,90,4,293,3,0,11,321.0,115,115.0,0,4,0,0.307,0.355,0.392,0.747,29.0,1.72,0.1277258566978193,0.006230529595015576,0.2803738317757009,0.09034267912772585,0.3464566929133858,0.24522500000000003,0.035177170627174285,125.1911509837904,1.7561105369935273,0.294652673484853,0.03995439588894287,117.58138448765708,1.2965787187103797,0.7160625,0.09848702545203575,104.32050274941082,0.3141276717212548,77.7625,38.44517250979863,115.73701977174086,0.31831044578824536,39.90625,23.763191470590066,72.67032106499607,-0.45895560844585437
663586,Austin Riley,136,109,132,80,36,2,35,143,46,1,151,14,531,0,2,9,595.0,296,233.0,0,4,0,0.284,0.355,0.557,0.912,89.0,0.83,0.24033613445378152,0.058823529411764705,0.253781512605042,0.1495798319327731,0.32492997198879553,0.24522500000000003,0.035177170627174285,115.81200937914159,1.1022773949319946,0.294652673484853,0.03995439588894287,110.27558927120984,0.757796428410561,0.7160625,0.09848702545203575,127.363184079602,1.9894752542346168,77.7625,38.44517250979863,194.18099983925416,1.9049855994620324,39.90625,23.763191470590066,223.02270947533282,2.0659577675313385
621020,Dansby Swanson,138,93,142,90,30,1,19,157,45,0,154,3,542,7,17,8,594.0,243,187.0,0,4,0,0.284,0.34,0.448,0.788,82.0,0.65,0.26430976430976433,0.03198653198653199,0.25925925925925924,0.13804713804713806,0.36486486486486486,0.24522500000000003,0.035177170627174285,115.81200937914159,1.1022773949319946,0.294652673484853,0.03995439588894287,123.82879834403444,1.7573082965682538,0.7160625,0.09848702545203575,110.04625992842803,0.730426161921545,77.7625,38.44517250979863,198.03890049831216,1.9830188037410712,39.90625,23.763191470590066,205.48159749412687,1.7713845403339994
592696,Eddie Rosario,8,48,55,19,8,1,4,56,15,0,36,0,193,0,3,3,210.0,58,65.0,0,2,0,0.187,0.243,0.301,0.544,19.0,0.87,0.26666666666666666,0.01904761904761905,0.17142857142857143,0.09047619047619047,0.23703703703703705,0.24522500000000003,0.035177170627174285,76.25649913344887,-1.6551928128927271,0.294652673484853,0.03995439588894287,80.44625362926571,-1.4420349792789822,0.7160625,0.09848702545203575,75.9710220825696,-1.7470575358557896,77.7625,38.44517250979863,46.29480790869635,-1.0862872312344514,39.90625,23.763191470590066,47.61158966327329,-0.8797745044420532
542303,Marcell Ozuna,65,101,132,52,15,0,21,111,29,0,96,2,436,1,2,11,471.0,174,196.0,0,4,0,0.22,0.27,0.399,0.669,50.0,0.77,0.2356687898089172,0.044585987261146494,0.20382165605095542,0.10615711252653928,0.2435064935064935,0.24522500000000003,0.035177170627174285,89.71352839229279,-0.7170843916740072,0.294652673484853,0.03995439588894287,82.64187479670407,-1.2801139609400003,0.7160625,0.09848702545203575,93.42759884786594,-0.4778548218305157,77.7625,38.44517250979863,123.45282108985694,0.47437685434632276,39.90625,23.763191470590066,125.29365700861395,0.4247640731461632
621566,Matt Olson,138,128,137,74,41,0,28,140,66,6,130,4,532,0,0,12,605.0,255,225.0,0,3,0,0.244,0.331,0.479,0.81,90.0,0.93,0.23140495867768596,0.04628099173553719,0.21487603305785125,0.1487603305785124,0.2779291553133515,0.24522500000000003,0.035177170627174285,99.50045876236109,-0.03482372169675641,0.294652673484853,0.03995439588894287,94.3243283783199,-0.41856516159038354,0.7160625,0.09848702545203575,113.1186174391202,0.9538058395899934,77.7625,38.44517250979863,167.17569522584793,1.3587531695087616,39.90625,23.763191470590066,225.5285826155051,2.1080396571309583
671739,Harris II,91,97,43,63,24,2,16,85,16,0,102,5,327,1,16,5,348.0,178,102.0,0,0,0,0.312,0.353,0.544,0.897,52.0,2.26,0.2442528735632184,0.04597701149425287,0.29310344827586204,0.14942528735632185,0.3805309734513274,0.24522500000000003,0.035177170627174285,127.23009481088793,1.8982481765721213,0.294652673484853,0.03995439588894287,129.1456035171149,2.1494080452419175,0.7160625,0.09848702545203575,125.26839486776642,1.8371709285515838,77.7625,38.44517250979863,131.16862240797298,0.6304432629044002,39.90625,23.763191470590066,130.3054032889585,0.5089278523454029
606115,Orlando Arcia,7,46,45,20,7,0,7,42,19,0,42,2,173,0,0,7,196.0,70,72.0,0,2,0,0.243,0.321,0.405,0.726,26.0,1.02,0.21428571428571427,0.03571428571428571,0.21428571428571427,0.1326530612244898,0.2777777777777778,0.24522500000000003,0.035177170627174285,99.09266999694157,-0.06325124961247523,0.294652673484853,0.03995439588894287,94.27295347179576,-0.4223539195531988,0.7160625,0.09848702545203575,101.38779785284105,0.10090161576500858,77.7625,38.44517250979863,54.01060922681241,-0.9302208226763741,39.90625,23.763191470590066,65.15270164447925,-0.585201277244714
660670,Acuna Jr.,22,100,81,61,20,0,11,105,47,2,106,9,389,10,26,6,448.0,159,120.0,0,3,0,0.272,0.362,0.409,0.771,39.0,1.23,0.234375,0.024553571428571428,0.23660714285714285,0.08705357142857142,0.3442028985507246,0.24522500000000003,0.035177170627174285,110.91854419410745,0.7611470599433704,0.294652673484853,0.03995439588894287,116.8164858237469,1.2401695473910122,0.7160625,0.09848702545203575,107.67216548834773,0.5578145928141076,77.7625,38.44517250979863,136.3124899533837,0.7344875352764518,39.90625,23.763191470590066,97.72905246671887,-0.03813671244965552
518595,Travis d'Arnaud,3,90,76,54,19,1,17,77,17,0,88,10,331,11,39,9,358.0,160,123.0,0,0,0,0.266,0.321,0.483,0.804,54.0,1.18,0.21508379888268156,0.04748603351955307,0.24581005586592178,0.15083798882681565,0.29957805907172996,0.24522500000000003,0.035177170627174285,108.47181160159036,0.5905818924490575,0.294652673484853,0.03995439588894287,101.67159032654429,0.12327518605380818,0.7160625,0.09848702545203575,112.28070175438596,0.8928841093167802,77.7625,38.44517250979863,113.16508599903553,0.26628830960221955,39.90625,23.763191470590066,135.31714956930304,0.5930916315446427
687093,Vaughn Grissom,27,22,24,21,5,0,5,20,7,1,33,1,99,1,4,0,107.0,53,46.0,0,0,0,0.333,0.383,0.535,0.918,16.0,0.92,0.18691588785046728,0.04672897196261682,0.308411214953271,0.14953271028037382,0.3783783783783784,0.24522500000000003,0.035177170627174285,135.79365888469772,2.4952262628022166,0.294652673484853,0.03995439588894287,128.41505013455424,2.0955317438974457,0.7160625,0.09848702545203575,128.2010997643362,2.05039698450783,77.7625,38.44517250979863,42.436907249638324,-1.1643204355134902,39.90625,23.763191470590066,40.09397024275646,-1.0060201732409129
661388,William Contreras,23,71,44,41,11,1,17,81,31,1,72,0,267,5,30,5,299.0,136,115.0,0,1,1,0.27,0.344,0.509,0.853,38.0,1.61,0.2709030100334448,0.056856187290969896,0.2408026755852843,0.12709030100334448,0.3235294117647059,0.24522500000000003,0.035177170627174285,110.10296666326842,0.7042920041119327,0.294652673484853,0.03995439588894287,109.80026345538565,0.7227424576789643,0.7160625,0.09848702545203575,119.12367984638212,1.390411573214687,77.7625,38.44517250979863,92.5896158173927,-0.14988877988598692,39.90625,23.763191470590066,95.22317932654659,-0.0802186020492754
607043,Brandon Nimmo,130,147,132,84,27,6,13,97,55,0,134,15,504,2,0,9,580.0,212,151.0,3,3,0,0.266,0.354,0.421,0.775,50.0,1.11,0.16724137931034483,0.022413793103448276,0.23103448275862068,0.08620689655172414,0.3047858942065491,0.24522500000000003,0.035177170627174285,108.47181160159036,0.5905818924490575,0.294652673484853,0.03995439588894287,103.43903912421722,0.25361967053293366,0.7160625,0.09848702545203575,108.2307759448372,0.5984290796629164,77.7625,38.44517250979863,172.31956277125863,1.4627974418808132,39.90625,23.763191470590066,125.29365700861395,0.4247640731461632
596129,Daniel Vogelbach,5,59,58,29,10,1,12,67,40,1,54,0,237,0,0,8,278.0,102,95.0,0,1,0,0.228,0.338,0.43,0.768,34.0,1.02,0.24100719424460432,0.04316546762589928,0.19424460431654678,0.1223021582733813,0.2641509433962264,0.24522500000000003,0.035177170627174285,92.97583851564889,-0.48966416834825666,0.294652673484853,0.03995439588894287,89.64824254676427,-0.7634136222059054,0.7160625,0.09848702545203575,107.25320764598061,0.527353727677501,77.7625,38.44517250979863,69.44221186304452,-0.6180880055602193,39.90625,23.763191470590066,85.19968676585748,-0.24854616044775493
573131,Darin Ruf,3,63,63,46,9,0,11,85,40,0,58,5,268,0,2,8,314.0,100,104.0,0,1,0,0.216,0.328,0.373,0.701,38.0,1.00,0.27070063694267515,0.03503184713375796,0.18471337579617833,0.12101910828025478,0.27167630057803466,0.24522500000000003,0.035177170627174285,88.08237333061473,-0.8307945033368824,0.294652673484853,0.03995439588894287,92.20221807761759,-0.5750649558232198,0.7160625,0.09848702545203575,97.89648249978178,-0.1529389270400464,77.7625,38.44517250979863,74.58607940845523,-0.5140437331881675,39.90625,23.763191470590066,95.22317932654659,-0.0802186020492754
500871,Eduardo Escobar,6,76,141,45,22,3,15,106,31,2,95,1,412,2,0,3,450.0,168,220.0,0,6,0,0.231,0.282,0.408,0.69,50.0,0.54,0.23555555555555555,0.03333333333333333,0.2111111111111111,0.1111111111111111,0.26936026936026936,0.24522500000000003,0.035177170627174285,94.19920481190742,-0.4043815846011002,0.294652673484853,0.03995439588894287,91.41619730598377,-0.6330318244552205,0.7160625,0.09848702545203575,96.36030374443571,-0.26462876587427064,77.7625,38.44517250979863,122.16685420350426,0.44836578625330986,39.90625,23.763191470590066,125.29365700861395,0.4247640731461632
596019,Francisco Lindor,2,132,153,82,20,4,21,113,56,2,141,9,533,4,15,7,604.0,232,239.0,0,6,0,0.265,0.341,0.435,0.776,89.0,0.86,0.1870860927152318,0.0347682119205298,0.23344370860927152,0.14735099337748345,0.2962962962962963,0.24522500000000003,0.035177170627174285,108.06402283617085,0.5621543645333387,0.294652673484853,0.03995439588894287,100.55781703658214,0.04113747123124741,0.7160625,0.09848702545203575,108.37042855895957,0.6085827013751186,77.7625,38.44517250979863,181.3213309757274,1.6448749185319034,39.90625,23.763191470590066,223.02270947533282,2.0659577675313385
543510,James McCann,1,30,44,15,5,0,2,35,9,0,27,4,134,7,21,5,149.0,38,55.0,0,2,2,0.201,0.268,0.284,0.552,13.0,0.68,0.2348993288590604,0.013422818791946308,0.18120805369127516,0.087248322147651,0.25252525252525254,0.24522500000000003,0.035177170627174285,81.96554184932204,-1.257207422072664,0.294652673484853,0.03995439588894287,85.70268497435978,-1.0543876342592626,0.7160625,0.09848702545203575,77.08824299554857,-1.665828562158172,77.7625,38.44517250979863,34.72110593152226,-1.3203868440715676,39.90625,23.763191470590066,32.576350822239625,-1.1322658420397724
643446,Jeff McNeil,4,110,143,58,36,1,7,56,30,0,141,8,446,0,3,5,488.0,200,191.0,0,4,0,0.316,0.367,0.448,0.815,53.0,0.77,0.11475409836065574,0.014344262295081968,0.2889344262295082,0.10860655737704918,0.3462532299741602,0.24522500000000003,0.035177170627174285,128.861249872566,2.0119582882349967,0.294652673484853,0.03995439588894287,117.51233269972681,1.2914863393939415,0.7160625,0.09848702545203575,113.81688050973202,1.0045739481510032,77.7625,38.44517250979863,181.3213309757274,1.6448749185319034,39.90625,23.763191470590066,132.81127642913077,0.5510097419450228
592192,Mark Canha,3,104,103,60,22,0,11,76,42,1,105,18,386,1,2,3,448.0,160,177.0,0,2,0,0.272,0.368,0.415,0.783,52.0,1.01,0.16964285714285715,0.024553571428571428,0.234375,0.11607142857142858,0.3122923588039867,0.24522500000000003,0.035177170627174285,110.91854419410745,0.7611470599433704,0.294652673484853,0.03995439588894287,105.9866028400521,0.44149548320452403,0.7160625,0.09848702545203575,109.34799685781617,0.679658053360534,77.7625,38.44517250979863,135.02652306703104,0.7084764671834389,39.90625,23.763191470590066,130.3054032889585,0.5089278523454029
624413,Pete Alonso,26,114,158,76,24,0,33,115,55,14,138,10,517,1,3,16,590.0,261,245.0,0,8,0,0.267,0.344,0.505,0.849,108.0,0.72,0.19491525423728814,0.05593220338983051,0.23389830508474577,0.18305084745762712,0.27851458885941643,0.24522500000000003,0.035177170627174285,108.87960036700987,0.6190094203647764,0.294652673484853,0.03995439588894287,94.52301435633633,-0.40391261753259805,0.7160625,0.09848702545203575,118.56506938989264,1.3497970863658781,77.7625,38.44517250979863,177.46343031666933,1.5668417142528648,39.90625,23.763191470590066,270.6342991386061,2.8655136699241166
516782,Starling Marte,1,140,93,76,24,5,16,97,26,0,136,13,466,9,18,18,505.0,218,192.0,0,0,0,0.292,0.347,0.468,0.815,63.0,1.51,0.19207920792079208,0.031683168316831684,0.2693069306930693,0.12475247524752475,0.33994334277620397,0.24522500000000003,0.035177170627174285,119.0743195024977,1.3296976182577451,0.294652673484853,0.03995439588894287,115.37086657171606,1.1335591061679615,0.7160625,0.09848702545203575,113.81688050973202,1.0045739481510032,77.7625,38.44517250979863,174.891496543964,1.514819578066839,39.90625,23.763191470590066,157.87000783085355,0.9718286379412217
621512,Tomas Nido,83,78,52,23,12,0,0,69,13,0,54,1,239,11,46,9,267.0,66,129.0,12,2,2,0.226,0.267,0.276,0.543,21.0,1.50,0.25842696629213485,0.0,0.20224719101123595,0.07865168539325842,0.313953488372093,0.24522500000000003,0.035177170627174285,92.16026098480987,-0.5465192241796942,0.294652673484853,0.03995439588894287,106.55036136579707,0.4830711229094415,0.7160625,0.09848702545203575,75.83136946844724,-1.7572111575679918,77.7625,38.44517250979863,69.44221186304452,-0.6180880055602193,39.90625,23.763191470590066,52.62333594361785,-0.7956107252428134
664761,Alec Bohm,9,137,125,72,22,3,10,98,25,1,146,3,497,3,1,15,534.0,204,188.0,0,9,0,0.294,0.326,0.41,0.736,64.0,1.10,0.18352059925093633,0.018726591760299626,0.27340823970037453,0.1198501872659176,0.3417085427135678,0.24522500000000003,0.035177170627174285,119.88989703333672,1.3865526740891827,0.294652673484853,0.03995439588894287,115.96994477334472,1.1777394747629564,0.7160625,0.09848702545203575,102.78432399406476,0.2024378328870306,77.7625,38.44517250979863,187.75116540749076,1.774930258996968,39.90625,23.763191470590066,160.37588097102585,1.0139105275408415
547180,Bryce Harper,67,70,65,54,24,1,15,65,34,6,88,3,284,4,9,11,325.0,159,112.0,0,4,0,0.31,0.385,0.56,0.945,52.0,1.08,0.2,0.046153846153846156,0.27076923076923076,0.16,0.35096153846153844,0.24522500000000003,0.035177170627174285,126.41451728004891,1.8413931207406837,0.294652673484853,0.03995439588894287,119.1102508287881,1.409328403643028,0.7160625,0.09848702545203575,131.9717203456402,2.324544770737288,77.7625,38.44517250979863,113.16508599903553,0.26628830960221955,39.90625,23.763191470590066,130.3054032889585,0.5089278523454029
681082,Bryson Stott,60,93,106,46,15,2,9,68,28,0,83,1,350,3,8,3,379.0,129,164.0,0,0,0,0.237,0.296,0.369,0.665,41.0,0.88,0.17941952506596306,0.023746701846965697,0.21899736147757257,0.10817941952506596,0.27106227106227104,0.24522500000000003,0.035177170627174285,96.6459374044245,-0.2338164171067881,0.294652673484853,0.03995439588894287,91.99382712412597,-0.5904332151123947,0.7160625,0.09848702545203575,92.86898839137645,-0.5184693086793245,77.7625,38.44517250979863,106.73525156727214,0.13623296913715502,39.90625,23.763191470590066,102.74079874706344,0.04602706674958425
596117,Garrett Stubbs,4,24,17,19,4,1,5,23,11,0,26,0,89,6,17,2,101.0,47,30.0,1,0,0,0.292,0.37,0.528,0.898,16.0,1.41,0.22772277227722773,0.04950495049504951,0.25742574257425743,0.15841584158415842,0.3442622950819672,0.24522500000000003,0.035177170627174285,119.0743195024977,1.3296976182577451,0.294652673484853,0.03995439588894287,116.8366439748813,1.2416561555581758,0.7160625,0.09848702545203575,125.4080474818888,1.8473245502637858,77.7625,38.44517250979863,33.435139045169585,-1.3463979121645806,39.90625,23.763191470590066,40.09397024275646,-1.0060201732409129
592663,J.T. Realmuto,2,106,106,64,23,5,16,102,38,1,116,11,425,27,37,6,479.0,197,176.0,0,5,0,0.273,0.344,0.464,0.808,73.0,1.00,0.21294363256784968,0.033402922755741124,0.24217118997912318,0.1524008350730689,0.32051282051282054,0.24522500000000003,0.035177170627174285,111.32633295952697,0.7895745878590892,0.294652673484853,0.03995439588894287,108.77648477514896,0.6472415976416791,0.7160625,0.09848702545203575,112.83931221087545,0.9334985961655891,77.7625,38.44517250979863,149.17215881691047,0.9945982162065808,39.90625,23.763191470590066,182.92873923257636,1.3926475339374205
516416,Jean Segura,75,91,64,35,8,0,9,44,19,1,78,5,276,3,13,13,301.0,113,109.0,0,1,0,0.283,0.339,0.409,0.748,28.0,1.42,0.1461794019933555,0.029900332225913623,0.2591362126245847,0.09302325581395349,0.3080357142857143,0.24522500000000003,0.035177170627174285,115.40422061372206,1.0738498670162757,0.294652673484853,0.03995439588894287,104.54197161783065,0.3349579064606744,0.7160625,0.09848702545203575,104.46015536353322,0.324281293433457,77.7625,38.44517250979863,100.30541713550876,0.006177628672090491,39.90625,23.763191470590066,70.1644479248238,-0.5010374980454743
656941,Kyle Schwarber,15,95,121,82,19,2,36,177,66,3,105,3,496,1,6,10,567.0,236,169.0,0,2,0,0.212,0.307,0.476,0.783,78.0,0.79,0.31216931216931215,0.06349206349206349,0.18518518518518517,0.13756613756613756,0.24210526315789474,0.24522500000000003,0.035177170627174285,86.45121826893669,-0.9445046149997577,0.294652673484853,0.03995439588894287,82.16632155225989,-1.3151847039063969,0.7160625,0.09848702545203575,109.34799685781617,0.679658053360534,77.7625,38.44517250979863,135.02652306703104,0.7084764671834389,39.90625,23.763191470590066,195.45810493343774,1.60305698193552
663837,Matt Vierling,1,70,78,35,8,1,5,61,21,0,62,3,267,4,7,7,295.0,87,128.0,0,4,0,0.232,0.292,0.326,0.618,23.0,0.90,0.20677966101694914,0.01694915254237288,0.21016949152542372,0.07796610169491526,0.2780487804878049,0.24522500000000003,0.035177170627174285,94.60699357732693,-0.3759540566853814,0.294652673484853,0.03995439588894287,94.36492708493898,-0.4155711187124505,0.7160625,0.09848702545203575,86.30531552762503,-0.9956895291528279,77.7625,38.44517250979863,79.72994695386593,-0.409999460816116,39.90625,23.763191470590066,57.63508222396241,-0.7114469460435736
656555,Rhys Hoskins,4,103,140,73,27,2,27,141,65,0,129,5,511,1,2,9,584.0,241,173.0,0,2,1,0.252,0.341,0.472,0.813,67.0,0.74,0.24143835616438356,0.046232876712328765,0.2208904109589041,0.11472602739726027,0.2956521739130435,0.24522500000000003,0.035177170627174285,102.76276888571718,0.19259650162899408,0.294652673484853,0.03995439588894287,100.33921308650262,0.025016031551789154,0.7160625,0.09848702545203575,113.53757528148729,0.9842667047265989,77.7625,38.44517250979863,165.88972833949524,1.3327421014157486,39.90625,23.763191470590066,167.89350039154266,1.1401561963397011
541645,Avisail Garcia,10,99,62,29,8,0,7,102,14,0,78,4,339,0,4,12,359.0,107,155.0,0,2,0,0.23,0.267,0.316,0.583,31.0,1.60,0.2841225626740947,0.019498607242339833,0.21727019498607242,0.08635097493036212,0.30603448275862066,0.24522500000000003,0.035177170627174285,93.79141604648792,-0.43280911251681903,0.294652673484853,0.03995439588894287,103.8627883939267,0.2848700129368615,0.7160625,0.09848702545203575,81.41747403334205,-1.351066289079905,77.7625,38.44517250979863,100.30541713550876,0.006177628672090491,39.90625,23.763191470590066,77.68206734534064,-0.3747918292466146
605119,Brian Anderson,4,75,45,32,13,1,6,84,33,2,59,4,262,0,1,6,300.0,92,113.0,0,1,0,0.225,0.32,0.351,0.671,22.0,1.67,0.28,0.02,0.19666666666666666,0.07333333333333333,0.3063583815028902,0.24522500000000003,0.035177170627174285,91.75247221939034,-0.5749467520954131,0.294652673484853,0.03995439588894287,103.97271400241983,0.29297672402742164,0.7160625,0.09848702545203575,93.70690407611067,-0.4575475784061113,77.7625,38.44517250979863,75.8720462948079,-0.4880326650951547,39.90625,23.763191470590066,55.12920908379013,-0.7535288356431935
650559,La Cruz,4,66,61,24,11,0,7,72,16,0,52,1,249,0,3,5,268.0,84,114.0,0,2,0,0.209,0.257,0.337,0.594,21.0,1.08,0.26865671641791045,0.026119402985074626,0.19402985074626866,0.07835820895522388,0.2616279069767442,0.24522500000000003,0.035177170627174285,85.22785197267814,-1.029787198746914,0.294652673484853,0.03995439588894287,88.79196780483089,-0.8265615277954488,0.7160625,0.09848702545203575,82.95365278868813,-1.2393764502456808,77.7625,38.44517250979863,66.87027809033917,-0.6701101417462451,39.90625,23.763191470590066,52.62333594361785,-0.7956107252428134
643265,Garrett Cooper,45,94,77,32,27,2,8,105,37,0,96,8,367,0,0,5,417.0,151,123.0,0,5,0,0.262,0.338,0.411,0.749,45.0,1.22,0.2517985611510791,0.019184652278177457,0.2302158273381295,0.1079136690647482,0.33976833976833976,0.24522500000000003,0.035177170627174285,106.84065653991233,0.47687178078618225,0.294652673484853,0.03995439588894287,115.31147359021195,1.1291790372426134,0.7160625,0.09848702545203575,104.59980797765557,0.3344349151456592,77.7625,38.44517250979863,123.45282108985694,0.47437685434632276,39.90625,23.763191470590066,112.76429130775254,0.21435462514806378
668709,JJ Bleday,2,20,45,12,9,1,4,42,22,0,25,1,132,1,3,2,155.0,48,55.0,0,0,0,0.189,0.31,0.364,0.674,7.0,0.44,0.2709677419354839,0.025806451612903226,0.16129032258064516,0.04516129032258064,0.2441860465116279,0.24522500000000003,0.035177170627174285,77.07207666428789,-1.5983377570612896,0.294652673484853,0.03995439588894287,82.87250328450882,-1.26310574469708,0.7160625,0.09848702545203575,94.12586191847778,-0.4270867132695047,77.7625,38.44517250979863,32.14917215881691,-1.3724089802575934,39.90625,23.763191470590066,17.54111198120595,-1.3847571796374918
607732,Jacob Stallings,1,82,83,24,11,0,4,74,24,0,67,4,304,12,52,13,334.0,90,135.0,1,1,0,0.22,0.285,0.296,0.581,30.0,0.99,0.2215568862275449,0.011976047904191617,0.20059880239520958,0.08982035928143713,0.2775330396475771,0.24522500000000003,0.035177170627174285,89.71352839229279,-0.7170843916740072,0.294652673484853,0.03995439588894287,94.1898936008955,-0.42847935643581314,0.7160625,0.09848702545203575,81.13816880509731,-1.3713735325043093,77.7625,38.44517250979863,86.15978138562932,-0.27994412035105143,39.90625,23.763191470590066,75.17619420516837,-0.4168737188462345
621563,Joey Wendle,1,113,74,24,20,1,3,41,14,0,74,5,298,2,11,4,321.0,105,90.0,1,3,0,0.248,0.291,0.352,0.643,30.0,1.53,0.1277258566978193,0.009345794392523364,0.23052959501557632,0.09345794392523364,0.27626459143968873,0.24522500000000003,0.035177170627174285,101.13161382403915,0.07888638996611884,0.294652673484853,0.03995439588894287,93.75940430891438,-0.46022675693247256,0.7160625,0.09848702545203575,89.79663088068429,-0.7418489863477729,77.7625,38.44517250979863,95.16154959009805,-0.09786664369996112,39.90625,23.763191470590066,75.17619420516837,-0.4168737188462345
542932,Jon Berti,2,79,56,36,14,2,3,67,34,0,68,3,269,4,32,4,307.0,95,120.0,0,1,0,0.253,0.342,0.353,0.695,21.0,1.41,0.2182410423452769,0.009771986970684038,0.22149837133550487,0.06840390879478828,0.325,0.24522500000000003,0.035177170627174285,103.17055765113669,0.2210240295447129,0.294652673484853,0.03995439588894287,110.29935556200105,0.7595491269471408,0.7160625,0.09848702545203575,97.05856681504756,-0.21386065731325962,77.7625,38.44517250979863,87.445748271982,-0.2539330522580385,39.90625,23.763191470590066,52.62333594361785,-0.7956107252428134
650331,Lewin Diaz,2,27,27,8,4,0,2,30,9,0,17,1,100,0,1,2,111.0,27,35.0,0,1,0,0.17,0.243,0.27,0.513,6.0,1.00,0.2702702702702703,0.018018018018018018,0.15315315315315314,0.05405405405405406,0.21739130434782608,0.24522500000000003,0.035177170627174285,69.32409012131716,-2.1384607874599464,0.294652673484853,0.03995439588894287,73.77883315184016,-1.9337388895024827,0.7160625,0.09848702545203575,71.64179104477611,-2.061819808934058,77.7625,38.44517250979863,21.8614370679955,-1.5804975250016966,39.90625,23.763191470590066,15.035238841033674,-1.4268390692371116
663897,Luke Williams,2,20,25,18,4,1,1,36,8,1,24,0,105,4,11,1,113.0,33,50.0,0,0,0,0.229,0.283,0.314,0.597,3.0,0.80,0.3185840707964602,0.008849557522123894,0.21238938053097345,0.02654867256637168,0.3382352941176471,0.24522500000000003,0.035177170627174285,93.3836272810684,-0.4612366404325378,0.294652673484853,0.03995439588894287,114.79118452153956,1.0908091503607311,0.7160625,0.09848702545203575,83.37261063105524,-1.208915585109074,77.7625,38.44517250979863,30.863205272464235,-1.3984200483506064,39.90625,23.763191470590066,7.517619420516837,-1.5530847380359714
500743,Miguel Rojas,117,134,129,32,17,2,6,55,24,1,95,4,409,3,9,9,441.0,134,148.0,1,3,0,0.232,0.28,0.328,0.608,32.0,1.04,0.12471655328798185,0.013605442176870748,0.21541950113378686,0.07256235827664399,0.2535612535612536,0.24522500000000003,0.035177170627174285,94.60699357732693,-0.3759540566853814,0.294652673484853,0.03995439588894287,86.05428573322897,-1.028458045963629,0.7160625,0.09848702545203575,84.90878938640132,-1.0972257462748498,77.7625,38.44517250979863,122.16685420350426,0.44836578625330986,39.90625,23.763191470590066,80.18794048551293,-0.3327099396469947
663743,Nick Fortes,10,38,48,32,5,1,7,33,13,0,39,5,158,8,18,5,176.0,67,67.0,0,0,0,0.247,0.324,0.424,0.748,19.0,0.79,0.1875,0.03977272727272727,0.2215909090909091,0.10795454545454546,0.2711864406779661,0.24522500000000003,0.035177170627174285,100.72382505861964,0.050458862050400025,0.294652673484853,0.03995439588894287,92.03596813517689,-0.5873254315273243,0.7160625,0.09848702545203575,104.46015536353322,0.324281293433457,77.7625,38.44517250979863,50.15270856775438,-1.0082540269554128,39.90625,23.763191470590066,47.61158966327329,-0.8797745044420532
682928,CJ Abrams,2,41,32,16,5,0,2,27,4,0,29,6,125,2,1,4,139.0,40,60.0,2,2,0,0.232,0.285,0.32,0.605,11.0,1.28,0.19424460431654678,0.014388489208633094,0.20863309352517986,0.07913669064748201,0.2755102040816326,0.24522500000000003,0.035177170627174285,94.60699357732693,-0.3759540566853814,0.294652673484853,0.03995439588894287,93.50337834141375,-0.47910796740435657,0.7160625,0.09848702545203575,84.48983154403422,-1.1276866114114565,77.7625,38.44517250979863,37.29303970422762,-1.2683647078855418,39.90625,23.763191470590066,27.564604541895065,-1.2164296212390122
514917,Cesar Hernandez,3,145,141,61,27,4,1,102,41,0,129,7,512,4,9,9,565.0,167,170.0,3,2,0,0.252,0.315,0.326,0.641,32.0,1.03,0.18053097345132743,0.0017699115044247787,0.22831858407079647,0.05663716814159292,0.31143552311435524,0.24522500000000003,0.035177170627174285,102.76276888571718,0.19259650162899408,0.294652673484853,0.03995439588894287,105.69580768808635,0.420050141069628,0.7160625,0.09848702545203575,89.51732565243955,-0.7621562297721773,77.7625,38.44517250979863,165.88972833949524,1.3327421014157486,39.90625,23.763191470590066,80.18794048551293,-0.3327099396469947
545121,Ildemaro Vargas,24,27,36,10,6,0,3,13,4,0,32,2,106,1,2,2,114.0,47,40.0,1,1,0,0.302,0.336,0.443,0.779,13.0,0.75,0.11403508771929824,0.02631578947368421,0.2807017543859649,0.11403508771929824,0.31868131868131866,0.24522500000000003,0.035177170627174285,123.15220715669281,1.6139728974149332,0.294652673484853,0.03995439588894287,108.1549048621481,0.6014017897618974,0.7160625,0.09848702545203575,108.7893864013267,0.6390435665117252,77.7625,38.44517250979863,41.15094036328564,-1.1903315036065032,39.90625,23.763191470590066,32.576350822239625,-1.1322658420397724
608841,Joey Meneses,19,37,25,21,8,0,7,31,5,0,43,1,135,0,0,10,142.0,72,65.0,0,1,0,0.319,0.345,0.533,0.878,18.0,1.48,0.21830985915492956,0.04929577464788732,0.3028169014084507,0.1267605633802817,0.3673469387755102,0.24522500000000003,0.035177170627174285,130.08461616882454,2.097240871982153,0.294652673484853,0.03995439588894287,124.67117112188501,1.8194309705674936,0.7160625,0.09848702545203575,122.6149951994414,1.6442521160197419,77.7625,38.44517250979863,55.29657611316509,-0.9042097545833612,39.90625,23.763191470590066,45.105716523101016,-0.9218563940416731
657041,Lane Thomas,1,94,111,52,22,2,15,110,31,0,103,4,414,3,6,8,453.0,174,181.0,0,4,0,0.249,0.305,0.42,0.725,47.0,0.85,0.24282560706401765,0.033112582781456956,0.22737306843267108,0.10375275938189846,0.3003412969283277,0.24522500000000003,0.035177170627174285,101.53940258945863,0.10731391788183765,0.294652673484853,0.03995439588894287,101.93061999953892,0.14237791153911405,0.7160625,0.09848702545203575,101.24814523871868,0.0907479940528064,77.7625,38.44517250979863,132.45458929432567,0.6564543309974131,39.90625,23.763191470590066,117.7760375880971,0.29851840434730353
671277,Luis Garcia,59,89,54,23,17,2,6,64,5,0,83,1,286,4,2,4,296.0,122,129.0,1,3,0,0.29,0.302,0.427,0.729,34.0,1.65,0.21621621621621623,0.02027027027027027,0.28040540540540543,0.11486486486486487,0.3515981735159817,0.24522500000000003,0.035177170627174285,118.25874197165867,1.2728425624263073,0.294652673484853,0.03995439588894287,119.32631370950585,1.4252624464505546,0.7160625,0.09848702545203575,101.80675569520817,0.1313624809016152,77.7625,38.44517250979863,106.73525156727214,0.13623296913715502,39.90625,23.763191470590066,85.19968676585748,-0.24854616044775493
572228,Luke Voit,69,52,73,38,18,0,13,110,39,1,67,3,298,1,1,5,344.0,124,133.0,0,4,0,0.225,0.317,0.416,0.733,48.0,0.71,0.31976744186046513,0.0377906976744186,0.19476744186046513,0.13953488372093023,0.3016759776536313,0.24522500000000003,0.035177170627174285,91.75247221939034,-0.5749467520954131,0.294652673484853,0.03995439588894287,102.3835874576374,0.17578301492281936,0.7160625,0.09848702545203575,102.36536615169764,0.17197696775042398,77.7625,38.44517250979863,86.15978138562932,-0.27994412035105143,39.90625,23.763191470590066,120.2819107282694,0.3406002939469234
443558,Nelson Cruz,120,133,88,50,16,0,10,115,49,1,104,4,437,0,4,16,495.0,150,196.0,0,3,2,0.238,0.318,0.343,0.661,64.0,1.51,0.23232323232323232,0.020202020202020204,0.2101010101010101,0.1292929292929293,0.2984126984126984,0.24522500000000003,0.035177170627174285,97.053726169844,-0.2053888891910693,0.294652673484853,0.03995439588894287,101.276087158272,0.09410791589232734,0.7160625,0.09848702545203575,92.31037793488697,-0.5590837955281333,77.7625,38.44517250979863,133.74055618067834,0.682465399090426,39.90625,23.763191470590066,160.37588097102585,1.0139105275408415
656180,Riley Adams,1,23,26,9,2,0,3,30,9,0,18,1,97,4,16,1,107.0,29,40.0,0,0,0,0.186,0.262,0.299,0.561,6.0,0.88,0.2803738317757009,0.028037383177570093,0.16822429906542055,0.056074766355140186,0.234375,0.24522500000000003,0.035177170627174285,75.84871036802934,-1.683620340808446,0.294652673484853,0.03995439588894287,79.54280449182768,-1.5086618667042466,0.7160625,0.09848702545203575,78.34511652264992,-1.5744459667483521,77.7625,38.44517250979863,23.147403954348174,-1.5544864569086838,39.90625,23.763191470590066,15.035238841033674,-1.4268390692371116
645302,Victor Robles,2,78,88,40,9,2,4,87,17,0,70,9,312,2,14,3,349.0,95,124.0,10,1,0,0.224,0.283,0.304,0.587,28.0,0.89,0.2492836676217765,0.011461318051575931,0.20057306590257878,0.08022922636103152,0.2972972972972973,0.24522500000000003,0.035177170627174285,91.34468345397083,-0.6033742800111319,0.294652673484853,0.03995439588894287,100.89753939143546,0.06619105992229943,0.7160625,0.09848702545203575,81.97608448983154,-1.310451802231096,77.7625,38.44517250979863,90.01768204468735,-0.20191091607201275,39.90625,23.763191470590066,70.1644479248238,-0.5010374980454743
405395,Albert Pujols,55,63,81,29,11,0,16,42,22,1,63,8,244,2,1,12,279.0,122,128.0,0,5,0,0.258,0.333,0.5,0.833,43.0,0.78,0.15053763440860216,0.05734767025089606,0.22580645161290322,0.15412186379928317,0.24607329842931938,0.24522500000000003,0.035177170627174285,105.20950147823427,0.363161669123307,0.294652673484853,0.03995439588894287,83.51300380852274,-1.215870593828142,0.7160625,0.09848702545203575,116.33062756393471,1.187339138970643,77.7625,38.44517250979863,81.01591384021862,-0.3839883927231031,39.90625,23.763191470590066,107.75254502740799,0.13019084594882402
668800,Andrew Knizner,1,55,63,24,8,0,2,49,25,0,47,6,213,7,19,8,245.0,61,98.0,1,0,3,0.221,0.32,0.286,0.606,22.0,0.87,0.2,0.00816326530612245,0.19183673469387755,0.08979591836734693,0.2777777777777778,0.24522500000000003,0.035177170627174285,90.1213171577123,-0.6886568637582884,0.294652673484853,0.03995439588894287,94.27295347179576,-0.4223539195531988,0.7160625,0.09848702545203575,84.62948415815657,-1.1175329896992543,77.7625,38.44517250979863,60.440443658575795,-0.8001654822113096,39.90625,23.763191470590066,55.12920908379013,-0.7535288356431935
680977,Brendan Donovan,16,101,70,48,18,1,3,60,46,1,94,10,322,3,2,7,381.0,123,107.0,1,2,0,0.292,0.395,0.382,0.777,38.0,1.44,0.15748031496062992,0.007874015748031496,0.24671916010498687,0.09973753280839895,0.3486590038314176,0.24522500000000003,0.035177170627174285,119.0743195024977,1.3296976182577451,0.294652673484853,0.03995439588894287,118.32881056459881,1.3516993348286495,0.7160625,0.09848702545203575,108.51008117308196,0.6187363230873208,77.7625,38.44517250979863,120.88088731715159,0.42235471816029696,39.90625,23.763191470590066,95.22317932654659,-0.0802186020492754
572816,Corey Dickerson,18,57,62,24,14,1,5,35,9,1,62,1,214,0,0,2,226.0,93,89.0,0,2,0,0.29,0.319,0.435,0.754,29.0,0.92,0.15486725663716813,0.022123893805309734,0.2743362831858407,0.12831858407079647,0.32386363636363635,0.24522500000000003,0.035177170627174285,118.25874197165867,1.2728425624263073,0.294652673484853,0.03995439588894287,109.91369347961641,0.7311076097853675,0.7160625,0.09848702545203575,105.29807104826743,0.3852030237066702,77.7625,38.44517250979863,79.72994695386593,-0.409999460816116,39.90625,23.763191470590066,72.67032106499607,-0.45895560844585437
663457,Lars Nootbaar,5,64,62,43,10,3,11,59,40,0,51,1,231,0,4,2,277.0,100,83.0,0,5,0,0.221,0.332,0.433,0.765,35.0,1.03,0.21299638989169675,0.039711191335740074,0.18411552346570398,0.1263537906137184,0.24096385542168675,0.24522500000000003,0.035177170627174285,90.1213171577123,-0.6886568637582884,0.294652673484853,0.03995439588894287,81.7789475899915,-1.343752467498184,0.7160625,0.09848702545203575,106.83424980361352,0.4968928625408944,77.7625,38.44517250979863,65.58431120398649,-0.696121209839258,39.90625,23.763191470590066,87.70555990602976,-0.20646427084813504
571448,Nolan Arenado,14,89,192,67,37,1,28,67,44,3,147,6,491,3,4,14,545.0,270,219.0,0,4,0,0.299,0.361,0.55,0.911,90.0,0.46,0.12293577981651377,0.05137614678899083,0.26972477064220185,0.1651376146788991,0.2975,0.24522500000000003,0.035177170627174285,121.92884086043428,1.5286903136677767,0.294652673484853,0.03995439588894287,100.96633316829326,0.07126441163223654,0.7160625,0.09848702545203575,127.22353146547962,1.9793216325224146,77.7625,38.44517250979863,189.03713229384343,1.8009413270899808,39.90625,23.763191470590066,225.5285826155051,2.1080396571309583
669357,Nolan Gorman,16,38,72,44,12,0,14,98,25,0,63,2,271,0,1,2,298.0,117,128.0,0,0,0,0.232,0.302,0.432,0.734,35.0,0.53,0.3288590604026846,0.04697986577181208,0.21140939597315436,0.1174496644295302,0.3081761006289308,0.24522500000000003,0.035177170627174285,94.60699357732693,-0.3759540566853814,0.294652673484853,0.03995439588894287,104.58961630455832,0.3384715709797606,0.7160625,0.09848702545203575,102.50501876582001,0.1821305894626262,77.7625,38.44517250979863,81.01591384021862,-0.3839883927231031,39.90625,23.763191470590066,87.70555990602976,-0.20646427084813504
657557,Paul DeJong,56,30,50,16,8,0,6,62,19,0,26,4,166,2,3,2,191.0,52,76.0,0,2,0,0.157,0.257,0.313,0.57,24.0,0.60,0.32460732984293195,0.031413612565445025,0.13612565445026178,0.1256544502617801,0.2,0.24522500000000003,0.035177170627174285,64.02283617086348,-2.5080186503642907,0.294652673484853,0.03995439588894287,67.87652649969296,-2.3690177608478757,0.7160625,0.09848702545203575,79.60199004975124,-1.4830633713385335,77.7625,38.44517250979863,33.435139045169585,-1.3463979121645806,39.90625,23.763191470590066,60.1409553641347,-0.6693650564439537
502671,Paul Goldschmidt,19,102,114,100,36,0,35,120,72,1,162,4,495,0,6,6,576.0,303,186.0,0,3,2,0.327,0.415,0.612,1.027,109.0,0.89,0.20833333333333334,0.06076388888888889,0.28125,0.1892361111111111,0.37026239067055394,0.24522500000000003,0.035177170627174285,133.34692629218063,2.3246610953079037,0.294652673484853,0.03995439588894287,125.66062486094758,1.8924004606618379,0.7160625,0.09848702545203575,143.4232347036746,3.1571417511378677,77.7625,38.44517250979863,208.32663558913356,2.1911073484851746,39.90625,23.763191470590066,273.1401722787784,2.9075955595237364
669242,Tommy Edman,2,150,133,87,28,4,13,96,40,2,137,5,514,3,27,9,561.0,212,173.0,1,1,0,0.267,0.325,0.412,0.737,54.0,1.13,0.1711229946524064,0.023172905525846704,0.24420677361853832,0.0962566844919786,0.3054187192118227,0.24522500000000003,0.035177170627174285,108.87960036700987,0.6190094203647764,0.294652673484853,0.03995439588894287,103.6538089404178,0.26945835339107427,0.7160625,0.09848702545203575,102.92397660818713,0.2125914545992328,77.7625,38.44517250979863,176.17746343031666,1.5408306461598518,39.90625,23.763191470590066,135.31714956930304,0.5930916315446427
641933,Tyler O'Neill,1,73,83,51,9,1,13,96,35,0,72,4,317,4,12,9,363.0,122,142.0,0,7,0,0.227,0.306,0.385,0.691,57.0,0.88,0.2644628099173554,0.03581267217630854,0.19834710743801653,0.15702479338842976,0.2744186046511628,0.24522500000000003,0.035177170627174285,92.56804975022938,-0.5180916962639754,0.294652673484853,0.03995439588894287,93.13290845306707,-0.506429102067587,0.7160625,0.09848702545203575,96.49995635855807,-0.2544751441620684,77.7625,38.44517250979863,92.5896158173927,-0.14988877988598692,39.90625,23.763191470590066,142.83476898981988,0.7193373003435024
425877,Yadier Molina,1,57,82,17,8,0,4,34,5,0,50,1,223,10,14,7,229.0,70,89.0,0,0,0,0.224,0.245,0.314,0.559,19.0,0.70,0.14847161572052403,0.017467248908296942,0.2183406113537118,0.08296943231441048,0.24864864864864866,0.24522500000000003,0.035177170627174285,91.34468345397083,-0.6033742800111319,0.294652673484853,0.03995439588894287,84.38703294556421,-1.1514133504627884,0.7160625,0.09848702545203575,78.06581129440518,-1.5947532101727566,77.7625,38.44517250979863,64.29834431763382,-0.7221322779322709,39.90625,23.763191470590066,47.61158966327329,-0.8797745044420532
457705,Andrew McCutchen,68,117,131,61,21,0,15,100,44,0,111,3,455,6,8,9,506.0,177,197.0,0,4,0,0.244,0.312,0.389,0.701,60.0,0.89,0.1976284584980237,0.029644268774703556,0.21936758893280633,0.11857707509881422,0.27906976744186046,0.24522500000000003,0.035177170627174285,99.50045876236109,-0.03482372169675641,0.294652673484853,0.03995439588894287,94.71143232515296,-0.3900173108938192,0.7160625,0.09848702545203575,97.89648249978178,-0.1529389270400464,77.7625,38.44517250979863,142.74232438514707,0.8645428757415163,39.90625,23.763191470590066,150.35238841033674,0.8455829691423621
592885,Christian Yelich,31,151,80,87,21,4,12,136,74,5,126,4,490,2,16,9,571.0,191,165.0,1,2,0,0.257,0.358,0.39,0.748,48.0,1.89,0.2381786339754816,0.021015761821366025,0.22066549912434325,0.0840630472854641,0.3313953488372093,0.24522500000000003,0.035177170627174285,104.80171271281475,0.33473414120758815,0.294652673484853,0.03995439588894287,112.46982588611911,0.9196153398110711,0.7160625,0.09848702545203575,104.46015536353322,0.324281293433457,77.7625,38.44517250979863,162.03182768043723,1.25470889713671,39.90625,23.763191470590066,120.2819107282694,0.3406002939469234
592669,Hunter Renfroe,7,81,113,49,18,1,25,101,33,1,99,4,390,1,1,9,431.0,194,172.0,1,3,0,0.254,0.316,0.497,0.813,62.0,0.72,0.23433874709976799,0.058004640371229696,0.2296983758700696,0.14385150812064965,0.27715355805243447,0.24522500000000003,0.035177170627174285,103.57834641655622,0.2494515574604317,0.294652673484853,0.03995439588894287,94.06110413815128,-0.43797722486053975,0.7160625,0.09848702545203575,113.53757528148729,0.9842667047265989,77.7625,38.44517250979863,127.31072174891496,0.5524100586253615,39.90625,23.763191470590066,155.36413469068128,0.9297467483416018
669374,Keston Hiura,22,29,31,31,4,1,14,96,20,0,48,7,203,1,5,3,231.0,96,92.0,0,1,0,0.236,0.325,0.473,0.798,30.0,0.94,0.4155844155844156,0.06060606060606061,0.2077922077922078,0.12987012987012986,0.3617021276595745,0.24522500000000003,0.035177170627174285,96.23814863900499,-0.2622439450225069,0.294652673484853,0.03995439588894287,122.75542026540214,1.6781496174061035,0.7160625,0.09848702545203575,111.44278606965175,0.831962379043567,77.7625,38.44517250979863,61.72641054492847,-0.7741544141182967,39.90625,23.763191470590066,75.17619420516837,-0.4168737188462345
543939,Kolten Wong,1,105,102,56,21,4,11,74,36,1,90,13,364,4,14,5,420.0,152,136.0,2,5,0,0.247,0.333,0.418,0.751,37.0,1.03,0.1761904761904762,0.02619047619047619,0.21428571428571427,0.0880952380952381,0.27816901408450706,0.24522500000000003,0.035177170627174285,100.72382505861964,0.050458862050400025,0.294652673484853,0.03995439588894287,94.40573227950252,-0.41256184791690753,0.7160625,0.09848702545203575,104.87911320590031,0.3547421585700636,77.7625,38.44517250979863,115.73701977174086,0.31831044578824536,39.90625,23.763191470590066,92.71730618637432,-0.12230049164889528
649966,Luis Urias,23,80,112,48,12,1,15,91,48,0,80,9,358,2,1,6,420.0,139,153.0,0,5,0,0.223,0.326,0.388,0.714,43.0,0.71,0.21666666666666667,0.03571428571428571,0.19047619047619047,0.10238095238095238,0.2529182879377432,0.24522500000000003,0.035177170627174285,90.93689468855132,-0.6318018079268507,0.294652673484853,0.03995439588894287,85.83607436731599,-1.0445505336412702,0.7160625,0.09848702545203575,99.7119664833726,-0.020941844781417814,77.7625,38.44517250979863,102.87735090821411,0.0581997648581163,39.90625,23.763191470590066,107.75254502740799,0.13019084594882402
553882,Omar Narvaez,1,52,72,19,11,1,4,49,26,1,48,3,220,9,31,3,250.0,73,89.0,0,1,3,0.218,0.308,0.332,0.64,21.0,0.72,0.196,0.016,0.192,0.084,0.2619047619047619,0.24522500000000003,0.035177170627174285,88.89795086145375,-0.7739394475054447,0.294652673484853,0.03995439588894287,88.88592755912173,-0.8196322545112962,0.7160625,0.09848702545203575,89.37767303831718,-0.7723098514843795,77.7625,38.44517250979863,61.72641054492847,-0.7741544141182967,39.90625,23.763191470590066,52.62333594361785,-0.7956107252428134
642133,Rowdy Tellez,8,122,126,54,22,0,28,103,54,9,102,5,452,1,2,18,512.0,208,181.0,0,1,0,0.226,0.314,0.46,0.774,76.0,0.97,0.201171875,0.0546875,0.19921875,0.1484375,0.22981366459627328,0.24522500000000003,0.035177170627174285,92.16026098480987,-0.5465192241796942,0.294652673484853,0.03995439588894287,77.99476647480246,-1.6228254099700588,0.7160625,0.09848702545203575,108.09112333071485,0.5882754579507142,77.7625,38.44517250979863,131.16862240797298,0.6304432629044002,39.90625,23.763191470590066,190.44635865309317,1.5188932027362803
621438,Tyrone Taylor,1,74,87,40,16,2,16,91,19,0,72,6,322,2,3,10,349.0,140,137.0,0,2,0,0.224,0.278,0.435,0.713,46.0,0.85,0.2607449856733524,0.045845272206303724,0.20630372492836677,0.1318051575931232,0.25806451612903225,0.24522500000000003,0.035177170627174285,91.34468345397083,-0.6033742800111319,0.294652673484853,0.03995439588894287,87.58261483831348,-0.9157479807108363,0.7160625,0.09848702545203575,99.57231386925022,-0.03109546649362001,77.7625,38.44517250979863,92.5896158173927,-0.14988877988598692,39.90625,23.763191470590066,115.27016444792481,0.25643651474768364
642715,Willy Adames,2,92,139,71,25,0,26,137,39,0,108,1,472,2,5,10,516.0,211,212.0,0,4,0,0.229,0.287,0.447,0.734,79.0,0.66,0.2655038759689923,0.050387596899224806,0.20930232558139536,0.15310077519379844,0.26198083067092653,0.24522500000000003,0.035177170627174285,93.3836272810684,-0.4612366404325378,0.294652673484853,0.03995439588894287,88.91174397723358,-0.8177283647271518,0.7160625,0.09848702545203575,102.50501876582001,0.1821305894626262,77.7625,38.44517250979863,138.88442372608904,0.7865096714624776,39.90625,23.763191470590066,197.96397807361,1.6451388715351398
663845,Alfonso Rivas,2,46,35,22,5,1,3,73,24,1,48,2,200,1,4,1,228.0,64,79.0,0,2,0,0.24,0.325,0.32,0.645,24.0,1.31,0.3201754385964912,0.013157894736842105,0.21052631578947367,0.10526315789473684,0.35714285714285715,0.24522500000000003,0.035177170627174285,97.86930370068303,-0.14853383335963166,0.294652673484853,0.03995439588894287,121.208083035166,1.564037755237288,0.7160625,0.09848702545203575,90.07593610892903,-0.7215417429233685,77.7625,38.44517250979863,61.72641054492847,-0.7741544141182967,39.90625,23.763191470590066,60.1409553641347,-0.6693650564439537
666624,Christopher Morel,2,80,56,49,16,4,13,113,29,0,80,3,325,6,9,5,361.0,143,135.0,2,2,0,0.246,0.312,0.44,0.752,38.0,1.43,0.31301939058171746,0.036011080332409975,0.22160664819944598,0.10526315789473684,0.3333333333333333,0.24522500000000003,0.035177170627174285,100.31603629320011,0.022031334134681214,0.294652673484853,0.03995439588894287,113.12754416615492,0.9681202528001412,0.7160625,0.09848702545203575,105.0187658200227,0.3648957802822658,77.7625,38.44517250979863,102.87735090821411,0.0581997648581163,39.90625,23.763191470590066,95.22317932654659,-0.0802186020492754
614177,Franmil Reyes,12,53,52,24,9,0,9,104,14,0,56,1,263,0,2,8,280.0,92,122.0,0,2,0,0.213,0.254,0.35,0.604,28.0,1.02,0.37142857142857144,0.03214285714285714,0.2,0.1,0.3092105263157895,0.24522500000000003,0.035177170627174285,86.8590070343562,-0.9160770870840389,0.294652673484853,0.03995439588894287,104.94068241728844,0.3643617305940863,0.7160625,0.09848702545203575,84.35017892991183,-1.1378402331236588,77.7625,38.44517250979863,72.01414563574988,-0.5660658693741933,39.90625,23.763191470590066,70.1644479248238,-0.5010374980454743
664023,Ian Happ,10,129,100,63,36,2,16,130,50,3,133,6,489,4,7,10,548.0,221,228.0,0,3,0,0.272,0.345,0.452,0.797,64.0,1.29,0.23722627737226276,0.029197080291970802,0.2427007299270073,0.11678832116788321,0.33815028901734107,0.24522500000000003,0.035177170627174285,110.91854419410745,0.7611470599433704,0.294652673484853,0.03995439588894287,114.76233526682189,1.0886815972238424,0.7160625,0.09848702545203575,111.30313345552938,0.8218087573313648,77.7625,38.44517250979863,171.03359588490596,1.4367863737878002,39.90625,23.763191470590066,160.37588097102585,1.0139105275408415
676369,Nelson Velazquez,6,33,35,18,5,1,6,49,15,0,30,1,147,1,4,5,163.0,55,69.0,0,0,0,0.204,0.282,0.374,0.656,19.0,0.94,0.3006134969325153,0.03680981595092025,0.18404907975460122,0.1165644171779141,0.2608695652173913,0.24522500000000003,0.035177170627174285,83.18890814558057,-1.171924838325508,0.294652673484853,0.03995439588894287,88.53459978220819,-0.8455417111389987,0.7160625,0.09848702545203575,91.61211486427511,-0.6098519040891442,77.7625,38.44517250979863,38.57900659058029,-1.242353639792529,39.90625,23.763191470590066,47.61158966327329,-0.8797745044420532
663611,Nick Madrigal,59,90,42,19,7,0,0,27,14,0,52,3,209,1,3,6,228.0,59,75.0,2,0,0,0.249,0.305,0.282,0.587,7.0,2.14,0.11842105263157894,0.0,0.22807017543859648,0.03070175438596491,0.2857142857142857,0.24522500000000003,0.035177170627174285,101.53940258945863,0.10731391788183765,0.294652673484853,0.03995439588894287,96.96646642813278,-0.2237147520741508,0.7160625,0.09848702545203575,81.97608448983154,-1.310451802231096,77.7625,38.44517250979863,66.87027809033917,-0.6701101417462451,39.90625,23.763191470590066,17.54111198120595,-1.3847571796374918
663538,Nico Hoerner,122,131,131,50,20,5,9,51,26,3,126,6,438,2,18,10,471.0,183,157.0,0,1,0,0.288,0.335,0.418,0.753,49.0,1.00,0.10828025477707007,0.01910828025477707,0.267515923566879,0.1040339702760085,0.3087071240105541,0.24522500000000003,0.035177170627174285,117.44316444081963,1.2159875065948698,0.294652673484853,0.03995439588894287,104.76983641773188,0.3517623083268936,0.7160625,0.09848702545203575,105.15841843414506,0.375049401994468,77.7625,38.44517250979863,162.03182768043723,1.25470889713671,39.90625,23.763191470590066,122.78778386844166,0.3826821835465433
664731,P.J. Higgins,1,37,41,18,7,1,6,48,14,0,36,2,158,2,11,1,178.0,63,66.0,3,1,0,0.228,0.297,0.399,0.696,24.0,0.90,0.2696629213483146,0.033707865168539325,0.20224719101123595,0.1348314606741573,0.2857142857142857,0.24522500000000003,0.035177170627174285,92.97583851564889,-0.48966416834825666,0.294652673484853,0.03995439588894287,96.96646642813278,-0.2237147520741508,0.7160625,0.09848702545203575,97.19821942916992,-0.2037070356010574,77.7625,38.44517250979863,46.29480790869635,-1.0862872312344514,39.90625,23.763191470590066,60.1409553641347,-0.6693650564439537
542364,Rafael Ortega,21,69,101,33,14,1,6,73,44,2,70,2,305,7,11,9,360.0,104,137.0,1,7,1,0.23,0.324,0.341,0.665,32.0,0.68,0.20277777777777778,0.016666666666666666,0.19444444444444445,0.08888888888888889,0.27467811158798283,0.24522500000000003,0.035177170627174285,93.79141604648792,-0.43280911251681903,0.294652673484853,0.03995439588894287,93.22098060043666,-0.4999340235900808,0.7160625,0.09848702545203575,92.86898839137645,-0.5184693086793245,77.7625,38.44517250979863,90.01768204468735,-0.20191091607201275,39.90625,23.763191470590066,80.18794048551293,-0.3327099396469947
673548,Seiya Suzuki,1,72,93,46,22,1,12,98,37,3,93,3,353,4,8,8,396.0,153,138.0,0,3,0,0.263,0.336,0.433,0.769,44.0,0.77,0.2474747474747475,0.030303030303030304,0.23484848484848486,0.1111111111111111,0.32926829268292684,0.24522500000000003,0.035177170627174285,107.24844530533184,0.5052993087019011,0.294652673484853,0.03995439588894287,111.7479399690067,0.866378240188922,0.7160625,0.09848702545203575,107.39286026010299,0.5375073493897032,77.7625,38.44517250979863,119.59492043079891,0.39634365006728406,39.90625,23.763191470590066,110.25841816758026,0.17227273554844388
543228,Yan Gomes,9,77,67,20,8,0,7,35,8,0,54,2,229,13,27,13,243.0,83,114.0,1,3,2,0.236,0.264,0.362,0.626,22.0,1.15,0.1440329218106996,0.02880658436213992,0.2222222222222222,0.09053497942386832,0.24736842105263157,0.24522500000000003,0.035177170627174285,96.23814863900499,-0.2622439450225069,0.294652673484853,0.03995439588894287,83.95254593383075,-1.183455571788712,0.7160625,0.09848702545203575,87.42253644060399,-0.9144605554552103,77.7625,38.44517250979863,69.44221186304452,-0.6180880055602193,39.90625,23.763191470590066,55.12920908379013,-0.7535288356431935
664670,Alejo Lopez,5,26,27,11,4,1,0,13,7,1,29,2,95,1,3,1,104.0,35,38.0,0,0,0,0.305,0.365,0.368,0.733,5.0,0.96,0.125,0.0,0.27884615384615385,0.04807692307692308,0.35365853658536583,0.24522500000000003,0.035177170627174285,124.37557345295136,1.6992554811620897,0.294652673484853,0.03995439588894287,120.02556515189606,1.4768303158562415,0.7160625,0.09848702545203575,102.36536615169764,0.17197696775042398,77.7625,38.44517250979863,37.29303970422762,-1.2683647078855418,39.90625,23.763191470590066,12.529365700861394,-1.4689209588367316
606157,Aristides Aquino,1,34,39,19,9,0,7,76,11,0,39,0,188,3,2,0,199.0,69,97.0,0,0,0,0.207,0.251,0.367,0.618,25.0,0.87,0.38190954773869346,0.035175879396984924,0.19597989949748743,0.12562814070351758,0.3047619047619048,0.24522500000000003,0.035177170627174285,84.41227444183912,-1.0866422545783518,0.294652673484853,0.03995439588894287,103.43089752334164,0.2530192498755671,0.7160625,0.09848702545203575,86.30531552762503,-0.9956895291528279,77.7625,38.44517250979863,50.15270856775438,-1.0082540269554128,39.90625,23.763191470590066,62.646828504306974,-0.6272831668443339
456781,Donovan Solano,25,60,47,21,12,0,3,46,15,1,66,4,217,0,0,4,238.0,87,98.0,0,2,0,0.304,0.357,0.401,0.758,23.0,1.28,0.19327731092436976,0.012605042016806723,0.2773109243697479,0.09663865546218488,0.37058823529411766,0.24522500000000003,0.035177170627174285,123.96778468753185,1.6708279532463708,0.294652673484853,0.03995439588894287,125.77121086707812,1.9005558742606177,0.7160625,0.09848702545203575,105.8566815047569,0.425817510555479,77.7625,38.44517250979863,84.87381449927665,-0.30595518844406433,39.90625,23.763191470590066,57.63508222396241,-0.7114469460435736
641584,Jake Fraley,8,40,38,29,7,0,10,36,20,1,39,2,152,1,3,0,175.0,76,48.0,0,1,0,0.257,0.349,0.5,0.849,23.0,1.05,0.2057142857142857,0.05714285714285714,0.22285714285714286,0.13142857142857142,0.27102803738317754,0.24522500000000003,0.035177170627174285,104.80171271281475,0.33473414120758815,0.294652673484853,0.03995439588894287,91.98220880799511,-0.5912900339512692,0.7160625,0.09848702545203575,118.56506938989264,1.3497970863658781,77.7625,38.44517250979863,50.15270856775438,-1.0082540269554128,39.90625,23.763191470590066,57.63508222396241,-0.7114469460435736
663697,Jonathan India,9,65,88,43,14,2,10,73,21,1,83,11,309,4,2,5,341.0,131,88.0,0,0,0,0.269,0.337,0.424,0.761,35.0,0.74,0.21407624633431085,0.02932551319648094,0.2434017595307918,0.10263929618768329,0.3230088495575221,0.24522500000000003,0.035177170627174285,109.69517789784891,0.6758644761962139,0.294652673484853,0.03995439588894287,109.62359368313241,0.7097135482035032,0.7160625,0.09848702545203575,106.27563934712403,0.4562783756920856,77.7625,38.44517250979863,106.73525156727214,0.13623296913715502,39.90625,23.763191470590066,87.70555990602976,-0.20646427084813504
676480,Jose Barrero,31,17,26,8,1,0,2,51,5,0,18,0,112,1,2,2,117.0,25,68.0,0,0,0,0.161,0.197,0.223,0.42,9.0,0.65,0.4358974358974359,0.017094017094017096,0.15384615384615385,0.07692307692307693,0.2711864406779661,0.24522500000000003,0.035177170627174285,65.65399123254154,-2.3943085387014156,0.294652673484853,0.03995439588894287,92.03596813517689,-0.5873254315273243,0.7160625,0.09848702545203575,58.65409793139564,-3.0061066281688618,77.7625,38.44517250979863,23.147403954348174,-1.5544864569086838,39.90625,23.763191470590066,22.552858261550508,-1.300593400438252
571657,Kyle Farmer,4,124,119,53,23,1,10,82,28,0,117,14,436,3,4,16,484.0,172,164.0,2,4,0,0.268,0.33,0.394,0.724,64.0,1.04,0.16942148760330578,0.02066115702479339,0.24173553719008264,0.1322314049586777,0.3074712643678161,0.24522500000000003,0.035177170627174285,109.2873891324294,0.6474369482804951,0.294652673484853,0.03995439588894287,104.35040711878084,0.3208305518770344,0.7160625,0.09848702545203575,101.10849262459631,0.0805943723406042,77.7625,38.44517250979863,150.45812570326314,1.0206092842995937,39.90625,23.763191470590066,160.37588097102585,1.0139105275408415
669222,Nick Senzel,4,92,99,42,12,0,4,71,27,0,80,5,339,4,8,7,383.0,104,125.0,2,1,9,0.236,0.301,0.307,0.608,24.0,0.93,0.185378590078329,0.010443864229765013,0.20887728459530025,0.06266318537859007,0.28679245283018867,0.24522500000000003,0.035177170627174285,96.23814863900499,-0.2622439450225069,0.294652673484853,0.03995439588894287,97.33237762220121,-0.1967298085675629,0.7160625,0.09848702545203575,84.90878938640132,-1.0972257462748498,77.7625,38.44517250979863,102.87735090821411,0.0581997648581163,39.90625,23.763191470590066,60.1409553641347,-0.6693650564439537
670770,TJ Friedl,1,37,54,27,6,5,6,26,9,0,43,5,156,0,6,3,174.0,77,51.0,0,4,0,0.276,0.328,0.494,0.822,20.0,0.69,0.14942528735632185,0.034482758620689655,0.2471264367816092,0.11494252873563218,0.2890625,0.24522500000000003,0.035177170627174285,112.54969925578551,0.8748571716062457,0.294652673484853,0.03995439588894287,98.10279220658747,-0.13991385329392675,0.7160625,0.09848702545203575,114.79444880858863,1.0756493001364187,77.7625,38.44517250979863,55.29657611316509,-0.9042097545833612,39.90625,23.763191470590066,50.11746280344558,-0.8376926148424333
592325,Ben Gamel,17,82,83,39,18,2,8,85,39,1,77,3,326,1,5,3,369.0,123,117.0,0,1,0,0.236,0.322,0.377,0.699,41.0,0.99,0.23035230352303523,0.02168021680216802,0.2086720867208672,0.1111111111111111,0.2948717948717949,0.24522500000000003,0.035177170627174285,96.23814863900499,-0.2622439450225069,0.294652673484853,0.03995439588894287,100.07436599313704,0.005484287324752086,0.7160625,0.09848702545203575,97.61717727153703,-0.17324617046445082,77.7625,38.44517250979863,99.01945024915608,-0.019833439420922413,39.90625,23.763191470590066,102.74079874706344,0.04602706674958425
668804,Bryan Reynolds,13,115,105,59,15,4,21,116,47,4,115,8,449,3,6,10,506.0,201,164.0,0,2,0,0.256,0.336,0.448,0.784,50.0,1.10,0.22924901185770752,0.041501976284584984,0.22727272727272727,0.09881422924901186,0.29936305732484075,0.24522500000000003,0.035177170627174285,104.39392394739524,0.30630661329186937,0.294652673484853,0.03995439588894287,101.59862246769326,0.11789400728472284,0.7160625,0.09848702545203575,109.48764947193854,0.6898116750727362,77.7625,38.44517250979863,147.8861919305578,0.9685871481135679,39.90625,23.763191470590066,125.29365700861395,0.4247640731461632
668751,Cal Mitchell,6,48,35,14,6,0,4,40,10,0,35,0,156,0,1,3,168.0,53,64.0,1,1,0,0.224,0.269,0.34,0.609,14.0,1.37,0.23809523809523808,0.023809523809523808,0.20833333333333334,0.08333333333333333,0.2743362831858407,0.24522500000000003,0.035177170627174285,91.34468345397083,-0.6033742800111319,0.294652673484853,0.03995439588894287,93.10496997745491,-0.508489487752079,0.7160625,0.09848702545203575,85.04844200052369,-1.0870721245626478,77.7625,38.44517250979863,45.008841022343674,-1.1122982993274644,39.90625,23.763191470590066,35.0822239624119,-1.0901839524401526
656185,Greg Allen,1,27,20,13,4,0,1,30,9,0,18,2,93,1,7,2,106.0,25,45.0,2,0,0,0.194,0.279,0.269,0.548,6.0,1.35,0.2830188679245283,0.009433962264150943,0.16981132075471697,0.05660377358490566,0.27419354838709675,0.24522500000000003,0.035177170627174285,79.11102049138546,-1.4562001174826955,0.294652673484853,0.03995439588894287,93.05652826570807,-0.5120619306727701,0.7160625,0.09848702545203575,76.5296325390591,-1.7064430490069808,77.7625,38.44517250979863,23.147403954348174,-1.5544864569086838,39.90625,23.763191470590066,15.035238841033674,-1.4268390692371116
669261,Jack Suwinski,1,56,61,34,9,0,14,86,27,1,51,4,254,2,2,5,285.0,102,112.0,0,0,0,0.201,0.288,0.402,0.69,25.0,0.92,0.3017543859649123,0.04912280701754386,0.17894736842105263,0.08771929824561403,0.24025974025974026,0.24522500000000003,0.035177170627174285,81.96554184932204,-1.257207422072664,0.294652673484853,0.03995439588894287,81.53998313274802,-1.3613754385450656,0.7160625,0.09848702545203575,96.36030374443571,-0.26462876587427064,77.7625,38.44517250979863,65.58431120398649,-0.696121209839258,39.90625,23.763191470590066,62.646828504306974,-0.6272831668443339
641511,Jason Delay,41,22,25,13,3,0,1,39,7,0,26,2,112,5,27,2,121.0,32,30.0,0,0,1,0.232,0.289,0.286,0.575,7.0,0.88,0.32231404958677684,0.008264462809917356,0.21487603305785125,0.05785123966942149,0.3472222222222222,0.24522500000000003,0.035177170627174285,94.60699357732693,-0.3759540566853814,0.294652673484853,0.03995439588894287,117.84119183974471,1.3157387958884765,0.7160625,0.09848702545203575,80.30025312036308,-1.4322952627775225,77.7625,38.44517250979863,33.435139045169585,-1.3463979121645806,39.90625,23.763191470590066,17.54111198120595,-1.3847571796374918
663647,Ke'Bryan Hayes,2,115,105,45,20,3,6,108,41,0,105,3,432,5,15,9,477.0,149,162.0,0,1,0,0.243,0.312,0.345,0.657,36.0,1.10,0.22641509433962265,0.012578616352201259,0.22012578616352202,0.07547169811320754,0.3103448275862069,0.24522500000000003,0.035177170627174285,99.09266999694157,-0.06325124961247523,0.294652673484853,0.03995439588894287,105.32564456848905,0.3927516297573802,0.7160625,0.09848702545203575,91.75176747839748,-0.5996982823769421,77.7625,38.44517250979863,135.02652306703104,0.7084764671834389,39.90625,23.763191470590066,90.21143304620203,-0.16438238124851517
621028,Kevin Newman,1,65,63,28,16,2,1,44,12,0,64,2,235,2,5,5,250.0,87,76.0,0,1,0,0.272,0.312,0.37,0.682,18.0,1.03,0.176,0.004,0.256,0.072,0.3298429319371728,0.24522500000000003,0.035177170627174285,110.91854419410745,0.7611470599433704,0.294652673484853,0.03995439588894287,111.94296255184963,0.8807606189350107,0.7160625,0.09848702545203575,95.24308283145675,-0.3458577395718871,77.7625,38.44517250979863,82.30188072657128,-0.3579773246300902,39.90625,23.763191470590066,45.105716523101016,-0.9218563940416731
656308,Michael Chavis,5,74,88,35,14,3,14,114,14,1,85,2,357,1,1,3,377.0,147,163.0,0,4,0,0.238,0.268,0.412,0.68,45.0,0.84,0.30238726790450926,0.03713527851458886,0.22546419098143236,0.11936339522546419,0.30472103004291845,0.24522500000000003,0.035177170627174285,97.053726169844,-0.2053888891910693,0.294652673484853,0.03995439588894287,103.41702535360943,0.25199621553661844,0.7160625,0.09848702545203575,94.96377760321201,-0.3661649829962915,77.7625,38.44517250979863,109.3071853399775,0.18825510532318082,39.90625,23.763191470590066,112.76429130775254,0.21435462514806378
665833,Oneil Cruz,4,54,39,30,9,4,13,96,16,1,55,0,243,4,6,2,260.0,111,96.0,0,1,0,0.226,0.273,0.457,0.73,42.0,1.38,0.36923076923076925,0.05,0.21153846153846154,0.16153846153846155,0.3111111111111111,0.24522500000000003,0.035177170627174285,92.16026098480987,-0.5465192241796942,0.294652673484853,0.03995439588894287,105.58570788841126,0.4119305838588055,0.7160625,0.09848702545203575,101.94640830933052,0.1415161026138174,77.7625,38.44517250979863,70.7281787493972,-0.5920769374672064,39.90625,23.763191470590066,105.2466718872357,0.08810895634920413
666801,Rodolfo Castro,1,43,31,13,4,3,6,51,13,0,38,2,163,3,4,4,178.0,66,58.0,0,0,0,0.233,0.298,0.405,0.703,12.0,1.39,0.28651685393258425,0.033707865168539325,0.21348314606741572,0.06741573033707865,0.3018867924528302,0.24522500000000003,0.035177170627174285,95.01478234274646,-0.34752652876966256,0.294652673484853,0.03995439588894287,102.45513433915916,0.1810594005246655,0.7160625,0.09848702545203575,98.17578772802652,-0.132631683615642,77.7625,38.44517250979863,48.866741681401706,-1.0342650950484256,39.90625,23.763191470590066,30.07047768206735,-1.1743477316393924
672779,Tucupita Marcano,1,44,45,18,6,2,2,44,10,0,32,1,159,1,2,1,176.0,48,60.0,5,1,0,0.201,0.251,0.302,0.553,13.0,0.98,0.25,0.011363636363636364,0.18181818181818182,0.07386363636363637,0.2631578947368421,0.24522500000000003,0.035177170627174285,81.96554184932204,-1.257207422072664,0.294652673484853,0.03995439588894287,89.31121907854335,-0.7882681754356575,0.7160625,0.09848702545203575,77.22789560967095,-1.6556749404459699,77.7625,38.44517250979863,41.15094036328564,-1.1903315036065032,39.90625,23.763191470590066,32.576350822239625,-1.1322658420397724
